path,label,split
nCT/nCT2.jpg,nCT,train
nCT/nCT3.jpg,nCT,train
nCT/nCT4.jpg,nCT,train
nCT/nCT8.jpg,nCT,train
nCT/nCT9.jpg,nCT,train
nCT/nCT15.jpg,nCT,train
nCT/nCT26.jpg,nCT,train
nCT/nCT31.jpg,nCT,train
nCT/nCT41.jpg,nCT,train
nCT/nCT43.jpg,nCT,train
nCT/nCT44.jpg,nCT,train
nCT/nCT48.jpg,nCT,train
nCT/nCT49.jpg,nCT,train
nCT/nCT55.jpg,nCT,train
nCT/nCT65.jpg,nCT,train
nCT/nCT77.jpg,nCT,train
nCT/nCT78.jpg,nCT,train
nCT/nCT80.jpg,nCT,train
nCT/nCT81.jpg,nCT,train
nCT/nCT85.jpg,nCT,train
nCT/nCT86.jpg,nCT,train
nCT/nCT92.jpg,nCT,train
nCT/nCT102.jpg,nCT,train
nCT/nCT114.jpg,nCT,train
nCT/nCT115.jpg,nCT,train
nCT/nCT117.jpg,nCT,train
nCT/nCT118.jpg,nCT,train
nCT/nCT122.jpg,nCT,train
nCT/nCT123.jpg,nCT,train
nCT/nCT129.jpg,nCT,train
nCT/nCT139.jpg,nCT,train
nCT/nCT151.jpg,nCT,train
nCT/nCT152.jpg,nCT,train
nCT/nCT154.jpg,nCT,train
nCT/nCT155.jpg,nCT,train
nCT/nCT159.jpg,nCT,train
nCT/nCT160.jpg,nCT,train
nCT/nCT166.jpg,nCT,train
nCT/nCT175.jpg,nCT,train
nCT/nCT187.jpg,nCT,train
nCT/nCT188.jpg,nCT,train
nCT/nCT190.jpg,nCT,train
nCT/nCT191.jpg,nCT,train
nCT/nCT195.jpg,nCT,train
nCT/nCT201.jpg,nCT,train
nCT/nCT211.jpg,nCT,train
nCT/nCT223.jpg,nCT,train
nCT/nCT224.jpg,nCT,train
nCT/nCT226.jpg,nCT,train
nCT/nCT227.jpg,nCT,train
nCT/nCT231.jpg,nCT,train
nCT/nCT232.jpg,nCT,train
nCT/nCT238.jpg,nCT,train
nCT/nCT248.jpg,nCT,train
nCT/nCT260.jpg,nCT,train
nCT/nCT261.jpg,nCT,train
nCT/nCT263.jpg,nCT,train
nCT/nCT264.jpg,nCT,train
nCT/nCT268.jpg,nCT,train
nCT/nCT269.jpg,nCT,train
nCT/nCT275.jpg,nCT,train
nCT/nCT285.jpg,nCT,train
nCT/nCT297.jpg,nCT,train
nCT/nCT298.jpg,nCT,train
nCT/nCT300.jpg,nCT,train
nCT/nCT304.jpg,nCT,train
nCT/nCT310.jpg,nCT,train
nCT/nCT320.jpg,nCT,train
nCT/nCT332.jpg,nCT,train
nCT/nCT333.jpg,nCT,train
nCT/nCT335.jpg,nCT,train
nCT/nCT339.jpg,nCT,train
nCT/nCT345.jpg,nCT,train
nCT/nCT355.jpg,nCT,train
nCT/nCT367.jpg,nCT,train
nCT/nCT368.jpg,nCT,train
nCT/nCT370.jpg,nCT,train
nCT/nCT374.jpg,nCT,train
nCT/nCT375.jpg,nCT,train
nCT/nCT381.jpg,nCT,train
nCT/nCT391.jpg,nCT,train
nCT/nCT403.jpg,nCT,train
nCT/nCT404.jpg,nCT,train
nCT/nCT406.jpg,nCT,train
nCT/nCT410.jpg,nCT,train
nCT/nCT411.jpg,nCT,train
nCT/nCT417.jpg,nCT,train
nCT/nCT426.jpg,nCT,train
nCT/nCT438.jpg,nCT,train
nCT/nCT439.jpg,nCT,train
nCT/nCT441.jpg,nCT,train
nCT/nCT445.jpg,nCT,train
nCT/nCT451.jpg,nCT,train
nCT/nCT460.jpg,nCT,train
nCT/nCT472.jpg,nCT,train
nCT/nCT473.jpg,nCT,train
nCT/nCT475.jpg,nCT,train
nCT/nCT479.jpg,nCT,train
nCT/nCT480.jpg,nCT,train
nCT/nCT486.jpg,nCT,train
nCT/nCT494.jpg,nCT,train
nCT/nCT506.jpg,nCT,train
nCT/nCT507.jpg,nCT,train
nCT/nCT509.jpg,nCT,train
nCT/nCT518.jpg,nCT,train
nCT/nCT537.jpg,nCT,train
nCT/nCT538.jpg,nCT,train
nCT/nCT540.jpg,nCT,train
nCT/nCT544.jpg,nCT,train
nCT/nCT550.jpg,nCT,train
nCT/nCT560.jpg,nCT,train
nCT/nCT570.jpg,nCT,train
nCT/nCT575.jpg,nCT,train
nCT/nCT581.jpg,nCT,train
nCT/nCT591.jpg,nCT,train
nCT/nCT603.jpg,nCT,train
nCT/nCT605.jpg,nCT,train
nCT/nCT609.jpg,nCT,train
nCT/nCT610.jpg,nCT,train
nCT/nCT616.jpg,nCT,train
nCT/nCT625.jpg,nCT,train
nCT/nCT637.jpg,nCT,train
nCT/nCT638.jpg,nCT,train
nCT/nCT640.jpg,nCT,train
nCT/nCT644.jpg,nCT,train
nCT/nCT650.jpg,nCT,train
nCT/nCT659.jpg,nCT,train
nCT/nCT671.jpg,nCT,train
nCT/nCT673.jpg,nCT,train
nCT/nCT677.jpg,nCT,train
nCT/nCT683.jpg,nCT,train
nCT/nCT692.jpg,nCT,train
nCT/nCT703.jpg,nCT,train
nCT/nCT704.jpg,nCT,train
nCT/nCT706.jpg,nCT,train
nCT/nCT710.jpg,nCT,train
nCT/nCT711.jpg,nCT,train
nCT/nCT717.jpg,nCT,train
nCT/nCT727.jpg,nCT,train
nCT/nCT739.jpg,nCT,train
nCT/nCT740.jpg,nCT,train
nCT/nCT742.jpg,nCT,train
nCT/nCT746.jpg,nCT,train
nCT/nCT747.jpg,nCT,train
nCT/nCT753.jpg,nCT,train
nCT/nCT763.jpg,nCT,train
nCT/nCT774.jpg,nCT,train
nCT/nCT775.jpg,nCT,train
nCT/nCT777.jpg,nCT,train
nCT/nCT781.jpg,nCT,train
nCT/nCT782.jpg,nCT,train
nCT/nCT787.jpg,nCT,train
nCT/nCT793.jpg,nCT,train
nCT/nCT805.jpg,nCT,train
nCT/nCT806.jpg,nCT,train
nCT/nCT808.jpg,nCT,train
nCT/nCT812.jpg,nCT,train
nCT/nCT817.jpg,nCT,train
nCT/nCT823.jpg,nCT,train
nCT/nCT836.jpg,nCT,train
nCT/nCT837.jpg,nCT,train
nCT/nCT839.jpg,nCT,train
nCT/nCT843.jpg,nCT,train
nCT/nCT848.jpg,nCT,train
nCT/nCT854.jpg,nCT,train
nCT/nCT866.jpg,nCT,train
nCT/nCT867.jpg,nCT,train
nCT/nCT869.jpg,nCT,train
nCT/nCT873.jpg,nCT,train
nCT/nCT878.jpg,nCT,train
nCT/nCT884.jpg,nCT,train
nCT/nCT896.jpg,nCT,train
nCT/nCT897.jpg,nCT,train
nCT/nCT899.jpg,nCT,train
nCT/nCT903.jpg,nCT,train
nCT/nCT908.jpg,nCT,train
nCT/nCT914.jpg,nCT,train
nCT/nCT926.jpg,nCT,train
nCT/nCT927.jpg,nCT,train
nCT/nCT929.jpg,nCT,train
nCT/nCT933.jpg,nCT,train
nCT/nCT937.jpg,nCT,train
nCT/nCT944.jpg,nCT,train
nCT/nCT955.jpg,nCT,train
nCT/nCT956.jpg,nCT,train
nCT/nCT961.jpg,nCT,train
nCT/nCT962.jpg,nCT,train
nCT/nCT966.jpg,nCT,train
nCT/nCT973.jpg,nCT,train
nCT/nCT984.jpg,nCT,train
nCT/nCT985.jpg,nCT,train
nCT/nCT986.jpg,nCT,train
nCT/nCT991.jpg,nCT,train
nCT/nCT1000.jpg,nCT,train
nCT/nCT1011.jpg,nCT,train
nCT/nCT1012.jpg,nCT,train
nCT/nCT1013.jpg,nCT,train
nCT/nCT1014.jpg,nCT,train
nCT/nCT1019.jpg,nCT,train
nCT/nCT1028.jpg,nCT,train
nCT/nCT1038.jpg,nCT,train
nCT/nCT1039.jpg,nCT,train
nCT/nCT1040.jpg,nCT,train
nCT/nCT1041.jpg,nCT,train
nCT/nCT1046.jpg,nCT,train
nCT/nCT1055.jpg,nCT,train
nCT/nCT1066.jpg,nCT,train
nCT/nCT1067.jpg,nCT,train
nCT/nCT1068.jpg,nCT,train
nCT/nCT1069.jpg,nCT,train
nCT/nCT1074.jpg,nCT,train
nCT/nCT1083.jpg,nCT,train
nCT/nCT1094.jpg,nCT,train
nCT/nCT1095.jpg,nCT,train
nCT/nCT1096.jpg,nCT,train
nCT/nCT1097.jpg,nCT,train
nCT/nCT1101.jpg,nCT,train
nCT/nCT1110.jpg,nCT,train
nCT/nCT1120.jpg,nCT,train
nCT/nCT1121.jpg,nCT,train
nCT/nCT1122.jpg,nCT,train
nCT/nCT1123.jpg,nCT,train
nCT/nCT1128.jpg,nCT,train
nCT/nCT1137.jpg,nCT,train
nCT/nCT1147.jpg,nCT,train
nCT/nCT1148.jpg,nCT,train
nCT/nCT1149.jpg,nCT,train
nCT/nCT1150.jpg,nCT,train
nCT/nCT1155.jpg,nCT,train
nCT/nCT1163.jpg,nCT,train
nCT/nCT1172.jpg,nCT,train
nCT/nCT1173.jpg,nCT,train
nCT/nCT1174.jpg,nCT,train
nCT/nCT1175.jpg,nCT,train
nCT/nCT1180.jpg,nCT,train
nCT/nCT1189.jpg,nCT,train
nCT/nCT1198.jpg,nCT,train
nCT/nCT1199.jpg,nCT,train
nCT/nCT1200.jpg,nCT,train
nCT/nCT1201.jpg,nCT,train
nCT/nCT1214.jpg,nCT,train
nCT/nCT1222.jpg,nCT,train
nCT/nCT1223.jpg,nCT,train
nCT/nCT1224.jpg,nCT,train
nCT/nCT1225.jpg,nCT,train
nCT/nCT1230.jpg,nCT,train
nCT/nCT1239.jpg,nCT,train
nCT/nCT1246.jpg,nCT,train
nCT/nCT1247.jpg,nCT,train
nCT/nCT1248.jpg,nCT,train
nCT/nCT1249.jpg,nCT,train
nCT/nCT1254.jpg,nCT,train
nCT/nCT1263.jpg,nCT,train
nCT/nCT1272.jpg,nCT,train
nCT/nCT1273.jpg,nCT,train
nCT/nCT1274.jpg,nCT,train
nCT/nCT1279.jpg,nCT,train
nCT/nCT1287.jpg,nCT,train
nCT/nCT1296.jpg,nCT,train
nCT/nCT1297.jpg,nCT,train
nCT/nCT1298.jpg,nCT,train
nCT/nCT1303.jpg,nCT,train
nCT/nCT1312.jpg,nCT,train
nCT/nCT1321.jpg,nCT,train
nCT/nCT1322.jpg,nCT,train
nCT/nCT1323.jpg,nCT,train
nCT/nCT1328.jpg,nCT,train
nCT/nCT1337.jpg,nCT,train
nCT/nCT1344.jpg,nCT,train
nCT/nCT1345.jpg,nCT,train
nCT/nCT1346.jpg,nCT,train
nCT/nCT1351.jpg,nCT,train
nCT/nCT1352.jpg,nCT,train
nCT/nCT1369.jpg,nCT,train
nCT/nCT1370.jpg,nCT,train
nCT/nCT1371.jpg,nCT,train
nCT/nCT1376.jpg,nCT,train
nCT/nCT1392.jpg,nCT,train
nCT/nCT1393.jpg,nCT,train
nCT/nCT1394.jpg,nCT,train
nCT/nCT1399.jpg,nCT,train
nCT/nCT1400.jpg,nCT,train
nCT/nCT1416.jpg,nCT,train
nCT/nCT1417.jpg,nCT,train
nCT/nCT1418.jpg,nCT,train
nCT/nCT1422.jpg,nCT,train
nCT/nCT1423.jpg,nCT,train
nCT/nCT1439.jpg,nCT,train
nCT/nCT1440.jpg,nCT,train
nCT/nCT1441.jpg,nCT,train
nCT/nCT1442.jpg,nCT,train
nCT/nCT1445.jpg,nCT,train
nCT/nCT1446.jpg,nCT,train
nCT/nCT1463.jpg,nCT,train
nCT/nCT1464.jpg,nCT,train
nCT/nCT1465.jpg,nCT,train
nCT/nCT1466.jpg,nCT,train
nCT/nCT1469.jpg,nCT,train
nCT/nCT1470.jpg,nCT,train
nCT/nCT1487.jpg,nCT,train
nCT/nCT1488.jpg,nCT,train
nCT/nCT1489.jpg,nCT,train
nCT/nCT1490.jpg,nCT,train
nCT/nCT1492.jpg,nCT,train
nCT/nCT1509.jpg,nCT,train
nCT/nCT1510.jpg,nCT,train
nCT/nCT1511.jpg,nCT,train
nCT/nCT1514.jpg,nCT,train
nCT/nCT1530.jpg,nCT,train
nCT/nCT1531.jpg,nCT,train
nCT/nCT1532.jpg,nCT,train
nCT/nCT1534.jpg,nCT,train
nCT/nCT1551.jpg,nCT,train
nCT/nCT1552.jpg,nCT,train
nCT/nCT1553.jpg,nCT,train
nCT/nCT1554.jpg,nCT,train
nCT/nCT1555.jpg,nCT,train
nCT/nCT1557.jpg,nCT,train
nCT/nCT1574.jpg,nCT,train
nCT/nCT1575.jpg,nCT,train
nCT/nCT1576.jpg,nCT,train
nCT/nCT1577.jpg,nCT,train
nCT/nCT1578.jpg,nCT,train
nCT/nCT1580.jpg,nCT,train
nCT/nCT1596.jpg,nCT,train
nCT/nCT1597.jpg,nCT,train
nCT/nCT1598.jpg,nCT,train
nCT/nCT1599.jpg,nCT,train
nCT/nCT1600.jpg,nCT,train
nCT/nCT1602.jpg,nCT,train
nCT/nCT1618.jpg,nCT,train
nCT/nCT1619.jpg,nCT,train
nCT/nCT1620.jpg,nCT,train
nCT/nCT1621.jpg,nCT,train
nCT/nCT1623.jpg,nCT,train
nCT/nCT1640.jpg,nCT,train
nCT/nCT1641.jpg,nCT,train
nCT/nCT1642.jpg,nCT,train
nCT/nCT1643.jpg,nCT,train
nCT/nCT1644.jpg,nCT,train
nCT/nCT1646.jpg,nCT,train
nCT/nCT1662.jpg,nCT,train
nCT/nCT1663.jpg,nCT,train
nCT/nCT1664.jpg,nCT,train
nCT/nCT1665.jpg,nCT,train
nCT/nCT1666.jpg,nCT,train
nCT/nCT1683.jpg,nCT,train
nCT/nCT1684.jpg,nCT,train
nCT/nCT1685.jpg,nCT,train
nCT/nCT1687.jpg,nCT,train
nCT/nCT1702.jpg,nCT,train
nCT/nCT1703.jpg,nCT,train
nCT/nCT1720.jpg,nCT,train
nCT/nCT1721.jpg,nCT,train
nCT/nCT1722.jpg,nCT,train
nCT/nCT1724.jpg,nCT,train
nCT/nCT1740.jpg,nCT,train
nCT/nCT1741.jpg,nCT,train
nCT/nCT1742.jpg,nCT,train
nCT/nCT1743.jpg,nCT,train
nCT/nCT1745.jpg,nCT,train
nCT/nCT1761.jpg,nCT,train
nCT/nCT1762.jpg,nCT,train
nCT/nCT1779.jpg,nCT,train
nCT/nCT1780.jpg,nCT,train
nCT/nCT1781.jpg,nCT,train
nCT/nCT1782.jpg,nCT,train
nCT/nCT1783.jpg,nCT,train
nCT/nCT1798.jpg,nCT,train
nCT/nCT1799.jpg,nCT,train
nCT/nCT1813.jpg,nCT,train
nCT/nCT1814.jpg,nCT,train
nCT/nCT1815.jpg,nCT,train
nCT/nCT1830.jpg,nCT,train
nCT/nCT1831.jpg,nCT,train
nCT/nCT1832.jpg,nCT,train
nCT/nCT1833.jpg,nCT,train
nCT/nCT1848.jpg,nCT,train
nCT/nCT1849.jpg,nCT,train
nCT/nCT1864.jpg,nCT,train
nCT/nCT1865.jpg,nCT,train
nCT/nCT1866.jpg,nCT,train
nCT/nCT1881.jpg,nCT,train
nCT/nCT1882.jpg,nCT,train
nCT/nCT1883.jpg,nCT,train
nCT/nCT1884.jpg,nCT,train
nCT/nCT1899.jpg,nCT,train
nCT/nCT1900.jpg,nCT,train
nCT/nCT1901.jpg,nCT,train
nCT/nCT1902.jpg,nCT,train
nCT/nCT1916.jpg,nCT,train
nCT/nCT1917.jpg,nCT,train
nCT/nCT1918.jpg,nCT,train
nCT/nCT1919.jpg,nCT,train
nCT/nCT1933.jpg,nCT,train
nCT/nCT1934.jpg,nCT,train
nCT/nCT1935.jpg,nCT,train
nCT/nCT1948.jpg,nCT,train
nCT/nCT1949.jpg,nCT,train
nCT/nCT1950.jpg,nCT,train
nCT/nCT1964.jpg,nCT,train
nCT/nCT1965.jpg,nCT,train
nCT/nCT1978.jpg,nCT,train
nCT/nCT1988.jpg,nCT,train
nCT/nCT2000.jpg,nCT,train
nCT/nCT2013.jpg,nCT,train
nCT/nCT2027.jpg,nCT,train
nCT/nCT2041.jpg,nCT,train
nCT/nCT2055.jpg,nCT,train
nCT/nCT2069.jpg,nCT,train
nCT/nCT2083.jpg,nCT,train
nCT/nCT2096.jpg,nCT,train
nCT/nCT2109.jpg,nCT,train
nCT/nCT2118.jpg,nCT,train
nCT/nCT2714.jpg,nCT,train
nCT/nCT2715.jpg,nCT,train
nCT/nCT2716.jpg,nCT,train
nCT/nCT2719.jpg,nCT,train
nCT/nCT2723.jpg,nCT,train
nCT/nCT2724.jpg,nCT,train
nCT/nCT2725.jpg,nCT,train
nCT/nCT2726.jpg,nCT,train
nCT/nCT2727.jpg,nCT,train
nCT/nCT2728.jpg,nCT,train
nCT/nCT2730.jpg,nCT,train
nCT/nCT2734.jpg,nCT,train
nCT/nCT2739.jpg,nCT,train
nCT/nCT2740.jpg,nCT,train
nCT/nCT2741.jpg,nCT,train
nCT/nCT2757.jpg,nCT,train
nCT/nCT2763.jpg,nCT,train
nCT/nCT2765.jpg,nCT,train
nCT/nCT2766.jpg,nCT,train
nCT/nCT2767.jpg,nCT,train
nCT/nCT2769.jpg,nCT,train
nCT/nCT2774.jpg,nCT,train
nCT/nCT2775.jpg,nCT,train
nCT/nCT2776.jpg,nCT,train
nCT/nCT2777.jpg,nCT,train
nCT/nCT2778.jpg,nCT,train
nCT/nCT2780.jpg,nCT,train
nCT/nCT2785.jpg,nCT,train
nCT/nCT2786.jpg,nCT,train
nCT/nCT2791.jpg,nCT,train
nCT/nCT2793.jpg,nCT,train
nCT/nCT2794.jpg,nCT,train
nCT/nCT2805.jpg,nCT,train
nCT/nCT2812.jpg,nCT,train
nCT/nCT2815.jpg,nCT,train
nCT/nCT2816.jpg,nCT,train
nCT/nCT2820.jpg,nCT,train
nCT/nCT2821.jpg,nCT,train
nCT/nCT2822.jpg,nCT,train
nCT/nCT2824.jpg,nCT,train
nCT/nCT2827.jpg,nCT,train
nCT/nCT2828.jpg,nCT,train
nCT/nCT2830.jpg,nCT,train
nCT/nCT2831.jpg,nCT,train
nCT/nCT2832.jpg,nCT,train
nCT/nCT2833.jpg,nCT,train
nCT/nCT2834.jpg,nCT,train
nCT/nCT2839.jpg,nCT,train
nCT/nCT2840.jpg,nCT,train
nCT/nCT2841.jpg,nCT,train
nCT/nCT2847.jpg,nCT,train
nCT/nCT2848.jpg,nCT,train
nCT/nCT2861.jpg,nCT,train
nCT/nCT2867.jpg,nCT,train
nCT/nCT2871.jpg,nCT,train
nCT/nCT2872.jpg,nCT,train
nCT/nCT2875.jpg,nCT,train
nCT/nCT2876.jpg,nCT,train
nCT/nCT2877.jpg,nCT,train
nCT/nCT2879.jpg,nCT,train
nCT/nCT2880.jpg,nCT,train
nCT/nCT2883.jpg,nCT,train
nCT/nCT2885.jpg,nCT,train
nCT/nCT2886.jpg,nCT,train
nCT/nCT2887.jpg,nCT,train
nCT/nCT2888.jpg,nCT,train
nCT/nCT2890.jpg,nCT,train
nCT/nCT2895.jpg,nCT,train
nCT/nCT2896.jpg,nCT,train
nCT/nCT2901.jpg,nCT,train
nCT/nCT2903.jpg,nCT,train
nCT/nCT2913.jpg,nCT,train
nCT/nCT2916.jpg,nCT,train
nCT/nCT2922.jpg,nCT,train
nCT/nCT2927.jpg,nCT,train
nCT/nCT2929.jpg,nCT,train
nCT/nCT2931.jpg,nCT,train
nCT/nCT2932.jpg,nCT,train
nCT/nCT2934.jpg,nCT,train
nCT/nCT2935.jpg,nCT,train
nCT/nCT2938.jpg,nCT,train
nCT/nCT2939.jpg,nCT,train
nCT/nCT2941.jpg,nCT,train
nCT/nCT2942.jpg,nCT,train
nCT/nCT2943.jpg,nCT,train
nCT/nCT2944.jpg,nCT,train
nCT/nCT2946.jpg,nCT,train
nCT/nCT2950.jpg,nCT,train
nCT/nCT2951.jpg,nCT,train
nCT/nCT2952.jpg,nCT,train
nCT/nCT2957.jpg,nCT,train
nCT/nCT2959.jpg,nCT,train
nCT/nCT2961.jpg,nCT,train
nCT/nCT2969.jpg,nCT,train
nCT/nCT2972.jpg,nCT,train
nCT/nCT2978.jpg,nCT,train
nCT/nCT2985.jpg,nCT,train
nCT/nCT2987.jpg,nCT,train
nCT/nCT2988.jpg,nCT,train
nCT/nCT2990.jpg,nCT,train
nCT/nCT2991.jpg,nCT,train
nCT/nCT2992.jpg,nCT,train
nCT/nCT2995.jpg,nCT,train
nCT/nCT2998.jpg,nCT,train
nCT/nCT2999.jpg,nCT,train
nCT/nCT3000.jpg,nCT,train
nCT/nCT3002.jpg,nCT,train
nCT/nCT3005.jpg,nCT,train
nCT/nCT3007.jpg,nCT,train
nCT/nCT3008.jpg,nCT,train
nCT/nCT3015.jpg,nCT,train
nCT/nCT3025.jpg,nCT,train
nCT/nCT3034.jpg,nCT,train
nCT/nCT3037.jpg,nCT,train
nCT/nCT3041.jpg,nCT,train
nCT/nCT3043.jpg,nCT,train
nCT/nCT3045.jpg,nCT,train
nCT/nCT3046.jpg,nCT,train
nCT/nCT3047.jpg,nCT,train
nCT/nCT3049.jpg,nCT,train
nCT/nCT3050.jpg,nCT,train
nCT/nCT3051.jpg,nCT,train
nCT/nCT3054.jpg,nCT,train
nCT/nCT3055.jpg,nCT,train
nCT/nCT3056.jpg,nCT,train
nCT/nCT3058.jpg,nCT,train
nCT/nCT3061.jpg,nCT,train
nCT/nCT3063.jpg,nCT,train
nCT/nCT3064.jpg,nCT,train
nCT/nCT3071.jpg,nCT,train
nCT/nCT3072.jpg,nCT,train
nCT/nCT3081.jpg,nCT,train
nCT/nCT3083.jpg,nCT,train
nCT/nCT3090.jpg,nCT,train
nCT/nCT3096.jpg,nCT,train
nCT/nCT3098.jpg,nCT,train
nCT/nCT3100.jpg,nCT,train
nCT/nCT3101.jpg,nCT,train
nCT/nCT3102.jpg,nCT,train
nCT/nCT3105.jpg,nCT,train
nCT/nCT3108.jpg,nCT,train
nCT/nCT3109.jpg,nCT,train
nCT/nCT3110.jpg,nCT,train
nCT/nCT3112.jpg,nCT,train
nCT/nCT3113.jpg,nCT,train
nCT/nCT3116.jpg,nCT,train
nCT/nCT3118.jpg,nCT,train
nCT/nCT3119.jpg,nCT,train
nCT/nCT3126.jpg,nCT,train
nCT/nCT3135.jpg,nCT,train
nCT/nCT3138.jpg,nCT,train
nCT/nCT3145.jpg,nCT,train
nCT/nCT3147.jpg,nCT,train
nCT/nCT3152.jpg,nCT,train
nCT/nCT3154.jpg,nCT,train
nCT/nCT3156.jpg,nCT,train
nCT/nCT3157.jpg,nCT,train
nCT/nCT3158.jpg,nCT,train
nCT/nCT3160.jpg,nCT,train
nCT/nCT3162.jpg,nCT,train
nCT/nCT3165.jpg,nCT,train
nCT/nCT3166.jpg,nCT,train
nCT/nCT3167.jpg,nCT,train
nCT/nCT3169.jpg,nCT,train
nCT/nCT3174.jpg,nCT,train
nCT/nCT3175.jpg,nCT,train
nCT/nCT3182.jpg,nCT,train
nCT/nCT3192.jpg,nCT,train
nCT/nCT3194.jpg,nCT,train
nCT/nCT3196.jpg,nCT,train
nCT/nCT3202.jpg,nCT,train
nCT/nCT3204.jpg,nCT,train
nCT/nCT3205.jpg,nCT,train
nCT/nCT3209.jpg,nCT,train
nCT/nCT3211.jpg,nCT,train
nCT/nCT3213.jpg,nCT,train
nCT/nCT3214.jpg,nCT,train
nCT/nCT3215.jpg,nCT,train
nCT/nCT3216.jpg,nCT,train
nCT/nCT3218.jpg,nCT,train
nCT/nCT3221.jpg,nCT,train
nCT/nCT3222.jpg,nCT,train
nCT/nCT3223.jpg,nCT,train
nCT/nCT3227.jpg,nCT,train
nCT/nCT3229.jpg,nCT,train
nCT/nCT3230.jpg,nCT,train
nCT/nCT3237.jpg,nCT,train
nCT/nCT3248.jpg,nCT,train
nCT/nCT3251.jpg,nCT,train
nCT/nCT3257.jpg,nCT,train
nCT/nCT3260.jpg,nCT,train
nCT/nCT3263.jpg,nCT,train
nCT/nCT3265.jpg,nCT,train
nCT/nCT3267.jpg,nCT,train
nCT/nCT3268.jpg,nCT,train
nCT/nCT3270.jpg,nCT,train
nCT/nCT3271.jpg,nCT,train
nCT/nCT3272.jpg,nCT,train
nCT/nCT3275.jpg,nCT,train
nCT/nCT3276.jpg,nCT,train
nCT/nCT3277.jpg,nCT,train
nCT/nCT3278.jpg,nCT,train
nCT/nCT3283.jpg,nCT,train
nCT/nCT3284.jpg,nCT,train
nCT/nCT3285.jpg,nCT,train
nCT/nCT3292.jpg,nCT,train
nCT/nCT3303.jpg,nCT,train
nCT/nCT3306.jpg,nCT,train
nCT/nCT3312.jpg,nCT,train
nCT/nCT3318.jpg,nCT,train
nCT/nCT3320.jpg,nCT,train
nCT/nCT3322.jpg,nCT,train
nCT/nCT3323.jpg,nCT,train
nCT/nCT3324.jpg,nCT,train
nCT/nCT3327.jpg,nCT,train
nCT/nCT3330.jpg,nCT,train
nCT/nCT3331.jpg,nCT,train
nCT/nCT3332.jpg,nCT,train
nCT/nCT3334.jpg,nCT,train
nCT/nCT3335.jpg,nCT,train
nCT/nCT3338.jpg,nCT,train
nCT/nCT3340.jpg,nCT,train
nCT/nCT3341.jpg,nCT,train
nCT/nCT3348.jpg,nCT,train
nCT/nCT3349.jpg,nCT,train
nCT/nCT3357.jpg,nCT,train
nCT/nCT3360.jpg,nCT,train
nCT/nCT3362.jpg,nCT,train
nCT/nCT3368.jpg,nCT,train
nCT/nCT3375.jpg,nCT,train
nCT/nCT3379.jpg,nCT,train
nCT/nCT3380.jpg,nCT,train
nCT/nCT3381.jpg,nCT,train
nCT/nCT3383.jpg,nCT,train
nCT/nCT3388.jpg,nCT,train
nCT/nCT3389.jpg,nCT,train
nCT/nCT3391.jpg,nCT,train
nCT/nCT3392.jpg,nCT,train
nCT/nCT3393.jpg,nCT,train
nCT/nCT3394.jpg,nCT,train
nCT/nCT3398.jpg,nCT,train
nCT/nCT3399.jpg,nCT,train
nCT/nCT3407.jpg,nCT,train
nCT/nCT3413.jpg,nCT,train
nCT/nCT3416.jpg,nCT,train
nCT/nCT3420.jpg,nCT,train
nCT/nCT3425.jpg,nCT,train
nCT/nCT3428.jpg,nCT,train
nCT/nCT3435.jpg,nCT,train
nCT/nCT3439.jpg,nCT,train
nCT/nCT3440.jpg,nCT,train
nCT/nCT3441.jpg,nCT,train
nCT/nCT3446.jpg,nCT,train
nCT/nCT3447.jpg,nCT,train
nCT/nCT3450.jpg,nCT,train
nCT/nCT3451.jpg,nCT,train
nCT/nCT3452.jpg,nCT,train
nCT/nCT3456.jpg,nCT,train
nCT/nCT3457.jpg,nCT,train
nCT/nCT3465.jpg,nCT,train
nCT/nCT3472.jpg,nCT,train
nCT/nCT3478.jpg,nCT,train
nCT/nCT3484.jpg,nCT,train
nCT/nCT3486.jpg,nCT,train
nCT/nCT3493.jpg,nCT,train
nCT/nCT3494.jpg,nCT,train
nCT/nCT3495.jpg,nCT,train
nCT/nCT3497.jpg,nCT,train
nCT/nCT3499.jpg,nCT,train
nCT/nCT3500.jpg,nCT,train
nCT/nCT3501.jpg,nCT,train
nCT/nCT3505.jpg,nCT,train
nCT/nCT3507.jpg,nCT,train
nCT/nCT3509.jpg,nCT,train
nCT/nCT3510.jpg,nCT,train
nCT/nCT3511.jpg,nCT,train
nCT/nCT3512.jpg,nCT,train
nCT/nCT3516.jpg,nCT,train
nCT/nCT3517.jpg,nCT,train
nCT/nCT3518.jpg,nCT,train
nCT/nCT3525.jpg,nCT,train
nCT/nCT3527.jpg,nCT,train
nCT/nCT3531.jpg,nCT,train
nCT/nCT3539.jpg,nCT,train
nCT/nCT3543.jpg,nCT,train
nCT/nCT3546.jpg,nCT,train
nCT/nCT3549.jpg,nCT,train
nCT/nCT3556.jpg,nCT,train
nCT/nCT3558.jpg,nCT,train
nCT/nCT3559.jpg,nCT,train
nCT/nCT3560.jpg,nCT,train
nCT/nCT3561.jpg,nCT,train
nCT/nCT3566.jpg,nCT,train
nCT/nCT3568.jpg,nCT,train
nCT/nCT3569.jpg,nCT,train
nCT/nCT3570.jpg,nCT,train
nCT/nCT3572.jpg,nCT,train
nCT/nCT3576.jpg,nCT,train
nCT/nCT3577.jpg,nCT,train
nCT/nCT3582.jpg,nCT,train
nCT/nCT3585.jpg,nCT,train
nCT/nCT3590.jpg,nCT,train
nCT/nCT3593.jpg,nCT,train
nCT/nCT3598.jpg,nCT,train
nCT/nCT3602.jpg,nCT,train
nCT/nCT3604.jpg,nCT,train
nCT/nCT3607.jpg,nCT,train
nCT/nCT3618.jpg,nCT,train
nCT/nCT3619.jpg,nCT,train
nCT/nCT3620.jpg,nCT,train
nCT/nCT3625.jpg,nCT,train
nCT/nCT3626.jpg,nCT,train
nCT/nCT3629.jpg,nCT,train
nCT/nCT3630.jpg,nCT,train
nCT/nCT3631.jpg,nCT,train
nCT/nCT3635.jpg,nCT,train
nCT/nCT3636.jpg,nCT,train
nCT/nCT3644.jpg,nCT,train
nCT/nCT3651.jpg,nCT,train
nCT/nCT3657.jpg,nCT,train
nCT/nCT3665.jpg,nCT,train
nCT/nCT3673.jpg,nCT,train
nCT/nCT3676.jpg,nCT,train
nCT/nCT3677.jpg,nCT,train
nCT/nCT3678.jpg,nCT,train
nCT/nCT3682.jpg,nCT,train
nCT/nCT3684.jpg,nCT,train
nCT/nCT3685.jpg,nCT,train
nCT/nCT3687.jpg,nCT,train
nCT/nCT3688.jpg,nCT,train
nCT/nCT3689.jpg,nCT,train
nCT/nCT3693.jpg,nCT,train
nCT/nCT3694.jpg,nCT,train
nCT/nCT3695.jpg,nCT,train
nCT/nCT3702.jpg,nCT,train
nCT/nCT3704.jpg,nCT,train
nCT/nCT3709.jpg,nCT,train
nCT/nCT3715.jpg,nCT,train
nCT/nCT3716.jpg,nCT,train
nCT/nCT3717.jpg,nCT,train
nCT/nCT3724.jpg,nCT,train
nCT/nCT3732.jpg,nCT,train
nCT/nCT3735.jpg,nCT,train
nCT/nCT3736.jpg,nCT,train
nCT/nCT3737.jpg,nCT,train
nCT/nCT3738.jpg,nCT,train
nCT/nCT3743.jpg,nCT,train
nCT/nCT3744.jpg,nCT,train
nCT/nCT3746.jpg,nCT,train
nCT/nCT3747.jpg,nCT,train
nCT/nCT3748.jpg,nCT,train
nCT/nCT3753.jpg,nCT,train
nCT/nCT3754.jpg,nCT,train
nCT/nCT3760.jpg,nCT,train
nCT/nCT3762.jpg,nCT,train
nCT/nCT3768.jpg,nCT,train
nCT/nCT3771.jpg,nCT,train
nCT/nCT3775.jpg,nCT,train
nCT/nCT3782.jpg,nCT,train
nCT/nCT3783.jpg,nCT,train
nCT/nCT3790.jpg,nCT,train
nCT/nCT3793.jpg,nCT,train
nCT/nCT3794.jpg,nCT,train
nCT/nCT3795.jpg,nCT,train
nCT/nCT3796.jpg,nCT,train
nCT/nCT3801.jpg,nCT,train
nCT/nCT3802.jpg,nCT,train
nCT/nCT3805.jpg,nCT,train
nCT/nCT3806.jpg,nCT,train
nCT/nCT3807.jpg,nCT,train
nCT/nCT3811.jpg,nCT,train
nCT/nCT3812.jpg,nCT,train
nCT/nCT3814.jpg,nCT,train
nCT/nCT3820.jpg,nCT,train
nCT/nCT3826.jpg,nCT,train
nCT/nCT3827.jpg,nCT,train
nCT/nCT3835.jpg,nCT,train
nCT/nCT3842.jpg,nCT,train
nCT/nCT3851.jpg,nCT,train
nCT/nCT3854.jpg,nCT,train
nCT/nCT3855.jpg,nCT,train
nCT/nCT3856.jpg,nCT,train
nCT/nCT3862.jpg,nCT,train
nCT/nCT3863.jpg,nCT,train
nCT/nCT3865.jpg,nCT,train
nCT/nCT3866.jpg,nCT,train
nCT/nCT3867.jpg,nCT,train
nCT/nCT3868.jpg,nCT,train
nCT/nCT3873.jpg,nCT,train
nCT/nCT3874.jpg,nCT,train
nCT/nCT3876.jpg,nCT,train
nCT/nCT3881.jpg,nCT,train
nCT/nCT3883.jpg,nCT,train
nCT/nCT3894.jpg,nCT,train
nCT/nCT3895.jpg,nCT,train
nCT/nCT3901.jpg,nCT,train
nCT/nCT3905.jpg,nCT,train
nCT/nCT3910.jpg,nCT,train
nCT/nCT3913.jpg,nCT,train
nCT/nCT3914.jpg,nCT,train
nCT/nCT3915.jpg,nCT,train
nCT/nCT3916.jpg,nCT,train
nCT/nCT3921.jpg,nCT,train
nCT/nCT3924.jpg,nCT,train
nCT/nCT3925.jpg,nCT,train
nCT/nCT3926.jpg,nCT,train
nCT/nCT3928.jpg,nCT,train
nCT/nCT3932.jpg,nCT,train
nCT/nCT3933.jpg,nCT,train
nCT/nCT3935.jpg,nCT,train
nCT/nCT3938.jpg,nCT,train
nCT/nCT3939.jpg,nCT,train
nCT/nCT3942.jpg,nCT,train
nCT/nCT3955.jpg,nCT,train
nCT/nCT3962.jpg,nCT,train
nCT/nCT3970.jpg,nCT,train
nCT/nCT3972.jpg,nCT,train
nCT/nCT3973.jpg,nCT,train
nCT/nCT3975.jpg,nCT,train
nCT/nCT3976.jpg,nCT,train
nCT/nCT3977.jpg,nCT,train
nCT/nCT3981.jpg,nCT,train
nCT/nCT3985.jpg,nCT,train
nCT/nCT3986.jpg,nCT,train
nCT/nCT3987.jpg,nCT,train
nCT/nCT3988.jpg,nCT,train
nCT/nCT3992.jpg,nCT,train
nCT/nCT3993.jpg,nCT,train
nCT/nCT3994.jpg,nCT,train
nCT/nCT3996.jpg,nCT,train
nCT/nCT4001.jpg,nCT,train
nCT/nCT4005.jpg,nCT,train
nCT/nCT4014.jpg,nCT,train
nCT/nCT4021.jpg,nCT,train
nCT/nCT4032.jpg,nCT,train
nCT/nCT4034.jpg,nCT,train
nCT/nCT4035.jpg,nCT,train
nCT/nCT4036.jpg,nCT,train
nCT/nCT4041.jpg,nCT,train
nCT/nCT4044.jpg,nCT,train
nCT/nCT4045.jpg,nCT,train
nCT/nCT4046.jpg,nCT,train
nCT/nCT4047.jpg,nCT,train
nCT/nCT4049.jpg,nCT,train
nCT/nCT4053.jpg,nCT,train
nCT/nCT4054.jpg,nCT,train
nCT/nCT4056.jpg,nCT,train
nCT/nCT4062.jpg,nCT,train
nCT/nCT4075.jpg,nCT,train
nCT/nCT4080.jpg,nCT,train
nCT/nCT4082.jpg,nCT,train
nCT/nCT4094.jpg,nCT,train
nCT/nCT4095.jpg,nCT,train
nCT/nCT4097.jpg,nCT,train
nCT/nCT4098.jpg,nCT,train
nCT/nCT4099.jpg,nCT,train
nCT/nCT4105.jpg,nCT,train
nCT/nCT4106.jpg,nCT,train
nCT/nCT4108.jpg,nCT,train
nCT/nCT4109.jpg,nCT,train
nCT/nCT4110.jpg,nCT,train
nCT/nCT4111.jpg,nCT,train
nCT/nCT4115.jpg,nCT,train
nCT/nCT4116.jpg,nCT,train
nCT/nCT4118.jpg,nCT,train
nCT/nCT4124.jpg,nCT,train
nCT/nCT4127.jpg,nCT,train
nCT/nCT4129.jpg,nCT,train
nCT/nCT4137.jpg,nCT,train
nCT/nCT4145.jpg,nCT,train
nCT/nCT4151.jpg,nCT,train
nCT/nCT4156.jpg,nCT,train
nCT/nCT4158.jpg,nCT,train
nCT/nCT4159.jpg,nCT,train
nCT/nCT4160.jpg,nCT,train
nCT/nCT4161.jpg,nCT,train
nCT/nCT4162.jpg,nCT,train
nCT/nCT4167.jpg,nCT,train
nCT/nCT4170.jpg,nCT,train
nCT/nCT4171.jpg,nCT,train
nCT/nCT4173.jpg,nCT,train
nCT/nCT4174.jpg,nCT,train
nCT/nCT4178.jpg,nCT,train
nCT/nCT4179.jpg,nCT,train
nCT/nCT4183.jpg,nCT,train
nCT/nCT4187.jpg,nCT,train
nCT/nCT4192.jpg,nCT,train
nCT/nCT4200.jpg,nCT,train
nCT/nCT4205.jpg,nCT,train
nCT/nCT4208.jpg,nCT,train
nCT/nCT4213.jpg,nCT,train
nCT/nCT4216.jpg,nCT,train
nCT/nCT4220.jpg,nCT,train
nCT/nCT4222.jpg,nCT,train
nCT/nCT4223.jpg,nCT,train
nCT/nCT4224.jpg,nCT,train
nCT/nCT4231.jpg,nCT,train
nCT/nCT4233.jpg,nCT,train
nCT/nCT4234.jpg,nCT,train
nCT/nCT4235.jpg,nCT,train
nCT/nCT4236.jpg,nCT,train
nCT/nCT4241.jpg,nCT,train
nCT/nCT4243.jpg,nCT,train
nCT/nCT4250.jpg,nCT,train
nCT/nCT4254.jpg,nCT,train
nCT/nCT4263.jpg,nCT,train
nCT/nCT4270.jpg,nCT,train
nCT/nCT4271.jpg,nCT,train
nCT/nCT4278.jpg,nCT,train
nCT/nCT4284.jpg,nCT,train
nCT/nCT4286.jpg,nCT,train
nCT/nCT4287.jpg,nCT,train
nCT/nCT4288.jpg,nCT,train
nCT/nCT4295.jpg,nCT,train
nCT/nCT4297.jpg,nCT,train
nCT/nCT4298.jpg,nCT,train
nCT/nCT4299.jpg,nCT,train
nCT/nCT4300.jpg,nCT,train
nCT/nCT4304.jpg,nCT,train
nCT/nCT4305.jpg,nCT,train
nCT/nCT4307.jpg,nCT,train
nCT/nCT4313.jpg,nCT,train
nCT/nCT4316.jpg,nCT,train
nCT/nCT4318.jpg,nCT,train
nCT/nCT4326.jpg,nCT,train
nCT/nCT4327.jpg,nCT,train
nCT/nCT4334.jpg,nCT,train
nCT/nCT4338.jpg,nCT,train
nCT/nCT4341.jpg,nCT,train
nCT/nCT4346.jpg,nCT,train
nCT/nCT4348.jpg,nCT,train
nCT/nCT4349.jpg,nCT,train
nCT/nCT4350.jpg,nCT,train
nCT/nCT4351.jpg,nCT,train
nCT/nCT4357.jpg,nCT,train
nCT/nCT4359.jpg,nCT,train
nCT/nCT4361.jpg,nCT,train
nCT/nCT4362.jpg,nCT,train
nCT/nCT4363.jpg,nCT,train
nCT/nCT4367.jpg,nCT,train
nCT/nCT4369.jpg,nCT,train
nCT/nCT4376.jpg,nCT,train
nCT/nCT4380.jpg,nCT,train
nCT/nCT4390.jpg,nCT,train
nCT/nCT4394.jpg,nCT,train
nCT/nCT4398.jpg,nCT,train
nCT/nCT4409.jpg,nCT,train
nCT/nCT4411.jpg,nCT,train
nCT/nCT4412.jpg,nCT,train
nCT/nCT4413.jpg,nCT,train
nCT/nCT4416.jpg,nCT,train
nCT/nCT4420.jpg,nCT,train
nCT/nCT4422.jpg,nCT,train
nCT/nCT4423.jpg,nCT,train
nCT/nCT4424.jpg,nCT,train
nCT/nCT4425.jpg,nCT,train
nCT/nCT4427.jpg,nCT,train
nCT/nCT4430.jpg,nCT,train
nCT/nCT4432.jpg,nCT,train
nCT/nCT4440.jpg,nCT,train
nCT/nCT4443.jpg,nCT,train
nCT/nCT4453.jpg,nCT,train
nCT/nCT4461.jpg,nCT,train
nCT/nCT4467.jpg,nCT,train
nCT/nCT4472.jpg,nCT,train
nCT/nCT4474.jpg,nCT,train
nCT/nCT4475.jpg,nCT,train
nCT/nCT4476.jpg,nCT,train
nCT/nCT4479.jpg,nCT,train
nCT/nCT4481.jpg,nCT,train
nCT/nCT4485.jpg,nCT,train
nCT/nCT4486.jpg,nCT,train
nCT/nCT4487.jpg,nCT,train
nCT/nCT4491.jpg,nCT,train
nCT/nCT4492.jpg,nCT,train
nCT/nCT4493.jpg,nCT,train
nCT/nCT4496.jpg,nCT,train
nCT/nCT4502.jpg,nCT,train
nCT/nCT4515.jpg,nCT,train
nCT/nCT4516.jpg,nCT,train
nCT/nCT4523.jpg,nCT,train
nCT/nCT4527.jpg,nCT,train
nCT/nCT4529.jpg,nCT,train
nCT/nCT4534.jpg,nCT,train
nCT/nCT4536.jpg,nCT,train
nCT/nCT4537.jpg,nCT,train
nCT/nCT4538.jpg,nCT,train
nCT/nCT4539.jpg,nCT,train
nCT/nCT4542.jpg,nCT,train
nCT/nCT4544.jpg,nCT,train
nCT/nCT4547.jpg,nCT,train
nCT/nCT4548.jpg,nCT,train
nCT/nCT4549.jpg,nCT,train
nCT/nCT4550.jpg,nCT,train
nCT/nCT4554.jpg,nCT,train
nCT/nCT4555.jpg,nCT,train
nCT/nCT4557.jpg,nCT,train
nCT/nCT4560.jpg,nCT,train
nCT/nCT4564.jpg,nCT,train
nCT/nCT4577.jpg,nCT,train
nCT/nCT4585.jpg,nCT,train
nCT/nCT4590.jpg,nCT,train
nCT/nCT4597.jpg,nCT,train
nCT/nCT4598.jpg,nCT,train
nCT/nCT4601.jpg,nCT,train
nCT/nCT4603.jpg,nCT,train
nCT/nCT4604.jpg,nCT,train
nCT/nCT4605.jpg,nCT,train
nCT/nCT4607.jpg,nCT,train
nCT/nCT4609.jpg,nCT,train
nCT/nCT4610.jpg,nCT,train
nCT/nCT4614.jpg,nCT,train
nCT/nCT4615.jpg,nCT,train
nCT/nCT4616.jpg,nCT,train
nCT/nCT4624.jpg,nCT,train
nCT/nCT4627.jpg,nCT,train
nCT/nCT4637.jpg,nCT,train
nCT/nCT4644.jpg,nCT,train
nCT/nCT4645.jpg,nCT,train
nCT/nCT4654.jpg,nCT,train
nCT/nCT4656.jpg,nCT,train
nCT/nCT4657.jpg,nCT,train
nCT/nCT4661.jpg,nCT,train
nCT/nCT4663.jpg,nCT,train
nCT/nCT4665.jpg,nCT,train
nCT/nCT4666.jpg,nCT,train
nCT/nCT4668.jpg,nCT,train
nCT/nCT4673.jpg,nCT,train
nCT/nCT4674.jpg,nCT,train
nCT/nCT4683.jpg,nCT,train
nCT/nCT4696.jpg,nCT,train
nCT/nCT4702.jpg,nCT,train
nCT/nCT4703.jpg,nCT,train
nCT/nCT4711.jpg,nCT,train
nCT/nCT4714.jpg,nCT,train
nCT/nCT4715.jpg,nCT,train
nCT/nCT4716.jpg,nCT,train
nCT/nCT4717.jpg,nCT,train
nCT/nCT4720.jpg,nCT,train
nCT/nCT4722.jpg,nCT,train
nCT/nCT4724.jpg,nCT,train
nCT/nCT4725.jpg,nCT,train
nCT/nCT4727.jpg,nCT,train
nCT/nCT4728.jpg,nCT,train
nCT/nCT4732.jpg,nCT,train
nCT/nCT4736.jpg,nCT,train
nCT/nCT4738.jpg,nCT,train
nCT/nCT4740.jpg,nCT,train
nCT/nCT4745.jpg,nCT,train
nCT/nCT4746.jpg,nCT,train
nCT/nCT4748.jpg,nCT,train
nCT/nCT4749.jpg,nCT,train
nCT/nCT4752.jpg,nCT,train
nCT/nCT4755.jpg,nCT,train
nCT/nCT4756.jpg,nCT,train
nCT/nCT4757.jpg,nCT,train
nCT/nCT4763.jpg,nCT,train
nCT/nCT4764.jpg,nCT,train
nCT/nCT4773.jpg,nCT,train
nCT/nCT4786.jpg,nCT,train
nCT/nCT4792.jpg,nCT,train
nCT/nCT4800.jpg,nCT,train
nCT/nCT4801.jpg,nCT,train
nCT/nCT4803.jpg,nCT,train
nCT/nCT4804.jpg,nCT,train
nCT/nCT4806.jpg,nCT,train
nCT/nCT4809.jpg,nCT,train
nCT/nCT4810.jpg,nCT,train
nCT/nCT4811.jpg,nCT,train
nCT/nCT4815.jpg,nCT,train
nCT/nCT4817.jpg,nCT,train
nCT/nCT4818.jpg,nCT,train
nCT/nCT4825.jpg,nCT,train
nCT/nCT4826.jpg,nCT,train
nCT/nCT4838.jpg,nCT,train
nCT/nCT4841.jpg,nCT,train
nCT/nCT4847.jpg,nCT,train
nCT/nCT4855.jpg,nCT,train
nCT/nCT4856.jpg,nCT,train
nCT/nCT4858.jpg,nCT,train
nCT/nCT4861.jpg,nCT,train
nCT/nCT4864.jpg,nCT,train
nCT/nCT4865.jpg,nCT,train
nCT/nCT4866.jpg,nCT,train
nCT/nCT4872.jpg,nCT,train
nCT/nCT4873.jpg,nCT,train
nCT/nCT4880.jpg,nCT,train
nCT/nCT4895.jpg,nCT,train
nCT/nCT4901.jpg,nCT,train
nCT/nCT4909.jpg,nCT,train
nCT/nCT4910.jpg,nCT,train
nCT/nCT4912.jpg,nCT,train
nCT/nCT4914.jpg,nCT,train
nCT/nCT4918.jpg,nCT,train
nCT/nCT4919.jpg,nCT,train
nCT/nCT4920.jpg,nCT,train
nCT/nCT4925.jpg,nCT,train
nCT/nCT4926.jpg,nCT,train
nCT/nCT4927.jpg,nCT,train
nCT/nCT4934.jpg,nCT,train
nCT/nCT4937.jpg,nCT,train
nCT/nCT4938.jpg,nCT,train
nCT/nCT4951.jpg,nCT,train
nCT/nCT4957.jpg,nCT,train
nCT/nCT4965.jpg,nCT,train
nCT/nCT4966.jpg,nCT,train
nCT/nCT4968.jpg,nCT,train
nCT/nCT4970.jpg,nCT,train
nCT/nCT4974.jpg,nCT,train
nCT/nCT4975.jpg,nCT,train
nCT/nCT4976.jpg,nCT,train
nCT/nCT4981.jpg,nCT,train
nCT/nCT4982.jpg,nCT,train
nCT/nCT4983.jpg,nCT,train
nCT/nCT4990.jpg,nCT,train
nCT/nCT4994.jpg,nCT,train
nCT/nCT5004.jpg,nCT,train
nCT/nCT5005.jpg,nCT,train
nCT/nCT5011.jpg,nCT,train
nCT/nCT5015.jpg,nCT,train
nCT/nCT5016.jpg,nCT,train
nCT/nCT5020.jpg,nCT,train
nCT/nCT5021.jpg,nCT,train
nCT/nCT5023.jpg,nCT,train
nCT/nCT5029.jpg,nCT,train
nCT/nCT5030.jpg,nCT,train
nCT/nCT5031.jpg,nCT,train
nCT/nCT5032.jpg,nCT,train
nCT/nCT5037.jpg,nCT,train
nCT/nCT5039.jpg,nCT,train
nCT/nCT5047.jpg,nCT,train
nCT/nCT5049.jpg,nCT,train
nCT/nCT5062.jpg,nCT,train
nCT/nCT5068.jpg,nCT,train
nCT/nCT5071.jpg,nCT,train
nCT/nCT5072.jpg,nCT,train
nCT/nCT5077.jpg,nCT,train
nCT/nCT5078.jpg,nCT,train
nCT/nCT5080.jpg,nCT,train
nCT/nCT5083.jpg,nCT,train
nCT/nCT5086.jpg,nCT,train
nCT/nCT5087.jpg,nCT,train
nCT/nCT5088.jpg,nCT,train
nCT/nCT5089.jpg,nCT,train
nCT/nCT5095.jpg,nCT,train
nCT/nCT5096.jpg,nCT,train
nCT/nCT5104.jpg,nCT,train
nCT/nCT5105.jpg,nCT,train
nCT/nCT5118.jpg,nCT,train
nCT/nCT5124.jpg,nCT,train
nCT/nCT5132.jpg,nCT,train
nCT/nCT5133.jpg,nCT,train
nCT/nCT5135.jpg,nCT,train
nCT/nCT5141.jpg,nCT,train
nCT/nCT5142.jpg,nCT,train
nCT/nCT5143.jpg,nCT,train
nCT/nCT5144.jpg,nCT,train
nCT/nCT5150.jpg,nCT,train
nCT/nCT5158.jpg,nCT,train
nCT/nCT5160.jpg,nCT,train
nCT/nCT5171.jpg,nCT,train
nCT/nCT5178.jpg,nCT,train
nCT/nCT5186.jpg,nCT,train
nCT/nCT5188.jpg,nCT,train
nCT/nCT5192.jpg,nCT,train
nCT/nCT5193.jpg,nCT,train
nCT/nCT5194.jpg,nCT,train
nCT/nCT5195.jpg,nCT,train
nCT/nCT5196.jpg,nCT,train
nCT/nCT5201.jpg,nCT,train
nCT/nCT5202.jpg,nCT,train
nCT/nCT5210.jpg,nCT,train
nCT/nCT5224.jpg,nCT,train
nCT/nCT5231.jpg,nCT,train
nCT/nCT5235.jpg,nCT,train
nCT/nCT5240.jpg,nCT,train
nCT/nCT5241.jpg,nCT,train
nCT/nCT5243.jpg,nCT,train
nCT/nCT5247.jpg,nCT,train
nCT/nCT5248.jpg,nCT,train
nCT/nCT5249.jpg,nCT,train
nCT/nCT5250.jpg,nCT,train
nCT/nCT5251.jpg,nCT,train
nCT/nCT5256.jpg,nCT,train
nCT/nCT5257.jpg,nCT,train
nCT/nCT5260.jpg,nCT,train
nCT/nCT5265.jpg,nCT,train
nCT/nCT5271.jpg,nCT,train
nCT/nCT5272.jpg,nCT,train
nCT/nCT5280.jpg,nCT,train
nCT/nCT5283.jpg,nCT,train
nCT/nCT5287.jpg,nCT,train
nCT/nCT5295.jpg,nCT,train
nCT/nCT5296.jpg,nCT,train
nCT/nCT5298.jpg,nCT,train
nCT/nCT5302.jpg,nCT,train
nCT/nCT5303.jpg,nCT,train
nCT/nCT5304.jpg,nCT,train
nCT/nCT5306.jpg,nCT,train
nCT/nCT5311.jpg,nCT,train
nCT/nCT5312.jpg,nCT,train
nCT/nCT5320.jpg,nCT,train
nCT/nCT5334.jpg,nCT,train
nCT/nCT5338.jpg,nCT,train
nCT/nCT5341.jpg,nCT,train
nCT/nCT5345.jpg,nCT,train
nCT/nCT5350.jpg,nCT,train
nCT/nCT5351.jpg,nCT,train
nCT/nCT5353.jpg,nCT,train
nCT/nCT5357.jpg,nCT,train
nCT/nCT5358.jpg,nCT,train
nCT/nCT5359.jpg,nCT,train
nCT/nCT5360.jpg,nCT,train
nCT/nCT5361.jpg,nCT,train
nCT/nCT5366.jpg,nCT,train
nCT/nCT5367.jpg,nCT,train
nCT/nCT5375.jpg,nCT,train
nCT/nCT5390.jpg,nCT,train
nCT/nCT5397.jpg,nCT,train
nCT/nCT5404.jpg,nCT,train
nCT/nCT5406.jpg,nCT,train
nCT/nCT5408.jpg,nCT,train
nCT/nCT5412.jpg,nCT,train
nCT/nCT5413.jpg,nCT,train
nCT/nCT5414.jpg,nCT,train
nCT/nCT5415.jpg,nCT,train
nCT/nCT5421.jpg,nCT,train
nCT/nCT5422.jpg,nCT,train
nCT/nCT5430.jpg,nCT,train
nCT/nCT5444.jpg,nCT,train
nCT/nCT5451.jpg,nCT,train
nCT/nCT5458.jpg,nCT,train
nCT/nCT5459.jpg,nCT,train
nCT/nCT5460.jpg,nCT,train
nCT/nCT5462.jpg,nCT,train
nCT/nCT5466.jpg,nCT,train
nCT/nCT5467.jpg,nCT,train
nCT/nCT5468.jpg,nCT,train
nCT/nCT5469.jpg,nCT,train
nCT/nCT5475.jpg,nCT,train
nCT/nCT5476.jpg,nCT,train
nCT/nCT5484.jpg,nCT,train
nCT/nCT5493.jpg,nCT,train
nCT/nCT5499.jpg,nCT,train
nCT/nCT5506.jpg,nCT,train
nCT/nCT5513.jpg,nCT,train
nCT/nCT5514.jpg,nCT,train
nCT/nCT5516.jpg,nCT,train
nCT/nCT5517.jpg,nCT,train
nCT/nCT5521.jpg,nCT,train
nCT/nCT5522.jpg,nCT,train
nCT/nCT5523.jpg,nCT,train
nCT/nCT5524.jpg,nCT,train
nCT/nCT5527.jpg,nCT,train
nCT/nCT5530.jpg,nCT,train
nCT/nCT5531.jpg,nCT,train
nCT/nCT5538.jpg,nCT,train
nCT/nCT5539.jpg,nCT,train
nCT/nCT5549.jpg,nCT,train
nCT/nCT5552.jpg,nCT,train
nCT/nCT5558.jpg,nCT,train
nCT/nCT5566.jpg,nCT,train
nCT/nCT5567.jpg,nCT,train
nCT/nCT5573.jpg,nCT,train
nCT/nCT5574.jpg,nCT,train
nCT/nCT5575.jpg,nCT,train
nCT/nCT5576.jpg,nCT,train
nCT/nCT5581.jpg,nCT,train
nCT/nCT5583.jpg,nCT,train
nCT/nCT5590.jpg,nCT,train
nCT/nCT5602.jpg,nCT,train
nCT/nCT5604.jpg,nCT,train
nCT/nCT5605.jpg,nCT,train
nCT/nCT5611.jpg,nCT,train
nCT/nCT5616.jpg,nCT,train
nCT/nCT5619.jpg,nCT,train
nCT/nCT5620.jpg,nCT,train
nCT/nCT5621.jpg,nCT,train
nCT/nCT5626.jpg,nCT,train
nCT/nCT5628.jpg,nCT,train
nCT/nCT1.jpg,nCT,train
nCT/nCT5.jpg,nCT,train
nCT/nCT6.jpg,nCT,train
nCT/nCT7.jpg,nCT,train
nCT/nCT10.jpg,nCT,train
nCT/nCT11.jpg,nCT,train
nCT/nCT12.jpg,nCT,train
nCT/nCT13.jpg,nCT,train
nCT/nCT14.jpg,nCT,train
nCT/nCT16.jpg,nCT,train
nCT/nCT17.jpg,nCT,train
nCT/nCT18.jpg,nCT,train
nCT/nCT19.jpg,nCT,train
nCT/nCT20.jpg,nCT,train
nCT/nCT21.jpg,nCT,train
nCT/nCT22.jpg,nCT,train
nCT/nCT23.jpg,nCT,train
nCT/nCT24.jpg,nCT,train
nCT/nCT25.jpg,nCT,train
nCT/nCT27.jpg,nCT,train
nCT/nCT28.jpg,nCT,train
nCT/nCT29.jpg,nCT,train
nCT/nCT30.jpg,nCT,train
nCT/nCT32.jpg,nCT,train
nCT/nCT33.jpg,nCT,train
nCT/nCT34.jpg,nCT,train
nCT/nCT35.jpg,nCT,train
nCT/nCT36.jpg,nCT,train
nCT/nCT37.jpg,nCT,train
nCT/nCT38.jpg,nCT,train
nCT/nCT39.jpg,nCT,train
nCT/nCT40.jpg,nCT,train
nCT/nCT42.jpg,nCT,train
nCT/nCT45.jpg,nCT,train
nCT/nCT46.jpg,nCT,train
nCT/nCT47.jpg,nCT,train
nCT/nCT50.jpg,nCT,train
nCT/nCT51.jpg,nCT,train
nCT/nCT52.jpg,nCT,train
nCT/nCT53.jpg,nCT,train
nCT/nCT54.jpg,nCT,train
nCT/nCT56.jpg,nCT,train
nCT/nCT57.jpg,nCT,train
nCT/nCT58.jpg,nCT,train
nCT/nCT59.jpg,nCT,train
nCT/nCT60.jpg,nCT,train
nCT/nCT61.jpg,nCT,train
nCT/nCT62.jpg,nCT,train
nCT/nCT63.jpg,nCT,train
nCT/nCT64.jpg,nCT,train
nCT/nCT66.jpg,nCT,train
nCT/nCT67.jpg,nCT,train
nCT/nCT68.jpg,nCT,train
nCT/nCT69.jpg,nCT,train
nCT/nCT70.jpg,nCT,train
nCT/nCT71.jpg,nCT,train
nCT/nCT72.jpg,nCT,train
nCT/nCT73.jpg,nCT,train
nCT/nCT74.jpg,nCT,train
nCT/nCT75.jpg,nCT,train
nCT/nCT76.jpg,nCT,train
nCT/nCT79.jpg,nCT,train
nCT/nCT82.jpg,nCT,train
nCT/nCT83.jpg,nCT,train
nCT/nCT84.jpg,nCT,train
nCT/nCT87.jpg,nCT,train
nCT/nCT88.jpg,nCT,train
nCT/nCT89.jpg,nCT,train
nCT/nCT90.jpg,nCT,train
nCT/nCT91.jpg,nCT,train
nCT/nCT93.jpg,nCT,train
nCT/nCT94.jpg,nCT,train
nCT/nCT95.jpg,nCT,train
nCT/nCT96.jpg,nCT,train
nCT/nCT97.jpg,nCT,train
nCT/nCT98.jpg,nCT,train
nCT/nCT99.jpg,nCT,train
nCT/nCT100.jpg,nCT,train
nCT/nCT101.jpg,nCT,train
nCT/nCT103.jpg,nCT,train
nCT/nCT104.jpg,nCT,train
nCT/nCT105.jpg,nCT,train
nCT/nCT106.jpg,nCT,train
nCT/nCT107.jpg,nCT,train
nCT/nCT108.jpg,nCT,train
nCT/nCT109.jpg,nCT,train
nCT/nCT110.jpg,nCT,train
nCT/nCT111.jpg,nCT,train
nCT/nCT112.jpg,nCT,train
nCT/nCT113.jpg,nCT,train
nCT/nCT116.jpg,nCT,train
nCT/nCT119.jpg,nCT,train
nCT/nCT120.jpg,nCT,train
nCT/nCT121.jpg,nCT,train
nCT/nCT124.jpg,nCT,train
nCT/nCT125.jpg,nCT,train
nCT/nCT126.jpg,nCT,train
nCT/nCT127.jpg,nCT,train
nCT/nCT128.jpg,nCT,train
nCT/nCT130.jpg,nCT,train
nCT/nCT131.jpg,nCT,train
nCT/nCT132.jpg,nCT,train
nCT/nCT133.jpg,nCT,train
nCT/nCT134.jpg,nCT,train
nCT/nCT135.jpg,nCT,train
nCT/nCT136.jpg,nCT,train
nCT/nCT137.jpg,nCT,train
nCT/nCT138.jpg,nCT,train
nCT/nCT140.jpg,nCT,train
nCT/nCT141.jpg,nCT,train
nCT/nCT142.jpg,nCT,train
nCT/nCT143.jpg,nCT,train
nCT/nCT144.jpg,nCT,train
nCT/nCT145.jpg,nCT,train
nCT/nCT146.jpg,nCT,train
nCT/nCT147.jpg,nCT,train
nCT/nCT148.jpg,nCT,train
nCT/nCT149.jpg,nCT,train
nCT/nCT150.jpg,nCT,train
nCT/nCT153.jpg,nCT,train
nCT/nCT156.jpg,nCT,train
nCT/nCT157.jpg,nCT,train
nCT/nCT158.jpg,nCT,train
nCT/nCT161.jpg,nCT,train
nCT/nCT162.jpg,nCT,train
nCT/nCT163.jpg,nCT,train
nCT/nCT164.jpg,nCT,train
nCT/nCT165.jpg,nCT,train
nCT/nCT167.jpg,nCT,train
nCT/nCT168.jpg,nCT,train
nCT/nCT169.jpg,nCT,train
nCT/nCT170.jpg,nCT,train
nCT/nCT171.jpg,nCT,train
nCT/nCT172.jpg,nCT,train
nCT/nCT173.jpg,nCT,train
nCT/nCT174.jpg,nCT,train
nCT/nCT176.jpg,nCT,train
nCT/nCT177.jpg,nCT,train
nCT/nCT178.jpg,nCT,train
nCT/nCT179.jpg,nCT,train
nCT/nCT180.jpg,nCT,train
nCT/nCT181.jpg,nCT,train
nCT/nCT182.jpg,nCT,train
nCT/nCT183.jpg,nCT,train
nCT/nCT184.jpg,nCT,train
nCT/nCT185.jpg,nCT,train
nCT/nCT186.jpg,nCT,train
nCT/nCT189.jpg,nCT,train
nCT/nCT192.jpg,nCT,train
nCT/nCT193.jpg,nCT,train
nCT/nCT194.jpg,nCT,train
nCT/nCT196.jpg,nCT,train
nCT/nCT197.jpg,nCT,train
nCT/nCT198.jpg,nCT,train
nCT/nCT199.jpg,nCT,train
nCT/nCT200.jpg,nCT,train
nCT/nCT202.jpg,nCT,train
nCT/nCT203.jpg,nCT,train
nCT/nCT204.jpg,nCT,train
nCT/nCT205.jpg,nCT,train
nCT/nCT206.jpg,nCT,train
nCT/nCT207.jpg,nCT,train
nCT/nCT208.jpg,nCT,train
nCT/nCT209.jpg,nCT,train
nCT/nCT210.jpg,nCT,train
nCT/nCT212.jpg,nCT,train
nCT/nCT213.jpg,nCT,train
nCT/nCT214.jpg,nCT,train
nCT/nCT215.jpg,nCT,train
nCT/nCT216.jpg,nCT,train
nCT/nCT217.jpg,nCT,train
nCT/nCT218.jpg,nCT,train
nCT/nCT219.jpg,nCT,train
nCT/nCT220.jpg,nCT,train
nCT/nCT221.jpg,nCT,train
nCT/nCT222.jpg,nCT,train
nCT/nCT225.jpg,nCT,train
nCT/nCT228.jpg,nCT,train
nCT/nCT229.jpg,nCT,train
nCT/nCT230.jpg,nCT,train
nCT/nCT233.jpg,nCT,train
nCT/nCT234.jpg,nCT,train
nCT/nCT235.jpg,nCT,train
nCT/nCT236.jpg,nCT,train
nCT/nCT237.jpg,nCT,train
nCT/nCT239.jpg,nCT,train
nCT/nCT240.jpg,nCT,train
nCT/nCT241.jpg,nCT,train
nCT/nCT242.jpg,nCT,train
nCT/nCT243.jpg,nCT,train
nCT/nCT244.jpg,nCT,train
nCT/nCT245.jpg,nCT,train
nCT/nCT246.jpg,nCT,train
nCT/nCT247.jpg,nCT,train
nCT/nCT249.jpg,nCT,train
nCT/nCT250.jpg,nCT,train
nCT/nCT251.jpg,nCT,train
nCT/nCT252.jpg,nCT,train
nCT/nCT253.jpg,nCT,train
nCT/nCT254.jpg,nCT,train
nCT/nCT255.jpg,nCT,train
nCT/nCT256.jpg,nCT,train
nCT/nCT257.jpg,nCT,train
nCT/nCT258.jpg,nCT,train
nCT/nCT259.jpg,nCT,train
nCT/nCT262.jpg,nCT,train
nCT/nCT265.jpg,nCT,train
nCT/nCT266.jpg,nCT,train
nCT/nCT267.jpg,nCT,train
nCT/nCT270.jpg,nCT,train
nCT/nCT271.jpg,nCT,train
nCT/nCT272.jpg,nCT,train
nCT/nCT273.jpg,nCT,train
nCT/nCT274.jpg,nCT,train
nCT/nCT276.jpg,nCT,train
nCT/nCT277.jpg,nCT,train
nCT/nCT278.jpg,nCT,train
nCT/nCT279.jpg,nCT,train
nCT/nCT280.jpg,nCT,train
nCT/nCT281.jpg,nCT,train
nCT/nCT282.jpg,nCT,train
nCT/nCT283.jpg,nCT,train
nCT/nCT284.jpg,nCT,train
nCT/nCT286.jpg,nCT,train
nCT/nCT287.jpg,nCT,train
nCT/nCT288.jpg,nCT,train
nCT/nCT289.jpg,nCT,train
nCT/nCT290.jpg,nCT,train
nCT/nCT291.jpg,nCT,train
nCT/nCT292.jpg,nCT,train
nCT/nCT293.jpg,nCT,train
nCT/nCT294.jpg,nCT,train
nCT/nCT295.jpg,nCT,train
nCT/nCT296.jpg,nCT,train
nCT/nCT299.jpg,nCT,train
nCT/nCT301.jpg,nCT,train
nCT/nCT302.jpg,nCT,train
nCT/nCT303.jpg,nCT,train
nCT/nCT305.jpg,nCT,train
nCT/nCT306.jpg,nCT,train
nCT/nCT307.jpg,nCT,train
nCT/nCT308.jpg,nCT,train
nCT/nCT309.jpg,nCT,train
nCT/nCT311.jpg,nCT,train
nCT/nCT312.jpg,nCT,train
nCT/nCT313.jpg,nCT,train
nCT/nCT314.jpg,nCT,train
nCT/nCT315.jpg,nCT,train
nCT/nCT316.jpg,nCT,train
nCT/nCT317.jpg,nCT,train
nCT/nCT318.jpg,nCT,train
nCT/nCT319.jpg,nCT,train
nCT/nCT321.jpg,nCT,train
nCT/nCT322.jpg,nCT,train
nCT/nCT323.jpg,nCT,train
nCT/nCT324.jpg,nCT,train
nCT/nCT325.jpg,nCT,train
nCT/nCT326.jpg,nCT,train
nCT/nCT327.jpg,nCT,train
nCT/nCT328.jpg,nCT,train
nCT/nCT329.jpg,nCT,train
nCT/nCT330.jpg,nCT,train
nCT/nCT331.jpg,nCT,train
nCT/nCT334.jpg,nCT,train
nCT/nCT336.jpg,nCT,train
nCT/nCT337.jpg,nCT,train
nCT/nCT338.jpg,nCT,train
nCT/nCT340.jpg,nCT,train
nCT/nCT341.jpg,nCT,train
nCT/nCT342.jpg,nCT,train
nCT/nCT343.jpg,nCT,train
nCT/nCT344.jpg,nCT,train
nCT/nCT346.jpg,nCT,train
nCT/nCT347.jpg,nCT,train
nCT/nCT348.jpg,nCT,train
nCT/nCT349.jpg,nCT,train
nCT/nCT350.jpg,nCT,train
nCT/nCT351.jpg,nCT,train
nCT/nCT352.jpg,nCT,train
nCT/nCT353.jpg,nCT,train
nCT/nCT354.jpg,nCT,train
nCT/nCT356.jpg,nCT,train
nCT/nCT357.jpg,nCT,train
nCT/nCT358.jpg,nCT,train
nCT/nCT359.jpg,nCT,train
nCT/nCT360.jpg,nCT,train
nCT/nCT361.jpg,nCT,train
nCT/nCT362.jpg,nCT,train
nCT/nCT363.jpg,nCT,train
nCT/nCT364.jpg,nCT,train
nCT/nCT365.jpg,nCT,train
nCT/nCT366.jpg,nCT,train
nCT/nCT369.jpg,nCT,train
nCT/nCT371.jpg,nCT,train
nCT/nCT372.jpg,nCT,train
nCT/nCT373.jpg,nCT,train
nCT/nCT376.jpg,nCT,train
nCT/nCT377.jpg,nCT,train
nCT/nCT378.jpg,nCT,train
nCT/nCT379.jpg,nCT,train
nCT/nCT380.jpg,nCT,train
nCT/nCT382.jpg,nCT,train
nCT/nCT383.jpg,nCT,train
nCT/nCT384.jpg,nCT,train
nCT/nCT385.jpg,nCT,train
nCT/nCT386.jpg,nCT,train
nCT/nCT387.jpg,nCT,train
nCT/nCT388.jpg,nCT,train
nCT/nCT389.jpg,nCT,train
nCT/nCT390.jpg,nCT,train
nCT/nCT392.jpg,nCT,train
nCT/nCT393.jpg,nCT,train
nCT/nCT394.jpg,nCT,train
nCT/nCT395.jpg,nCT,train
nCT/nCT396.jpg,nCT,train
nCT/nCT397.jpg,nCT,train
nCT/nCT398.jpg,nCT,train
nCT/nCT399.jpg,nCT,train
nCT/nCT400.jpg,nCT,train
nCT/nCT401.jpg,nCT,train
nCT/nCT402.jpg,nCT,train
nCT/nCT405.jpg,nCT,train
nCT/nCT407.jpg,nCT,train
nCT/nCT408.jpg,nCT,train
nCT/nCT409.jpg,nCT,train
nCT/nCT412.jpg,nCT,train
nCT/nCT413.jpg,nCT,train
nCT/nCT414.jpg,nCT,train
nCT/nCT415.jpg,nCT,train
nCT/nCT416.jpg,nCT,train
nCT/nCT418.jpg,nCT,train
nCT/nCT419.jpg,nCT,train
nCT/nCT420.jpg,nCT,train
nCT/nCT421.jpg,nCT,train
nCT/nCT422.jpg,nCT,train
nCT/nCT423.jpg,nCT,train
nCT/nCT424.jpg,nCT,train
nCT/nCT425.jpg,nCT,train
nCT/nCT427.jpg,nCT,train
nCT/nCT428.jpg,nCT,train
nCT/nCT429.jpg,nCT,train
nCT/nCT430.jpg,nCT,train
nCT/nCT431.jpg,nCT,train
nCT/nCT432.jpg,nCT,train
nCT/nCT433.jpg,nCT,train
nCT/nCT434.jpg,nCT,train
nCT/nCT435.jpg,nCT,train
nCT/nCT436.jpg,nCT,train
nCT/nCT437.jpg,nCT,train
nCT/nCT440.jpg,nCT,train
nCT/nCT442.jpg,nCT,train
nCT/nCT443.jpg,nCT,train
nCT/nCT444.jpg,nCT,train
nCT/nCT446.jpg,nCT,train
nCT/nCT447.jpg,nCT,train
nCT/nCT448.jpg,nCT,train
nCT/nCT449.jpg,nCT,train
nCT/nCT450.jpg,nCT,train
nCT/nCT452.jpg,nCT,train
nCT/nCT453.jpg,nCT,train
nCT/nCT454.jpg,nCT,train
nCT/nCT455.jpg,nCT,train
nCT/nCT456.jpg,nCT,train
nCT/nCT457.jpg,nCT,train
nCT/nCT458.jpg,nCT,train
nCT/nCT459.jpg,nCT,train
nCT/nCT461.jpg,nCT,train
nCT/nCT462.jpg,nCT,train
nCT/nCT463.jpg,nCT,train
nCT/nCT464.jpg,nCT,train
nCT/nCT465.jpg,nCT,train
nCT/nCT466.jpg,nCT,train
nCT/nCT467.jpg,nCT,train
nCT/nCT468.jpg,nCT,train
nCT/nCT469.jpg,nCT,train
nCT/nCT470.jpg,nCT,train
nCT/nCT471.jpg,nCT,train
nCT/nCT474.jpg,nCT,train
nCT/nCT476.jpg,nCT,train
nCT/nCT477.jpg,nCT,train
nCT/nCT478.jpg,nCT,train
nCT/nCT481.jpg,nCT,train
nCT/nCT482.jpg,nCT,train
nCT/nCT483.jpg,nCT,train
nCT/nCT484.jpg,nCT,train
nCT/nCT485.jpg,nCT,train
nCT/nCT487.jpg,nCT,train
nCT/nCT488.jpg,nCT,train
nCT/nCT489.jpg,nCT,train
nCT/nCT490.jpg,nCT,train
nCT/nCT491.jpg,nCT,train
nCT/nCT492.jpg,nCT,train
nCT/nCT493.jpg,nCT,train
nCT/nCT495.jpg,nCT,train
nCT/nCT496.jpg,nCT,train
nCT/nCT497.jpg,nCT,train
nCT/nCT498.jpg,nCT,train
nCT/nCT499.jpg,nCT,train
nCT/nCT500.jpg,nCT,train
nCT/nCT501.jpg,nCT,train
nCT/nCT502.jpg,nCT,train
nCT/nCT503.jpg,nCT,train
nCT/nCT504.jpg,nCT,train
nCT/nCT505.jpg,nCT,train
nCT/nCT508.jpg,nCT,train
nCT/nCT510.jpg,nCT,train
nCT/nCT511.jpg,nCT,train
nCT/nCT512.jpg,nCT,train
nCT/nCT513.jpg,nCT,train
nCT/nCT514.jpg,nCT,train
nCT/nCT515.jpg,nCT,train
nCT/nCT516.jpg,nCT,train
nCT/nCT517.jpg,nCT,train
nCT/nCT519.jpg,nCT,train
nCT/nCT520.jpg,nCT,train
nCT/nCT521.jpg,nCT,train
nCT/nCT522.jpg,nCT,train
nCT/nCT523.jpg,nCT,train
nCT/nCT524.jpg,nCT,train
nCT/nCT525.jpg,nCT,train
nCT/nCT526.jpg,nCT,train
nCT/nCT527.jpg,nCT,train
nCT/nCT528.jpg,nCT,train
nCT/nCT529.jpg,nCT,train
nCT/nCT530.jpg,nCT,train
nCT/nCT531.jpg,nCT,train
nCT/nCT532.jpg,nCT,train
nCT/nCT533.jpg,nCT,train
nCT/nCT534.jpg,nCT,train
nCT/nCT535.jpg,nCT,train
nCT/nCT536.jpg,nCT,train
nCT/nCT539.jpg,nCT,train
nCT/nCT541.jpg,nCT,train
nCT/nCT542.jpg,nCT,train
nCT/nCT543.jpg,nCT,train
nCT/nCT545.jpg,nCT,train
nCT/nCT546.jpg,nCT,train
nCT/nCT547.jpg,nCT,train
nCT/nCT548.jpg,nCT,train
nCT/nCT549.jpg,nCT,train
nCT/nCT551.jpg,nCT,train
nCT/nCT552.jpg,nCT,train
nCT/nCT553.jpg,nCT,train
nCT/nCT554.jpg,nCT,train
nCT/nCT555.jpg,nCT,train
nCT/nCT556.jpg,nCT,train
nCT/nCT557.jpg,nCT,train
nCT/nCT558.jpg,nCT,train
nCT/nCT559.jpg,nCT,train
nCT/nCT561.jpg,nCT,train
nCT/nCT562.jpg,nCT,train
nCT/nCT563.jpg,nCT,train
nCT/nCT564.jpg,nCT,train
nCT/nCT565.jpg,nCT,train
nCT/nCT566.jpg,nCT,train
nCT/nCT567.jpg,nCT,train
nCT/nCT568.jpg,nCT,train
nCT/nCT569.jpg,nCT,train
nCT/nCT571.jpg,nCT,train
nCT/nCT572.jpg,nCT,train
nCT/nCT573.jpg,nCT,train
nCT/nCT574.jpg,nCT,train
nCT/nCT576.jpg,nCT,train
nCT/nCT577.jpg,nCT,train
nCT/nCT578.jpg,nCT,train
nCT/nCT579.jpg,nCT,train
nCT/nCT580.jpg,nCT,train
nCT/nCT582.jpg,nCT,train
nCT/nCT583.jpg,nCT,train
nCT/nCT584.jpg,nCT,train
nCT/nCT585.jpg,nCT,train
nCT/nCT586.jpg,nCT,train
nCT/nCT587.jpg,nCT,train
nCT/nCT588.jpg,nCT,train
nCT/nCT589.jpg,nCT,train
nCT/nCT590.jpg,nCT,train
nCT/nCT592.jpg,nCT,train
nCT/nCT593.jpg,nCT,train
nCT/nCT594.jpg,nCT,train
nCT/nCT595.jpg,nCT,train
nCT/nCT596.jpg,nCT,train
nCT/nCT597.jpg,nCT,train
nCT/nCT598.jpg,nCT,train
nCT/nCT599.jpg,nCT,train
nCT/nCT600.jpg,nCT,train
nCT/nCT601.jpg,nCT,train
nCT/nCT602.jpg,nCT,train
nCT/nCT604.jpg,nCT,train
nCT/nCT606.jpg,nCT,train
nCT/nCT607.jpg,nCT,train
nCT/nCT608.jpg,nCT,train
nCT/nCT611.jpg,nCT,train
nCT/nCT612.jpg,nCT,train
nCT/nCT613.jpg,nCT,train
nCT/nCT614.jpg,nCT,train
nCT/nCT615.jpg,nCT,train
nCT/nCT617.jpg,nCT,train
nCT/nCT618.jpg,nCT,train
nCT/nCT619.jpg,nCT,train
nCT/nCT620.jpg,nCT,train
nCT/nCT621.jpg,nCT,train
nCT/nCT622.jpg,nCT,train
nCT/nCT623.jpg,nCT,train
nCT/nCT624.jpg,nCT,train
nCT/nCT626.jpg,nCT,train
nCT/nCT627.jpg,nCT,train
nCT/nCT628.jpg,nCT,train
nCT/nCT629.jpg,nCT,train
nCT/nCT630.jpg,nCT,train
nCT/nCT631.jpg,nCT,train
nCT/nCT632.jpg,nCT,train
nCT/nCT633.jpg,nCT,train
nCT/nCT634.jpg,nCT,train
nCT/nCT635.jpg,nCT,train
nCT/nCT636.jpg,nCT,train
nCT/nCT639.jpg,nCT,train
nCT/nCT641.jpg,nCT,train
nCT/nCT642.jpg,nCT,train
nCT/nCT643.jpg,nCT,train
nCT/nCT645.jpg,nCT,train
nCT/nCT646.jpg,nCT,train
nCT/nCT647.jpg,nCT,train
nCT/nCT648.jpg,nCT,train
nCT/nCT649.jpg,nCT,train
nCT/nCT651.jpg,nCT,train
nCT/nCT652.jpg,nCT,train
nCT/nCT653.jpg,nCT,train
nCT/nCT654.jpg,nCT,train
nCT/nCT655.jpg,nCT,train
nCT/nCT656.jpg,nCT,train
nCT/nCT657.jpg,nCT,train
nCT/nCT658.jpg,nCT,train
nCT/nCT660.jpg,nCT,train
nCT/nCT661.jpg,nCT,train
nCT/nCT662.jpg,nCT,train
nCT/nCT663.jpg,nCT,train
nCT/nCT664.jpg,nCT,train
nCT/nCT665.jpg,nCT,train
nCT/nCT666.jpg,nCT,train
nCT/nCT667.jpg,nCT,train
nCT/nCT668.jpg,nCT,train
nCT/nCT669.jpg,nCT,train
nCT/nCT670.jpg,nCT,train
nCT/nCT672.jpg,nCT,train
nCT/nCT674.jpg,nCT,train
nCT/nCT675.jpg,nCT,train
nCT/nCT676.jpg,nCT,train
nCT/nCT678.jpg,nCT,train
nCT/nCT679.jpg,nCT,train
nCT/nCT680.jpg,nCT,train
nCT/nCT681.jpg,nCT,train
nCT/nCT682.jpg,nCT,train
nCT/nCT684.jpg,nCT,train
nCT/nCT685.jpg,nCT,train
nCT/nCT686.jpg,nCT,train
nCT/nCT687.jpg,nCT,train
nCT/nCT688.jpg,nCT,train
nCT/nCT689.jpg,nCT,train
nCT/nCT690.jpg,nCT,train
nCT/nCT691.jpg,nCT,train
nCT/nCT693.jpg,nCT,train
nCT/nCT694.jpg,nCT,train
nCT/nCT695.jpg,nCT,train
nCT/nCT696.jpg,nCT,train
nCT/nCT697.jpg,nCT,train
nCT/nCT698.jpg,nCT,train
nCT/nCT699.jpg,nCT,train
nCT/nCT700.jpg,nCT,train
nCT/nCT701.jpg,nCT,train
nCT/nCT702.jpg,nCT,train
nCT/nCT705.jpg,nCT,train
nCT/nCT707.jpg,nCT,train
nCT/nCT708.jpg,nCT,train
nCT/nCT709.jpg,nCT,train
nCT/nCT712.jpg,nCT,train
nCT/nCT713.jpg,nCT,train
nCT/nCT714.jpg,nCT,train
nCT/nCT715.jpg,nCT,train
nCT/nCT716.jpg,nCT,train
nCT/nCT718.jpg,nCT,train
nCT/nCT719.jpg,nCT,train
nCT/nCT720.jpg,nCT,train
nCT/nCT721.jpg,nCT,train
nCT/nCT722.jpg,nCT,train
nCT/nCT723.jpg,nCT,train
nCT/nCT724.jpg,nCT,train
nCT/nCT725.jpg,nCT,train
nCT/nCT726.jpg,nCT,train
nCT/nCT728.jpg,nCT,train
nCT/nCT729.jpg,nCT,train
nCT/nCT730.jpg,nCT,train
nCT/nCT731.jpg,nCT,train
nCT/nCT732.jpg,nCT,train
nCT/nCT733.jpg,nCT,train
nCT/nCT734.jpg,nCT,train
nCT/nCT735.jpg,nCT,train
nCT/nCT736.jpg,nCT,train
nCT/nCT737.jpg,nCT,train
nCT/nCT738.jpg,nCT,train
nCT/nCT741.jpg,nCT,train
nCT/nCT743.jpg,nCT,train
nCT/nCT744.jpg,nCT,train
nCT/nCT745.jpg,nCT,train
nCT/nCT748.jpg,nCT,train
nCT/nCT749.jpg,nCT,train
nCT/nCT750.jpg,nCT,train
nCT/nCT751.jpg,nCT,train
nCT/nCT752.jpg,nCT,train
nCT/nCT754.jpg,nCT,train
nCT/nCT755.jpg,nCT,train
nCT/nCT756.jpg,nCT,train
nCT/nCT757.jpg,nCT,train
nCT/nCT758.jpg,nCT,train
nCT/nCT759.jpg,nCT,train
nCT/nCT760.jpg,nCT,train
nCT/nCT761.jpg,nCT,train
nCT/nCT762.jpg,nCT,train
nCT/nCT764.jpg,nCT,train
nCT/nCT765.jpg,nCT,train
nCT/nCT766.jpg,nCT,train
nCT/nCT767.jpg,nCT,train
nCT/nCT768.jpg,nCT,train
nCT/nCT769.jpg,nCT,train
nCT/nCT770.jpg,nCT,train
nCT/nCT771.jpg,nCT,train
nCT/nCT772.jpg,nCT,train
nCT/nCT773.jpg,nCT,train
nCT/nCT776.jpg,nCT,train
nCT/nCT778.jpg,nCT,train
nCT/nCT779.jpg,nCT,train
nCT/nCT780.jpg,nCT,train
nCT/nCT783.jpg,nCT,train
nCT/nCT784.jpg,nCT,train
nCT/nCT785.jpg,nCT,train
nCT/nCT786.jpg,nCT,train
nCT/nCT788.jpg,nCT,train
nCT/nCT789.jpg,nCT,train
nCT/nCT790.jpg,nCT,train
nCT/nCT791.jpg,nCT,train
nCT/nCT792.jpg,nCT,train
nCT/nCT794.jpg,nCT,train
nCT/nCT795.jpg,nCT,train
nCT/nCT796.jpg,nCT,train
nCT/nCT797.jpg,nCT,train
nCT/nCT798.jpg,nCT,train
nCT/nCT799.jpg,nCT,train
nCT/nCT800.jpg,nCT,train
nCT/nCT801.jpg,nCT,train
nCT/nCT802.jpg,nCT,train
nCT/nCT803.jpg,nCT,train
nCT/nCT804.jpg,nCT,train
nCT/nCT807.jpg,nCT,train
nCT/nCT809.jpg,nCT,train
nCT/nCT810.jpg,nCT,train
nCT/nCT811.jpg,nCT,train
nCT/nCT813.jpg,nCT,train
nCT/nCT814.jpg,nCT,train
nCT/nCT815.jpg,nCT,train
nCT/nCT816.jpg,nCT,train
nCT/nCT818.jpg,nCT,train
nCT/nCT819.jpg,nCT,train
nCT/nCT820.jpg,nCT,train
nCT/nCT821.jpg,nCT,train
nCT/nCT822.jpg,nCT,train
nCT/nCT824.jpg,nCT,train
nCT/nCT825.jpg,nCT,train
nCT/nCT826.jpg,nCT,train
nCT/nCT827.jpg,nCT,train
nCT/nCT828.jpg,nCT,train
nCT/nCT829.jpg,nCT,train
nCT/nCT830.jpg,nCT,train
nCT/nCT831.jpg,nCT,train
nCT/nCT832.jpg,nCT,train
nCT/nCT833.jpg,nCT,train
nCT/nCT834.jpg,nCT,train
nCT/nCT835.jpg,nCT,train
nCT/nCT838.jpg,nCT,train
nCT/nCT840.jpg,nCT,train
nCT/nCT841.jpg,nCT,train
nCT/nCT842.jpg,nCT,train
nCT/nCT844.jpg,nCT,train
nCT/nCT845.jpg,nCT,train
nCT/nCT846.jpg,nCT,train
nCT/nCT847.jpg,nCT,train
nCT/nCT849.jpg,nCT,train
nCT/nCT850.jpg,nCT,train
nCT/nCT851.jpg,nCT,train
nCT/nCT852.jpg,nCT,train
nCT/nCT853.jpg,nCT,train
nCT/nCT855.jpg,nCT,train
nCT/nCT856.jpg,nCT,train
nCT/nCT857.jpg,nCT,train
nCT/nCT858.jpg,nCT,train
nCT/nCT859.jpg,nCT,train
nCT/nCT860.jpg,nCT,train
nCT/nCT861.jpg,nCT,train
nCT/nCT862.jpg,nCT,train
nCT/nCT863.jpg,nCT,train
nCT/nCT864.jpg,nCT,train
nCT/nCT865.jpg,nCT,train
nCT/nCT868.jpg,nCT,train
nCT/nCT870.jpg,nCT,train
nCT/nCT871.jpg,nCT,train
nCT/nCT872.jpg,nCT,train
nCT/nCT874.jpg,nCT,train
nCT/nCT875.jpg,nCT,train
nCT/nCT876.jpg,nCT,train
nCT/nCT877.jpg,nCT,train
nCT/nCT879.jpg,nCT,train
nCT/nCT880.jpg,nCT,train
nCT/nCT881.jpg,nCT,train
nCT/nCT882.jpg,nCT,train
nCT/nCT883.jpg,nCT,train
nCT/nCT885.jpg,nCT,train
nCT/nCT886.jpg,nCT,train
nCT/nCT887.jpg,nCT,train
nCT/nCT888.jpg,nCT,train
nCT/nCT889.jpg,nCT,train
nCT/nCT890.jpg,nCT,train
nCT/nCT891.jpg,nCT,train
nCT/nCT892.jpg,nCT,train
nCT/nCT893.jpg,nCT,train
nCT/nCT894.jpg,nCT,train
nCT/nCT895.jpg,nCT,train
nCT/nCT898.jpg,nCT,train
nCT/nCT900.jpg,nCT,train
nCT/nCT901.jpg,nCT,train
nCT/nCT902.jpg,nCT,train
nCT/nCT904.jpg,nCT,train
nCT/nCT905.jpg,nCT,train
nCT/nCT906.jpg,nCT,train
nCT/nCT907.jpg,nCT,train
nCT/nCT909.jpg,nCT,train
nCT/nCT910.jpg,nCT,train
nCT/nCT911.jpg,nCT,train
nCT/nCT912.jpg,nCT,train
nCT/nCT913.jpg,nCT,train
nCT/nCT915.jpg,nCT,train
nCT/nCT916.jpg,nCT,train
nCT/nCT917.jpg,nCT,train
nCT/nCT918.jpg,nCT,train
nCT/nCT919.jpg,nCT,train
nCT/nCT920.jpg,nCT,train
nCT/nCT921.jpg,nCT,train
nCT/nCT922.jpg,nCT,train
nCT/nCT923.jpg,nCT,train
nCT/nCT924.jpg,nCT,train
nCT/nCT925.jpg,nCT,train
nCT/nCT928.jpg,nCT,train
nCT/nCT930.jpg,nCT,train
nCT/nCT931.jpg,nCT,train
nCT/nCT932.jpg,nCT,train
nCT/nCT934.jpg,nCT,train
nCT/nCT935.jpg,nCT,train
nCT/nCT936.jpg,nCT,train
nCT/nCT938.jpg,nCT,train
nCT/nCT939.jpg,nCT,train
nCT/nCT940.jpg,nCT,train
nCT/nCT941.jpg,nCT,train
nCT/nCT942.jpg,nCT,train
nCT/nCT943.jpg,nCT,train
nCT/nCT945.jpg,nCT,train
nCT/nCT946.jpg,nCT,train
nCT/nCT947.jpg,nCT,train
nCT/nCT948.jpg,nCT,train
nCT/nCT949.jpg,nCT,train
nCT/nCT950.jpg,nCT,train
nCT/nCT951.jpg,nCT,train
nCT/nCT952.jpg,nCT,train
nCT/nCT953.jpg,nCT,train
nCT/nCT954.jpg,nCT,train
nCT/nCT957.jpg,nCT,train
nCT/nCT958.jpg,nCT,train
nCT/nCT959.jpg,nCT,train
nCT/nCT960.jpg,nCT,train
nCT/nCT963.jpg,nCT,train
nCT/nCT964.jpg,nCT,train
nCT/nCT965.jpg,nCT,train
nCT/nCT967.jpg,nCT,train
nCT/nCT968.jpg,nCT,train
nCT/nCT969.jpg,nCT,train
nCT/nCT970.jpg,nCT,train
nCT/nCT971.jpg,nCT,train
nCT/nCT972.jpg,nCT,train
nCT/nCT974.jpg,nCT,train
nCT/nCT975.jpg,nCT,train
nCT/nCT976.jpg,nCT,train
nCT/nCT977.jpg,nCT,train
nCT/nCT978.jpg,nCT,train
nCT/nCT979.jpg,nCT,train
nCT/nCT980.jpg,nCT,train
nCT/nCT981.jpg,nCT,train
nCT/nCT982.jpg,nCT,train
nCT/nCT983.jpg,nCT,train
nCT/nCT987.jpg,nCT,train
nCT/nCT988.jpg,nCT,train
nCT/nCT989.jpg,nCT,train
nCT/nCT990.jpg,nCT,train
nCT/nCT992.jpg,nCT,train
nCT/nCT993.jpg,nCT,train
nCT/nCT994.jpg,nCT,train
nCT/nCT995.jpg,nCT,train
nCT/nCT996.jpg,nCT,train
nCT/nCT997.jpg,nCT,train
nCT/nCT998.jpg,nCT,train
nCT/nCT999.jpg,nCT,train
nCT/nCT1001.jpg,nCT,train
nCT/nCT1002.jpg,nCT,train
nCT/nCT1003.jpg,nCT,train
nCT/nCT1004.jpg,nCT,train
nCT/nCT1005.jpg,nCT,train
nCT/nCT1006.jpg,nCT,train
nCT/nCT1007.jpg,nCT,train
nCT/nCT1008.jpg,nCT,train
nCT/nCT1009.jpg,nCT,train
nCT/nCT1010.jpg,nCT,train
nCT/nCT1015.jpg,nCT,train
nCT/nCT1016.jpg,nCT,train
nCT/nCT1017.jpg,nCT,train
nCT/nCT1018.jpg,nCT,train
nCT/nCT1020.jpg,nCT,train
nCT/nCT1021.jpg,nCT,train
nCT/nCT1022.jpg,nCT,train
nCT/nCT1023.jpg,nCT,train
nCT/nCT1024.jpg,nCT,train
nCT/nCT1025.jpg,nCT,train
nCT/nCT1026.jpg,nCT,train
nCT/nCT1027.jpg,nCT,train
nCT/nCT1029.jpg,nCT,train
nCT/nCT1030.jpg,nCT,train
nCT/nCT1031.jpg,nCT,train
nCT/nCT1032.jpg,nCT,train
nCT/nCT1033.jpg,nCT,train
nCT/nCT1034.jpg,nCT,train
nCT/nCT1035.jpg,nCT,train
nCT/nCT1036.jpg,nCT,train
nCT/nCT1037.jpg,nCT,train
nCT/nCT1042.jpg,nCT,train
nCT/nCT1043.jpg,nCT,train
nCT/nCT1044.jpg,nCT,train
nCT/nCT1045.jpg,nCT,train
nCT/nCT1047.jpg,nCT,train
nCT/nCT1048.jpg,nCT,train
nCT/nCT1049.jpg,nCT,train
nCT/nCT1050.jpg,nCT,train
nCT/nCT1051.jpg,nCT,train
nCT/nCT1052.jpg,nCT,train
nCT/nCT1053.jpg,nCT,train
nCT/nCT1054.jpg,nCT,train
nCT/nCT1056.jpg,nCT,train
nCT/nCT1057.jpg,nCT,train
nCT/nCT1058.jpg,nCT,train
nCT/nCT1059.jpg,nCT,train
nCT/nCT1060.jpg,nCT,train
nCT/nCT1061.jpg,nCT,train
nCT/nCT1062.jpg,nCT,train
nCT/nCT1063.jpg,nCT,train
nCT/nCT1064.jpg,nCT,train
nCT/nCT1065.jpg,nCT,train
nCT/nCT1070.jpg,nCT,train
nCT/nCT1071.jpg,nCT,train
nCT/nCT1072.jpg,nCT,train
nCT/nCT1073.jpg,nCT,train
nCT/nCT1075.jpg,nCT,train
nCT/nCT1076.jpg,nCT,train
nCT/nCT1077.jpg,nCT,train
nCT/nCT1078.jpg,nCT,train
nCT/nCT1079.jpg,nCT,train
nCT/nCT1080.jpg,nCT,train
nCT/nCT1081.jpg,nCT,train
nCT/nCT1082.jpg,nCT,train
nCT/nCT1084.jpg,nCT,train
nCT/nCT1085.jpg,nCT,train
nCT/nCT1086.jpg,nCT,train
nCT/nCT1087.jpg,nCT,train
nCT/nCT1088.jpg,nCT,train
nCT/nCT1089.jpg,nCT,train
nCT/nCT1090.jpg,nCT,train
nCT/nCT1091.jpg,nCT,train
nCT/nCT1092.jpg,nCT,train
nCT/nCT1093.jpg,nCT,train
nCT/nCT1098.jpg,nCT,train
nCT/nCT1099.jpg,nCT,train
nCT/nCT1100.jpg,nCT,train
nCT/nCT1102.jpg,nCT,train
nCT/nCT1103.jpg,nCT,train
nCT/nCT1104.jpg,nCT,train
nCT/nCT1105.jpg,nCT,train
nCT/nCT1106.jpg,nCT,train
nCT/nCT1107.jpg,nCT,train
nCT/nCT1108.jpg,nCT,train
nCT/nCT1109.jpg,nCT,train
nCT/nCT1111.jpg,nCT,train
nCT/nCT1112.jpg,nCT,train
nCT/nCT1113.jpg,nCT,train
nCT/nCT1114.jpg,nCT,train
nCT/nCT1115.jpg,nCT,train
nCT/nCT1116.jpg,nCT,train
nCT/nCT1117.jpg,nCT,train
nCT/nCT1118.jpg,nCT,train
nCT/nCT1119.jpg,nCT,train
nCT/nCT1124.jpg,nCT,train
nCT/nCT1125.jpg,nCT,train
nCT/nCT1126.jpg,nCT,train
nCT/nCT1127.jpg,nCT,train
nCT/nCT1129.jpg,nCT,train
nCT/nCT1130.jpg,nCT,train
nCT/nCT1131.jpg,nCT,train
nCT/nCT1132.jpg,nCT,train
nCT/nCT1133.jpg,nCT,train
nCT/nCT1134.jpg,nCT,train
nCT/nCT1135.jpg,nCT,train
nCT/nCT1136.jpg,nCT,train
nCT/nCT1138.jpg,nCT,train
nCT/nCT1139.jpg,nCT,train
nCT/nCT1140.jpg,nCT,train
nCT/nCT1141.jpg,nCT,train
nCT/nCT1142.jpg,nCT,train
nCT/nCT1143.jpg,nCT,train
nCT/nCT1144.jpg,nCT,train
nCT/nCT1145.jpg,nCT,train
nCT/nCT1146.jpg,nCT,train
nCT/nCT1151.jpg,nCT,train
nCT/nCT1152.jpg,nCT,train
nCT/nCT1153.jpg,nCT,train
nCT/nCT1154.jpg,nCT,train
nCT/nCT1156.jpg,nCT,train
nCT/nCT1157.jpg,nCT,train
nCT/nCT1158.jpg,nCT,train
nCT/nCT1159.jpg,nCT,train
nCT/nCT1160.jpg,nCT,train
nCT/nCT1161.jpg,nCT,train
nCT/nCT1162.jpg,nCT,train
nCT/nCT1164.jpg,nCT,train
nCT/nCT1165.jpg,nCT,train
nCT/nCT1166.jpg,nCT,train
nCT/nCT1167.jpg,nCT,train
nCT/nCT1168.jpg,nCT,train
nCT/nCT1169.jpg,nCT,train
nCT/nCT1170.jpg,nCT,train
nCT/nCT1171.jpg,nCT,train
nCT/nCT1176.jpg,nCT,train
nCT/nCT1177.jpg,nCT,train
nCT/nCT1178.jpg,nCT,train
nCT/nCT1179.jpg,nCT,train
nCT/nCT1181.jpg,nCT,train
nCT/nCT1182.jpg,nCT,train
nCT/nCT1183.jpg,nCT,train
nCT/nCT1184.jpg,nCT,train
nCT/nCT1185.jpg,nCT,train
nCT/nCT1186.jpg,nCT,train
nCT/nCT1187.jpg,nCT,train
nCT/nCT1188.jpg,nCT,train
nCT/nCT1190.jpg,nCT,train
nCT/nCT1191.jpg,nCT,train
nCT/nCT1192.jpg,nCT,train
nCT/nCT1193.jpg,nCT,train
nCT/nCT1194.jpg,nCT,train
nCT/nCT1195.jpg,nCT,train
nCT/nCT1196.jpg,nCT,train
nCT/nCT1197.jpg,nCT,train
nCT/nCT1202.jpg,nCT,train
nCT/nCT1203.jpg,nCT,train
nCT/nCT1204.jpg,nCT,train
nCT/nCT1205.jpg,nCT,train
nCT/nCT1206.jpg,nCT,train
nCT/nCT1207.jpg,nCT,train
nCT/nCT1208.jpg,nCT,train
nCT/nCT1209.jpg,nCT,train
nCT/nCT1210.jpg,nCT,train
nCT/nCT1211.jpg,nCT,train
nCT/nCT1212.jpg,nCT,train
nCT/nCT1213.jpg,nCT,train
nCT/nCT1215.jpg,nCT,train
nCT/nCT1216.jpg,nCT,train
nCT/nCT1217.jpg,nCT,train
nCT/nCT1218.jpg,nCT,train
nCT/nCT1219.jpg,nCT,train
nCT/nCT1220.jpg,nCT,train
nCT/nCT1221.jpg,nCT,train
nCT/nCT1226.jpg,nCT,train
nCT/nCT1227.jpg,nCT,train
nCT/nCT1228.jpg,nCT,train
nCT/nCT1229.jpg,nCT,train
nCT/nCT1231.jpg,nCT,train
nCT/nCT1232.jpg,nCT,train
nCT/nCT1233.jpg,nCT,train
nCT/nCT1234.jpg,nCT,train
nCT/nCT1235.jpg,nCT,train
nCT/nCT1236.jpg,nCT,train
nCT/nCT1237.jpg,nCT,train
nCT/nCT1238.jpg,nCT,train
nCT/nCT1240.jpg,nCT,train
nCT/nCT1241.jpg,nCT,train
nCT/nCT1242.jpg,nCT,train
nCT/nCT1243.jpg,nCT,train
nCT/nCT1244.jpg,nCT,train
nCT/nCT1245.jpg,nCT,train
nCT/nCT1250.jpg,nCT,train
nCT/nCT1251.jpg,nCT,train
nCT/nCT1252.jpg,nCT,train
nCT/nCT1253.jpg,nCT,train
nCT/nCT1255.jpg,nCT,train
nCT/nCT1256.jpg,nCT,train
nCT/nCT1257.jpg,nCT,train
nCT/nCT1258.jpg,nCT,train
nCT/nCT1259.jpg,nCT,train
nCT/nCT1260.jpg,nCT,train
nCT/nCT1261.jpg,nCT,train
nCT/nCT1262.jpg,nCT,train
nCT/nCT1264.jpg,nCT,train
nCT/nCT1265.jpg,nCT,train
nCT/nCT1266.jpg,nCT,train
nCT/nCT1267.jpg,nCT,train
nCT/nCT1268.jpg,nCT,train
nCT/nCT1269.jpg,nCT,train
nCT/nCT1270.jpg,nCT,train
nCT/nCT1271.jpg,nCT,train
nCT/nCT1275.jpg,nCT,train
nCT/nCT1276.jpg,nCT,train
nCT/nCT1277.jpg,nCT,train
nCT/nCT1278.jpg,nCT,train
nCT/nCT1280.jpg,nCT,train
nCT/nCT1281.jpg,nCT,train
nCT/nCT1282.jpg,nCT,train
nCT/nCT1283.jpg,nCT,train
nCT/nCT1284.jpg,nCT,train
nCT/nCT1285.jpg,nCT,train
nCT/nCT1286.jpg,nCT,train
nCT/nCT1288.jpg,nCT,train
nCT/nCT1289.jpg,nCT,train
nCT/nCT1290.jpg,nCT,train
nCT/nCT1291.jpg,nCT,train
nCT/nCT1292.jpg,nCT,train
nCT/nCT1293.jpg,nCT,train
nCT/nCT1294.jpg,nCT,train
nCT/nCT1295.jpg,nCT,train
nCT/nCT1299.jpg,nCT,train
nCT/nCT1300.jpg,nCT,train
nCT/nCT1301.jpg,nCT,train
nCT/nCT1302.jpg,nCT,train
nCT/nCT1304.jpg,nCT,train
nCT/nCT1305.jpg,nCT,train
nCT/nCT1306.jpg,nCT,train
nCT/nCT1307.jpg,nCT,train
nCT/nCT1308.jpg,nCT,train
nCT/nCT1309.jpg,nCT,train
nCT/nCT1310.jpg,nCT,train
nCT/nCT1311.jpg,nCT,train
nCT/nCT1313.jpg,nCT,train
nCT/nCT1314.jpg,nCT,train
nCT/nCT1315.jpg,nCT,train
nCT/nCT1316.jpg,nCT,train
nCT/nCT1317.jpg,nCT,train
nCT/nCT1318.jpg,nCT,train
nCT/nCT1319.jpg,nCT,train
nCT/nCT1320.jpg,nCT,train
nCT/nCT1324.jpg,nCT,train
nCT/nCT1325.jpg,nCT,train
nCT/nCT1326.jpg,nCT,train
nCT/nCT1327.jpg,nCT,train
nCT/nCT1329.jpg,nCT,train
nCT/nCT1330.jpg,nCT,train
nCT/nCT1331.jpg,nCT,train
nCT/nCT1332.jpg,nCT,train
nCT/nCT1333.jpg,nCT,train
nCT/nCT1334.jpg,nCT,train
nCT/nCT1335.jpg,nCT,train
nCT/nCT1336.jpg,nCT,train
nCT/nCT1338.jpg,nCT,train
nCT/nCT1339.jpg,nCT,train
nCT/nCT1340.jpg,nCT,train
nCT/nCT1341.jpg,nCT,train
nCT/nCT1342.jpg,nCT,train
nCT/nCT1343.jpg,nCT,train
nCT/nCT1347.jpg,nCT,train
nCT/nCT1348.jpg,nCT,train
nCT/nCT1349.jpg,nCT,train
nCT/nCT1350.jpg,nCT,train
nCT/nCT1353.jpg,nCT,train
nCT/nCT1354.jpg,nCT,train
nCT/nCT1355.jpg,nCT,train
nCT/nCT1356.jpg,nCT,train
nCT/nCT1357.jpg,nCT,train
nCT/nCT1358.jpg,nCT,train
nCT/nCT1359.jpg,nCT,train
nCT/nCT1360.jpg,nCT,train
nCT/nCT1361.jpg,nCT,train
nCT/nCT1362.jpg,nCT,train
nCT/nCT1363.jpg,nCT,train
nCT/nCT1364.jpg,nCT,train
nCT/nCT1365.jpg,nCT,train
nCT/nCT1366.jpg,nCT,train
nCT/nCT1367.jpg,nCT,train
nCT/nCT1368.jpg,nCT,train
nCT/nCT1372.jpg,nCT,train
nCT/nCT1373.jpg,nCT,train
nCT/nCT1374.jpg,nCT,train
nCT/nCT1375.jpg,nCT,train
nCT/nCT1377.jpg,nCT,train
nCT/nCT1378.jpg,nCT,train
nCT/nCT1379.jpg,nCT,train
nCT/nCT1380.jpg,nCT,train
nCT/nCT1381.jpg,nCT,train
nCT/nCT1382.jpg,nCT,train
nCT/nCT1383.jpg,nCT,train
nCT/nCT1384.jpg,nCT,train
nCT/nCT1385.jpg,nCT,train
nCT/nCT1386.jpg,nCT,train
nCT/nCT1387.jpg,nCT,train
nCT/nCT1388.jpg,nCT,train
nCT/nCT1389.jpg,nCT,train
nCT/nCT1390.jpg,nCT,train
nCT/nCT1391.jpg,nCT,train
nCT/nCT1395.jpg,nCT,train
nCT/nCT1396.jpg,nCT,train
nCT/nCT1397.jpg,nCT,train
nCT/nCT1398.jpg,nCT,train
nCT/nCT1401.jpg,nCT,train
nCT/nCT1402.jpg,nCT,train
nCT/nCT1403.jpg,nCT,train
nCT/nCT1404.jpg,nCT,train
nCT/nCT1405.jpg,nCT,train
nCT/nCT1406.jpg,nCT,train
nCT/nCT1407.jpg,nCT,train
nCT/nCT1408.jpg,nCT,train
nCT/nCT1409.jpg,nCT,train
nCT/nCT1410.jpg,nCT,train
nCT/nCT1411.jpg,nCT,train
nCT/nCT1412.jpg,nCT,train
nCT/nCT1413.jpg,nCT,train
nCT/nCT1414.jpg,nCT,train
nCT/nCT1415.jpg,nCT,train
nCT/nCT1419.jpg,nCT,train
nCT/nCT1420.jpg,nCT,train
nCT/nCT1421.jpg,nCT,train
nCT/nCT1424.jpg,nCT,train
nCT/nCT1425.jpg,nCT,train
nCT/nCT1426.jpg,nCT,train
nCT/nCT1427.jpg,nCT,train
nCT/nCT1428.jpg,nCT,train
nCT/nCT1429.jpg,nCT,train
nCT/nCT1430.jpg,nCT,train
nCT/nCT1431.jpg,nCT,train
nCT/nCT1432.jpg,nCT,train
nCT/nCT1433.jpg,nCT,train
nCT/nCT1434.jpg,nCT,train
nCT/nCT1435.jpg,nCT,train
nCT/nCT1436.jpg,nCT,train
nCT/nCT1437.jpg,nCT,train
nCT/nCT1438.jpg,nCT,train
nCT/nCT1443.jpg,nCT,train
nCT/nCT1444.jpg,nCT,train
nCT/nCT1447.jpg,nCT,train
nCT/nCT1448.jpg,nCT,train
nCT/nCT1449.jpg,nCT,train
nCT/nCT1450.jpg,nCT,train
nCT/nCT1451.jpg,nCT,train
nCT/nCT1452.jpg,nCT,train
nCT/nCT1453.jpg,nCT,train
nCT/nCT1454.jpg,nCT,train
nCT/nCT1455.jpg,nCT,train
nCT/nCT1456.jpg,nCT,train
nCT/nCT1457.jpg,nCT,train
nCT/nCT1458.jpg,nCT,train
nCT/nCT1459.jpg,nCT,train
nCT/nCT1460.jpg,nCT,train
nCT/nCT1461.jpg,nCT,train
nCT/nCT1462.jpg,nCT,train
nCT/nCT1467.jpg,nCT,train
nCT/nCT1468.jpg,nCT,train
nCT/nCT1471.jpg,nCT,train
nCT/nCT1472.jpg,nCT,train
nCT/nCT1473.jpg,nCT,train
nCT/nCT1474.jpg,nCT,train
nCT/nCT1475.jpg,nCT,train
nCT/nCT1476.jpg,nCT,train
nCT/nCT1477.jpg,nCT,train
nCT/nCT1478.jpg,nCT,train
nCT/nCT1479.jpg,nCT,train
nCT/nCT1480.jpg,nCT,train
nCT/nCT1481.jpg,nCT,train
nCT/nCT1482.jpg,nCT,train
nCT/nCT1483.jpg,nCT,train
nCT/nCT1484.jpg,nCT,train
nCT/nCT1485.jpg,nCT,train
nCT/nCT1486.jpg,nCT,train
nCT/nCT1491.jpg,nCT,train
nCT/nCT1493.jpg,nCT,train
nCT/nCT1494.jpg,nCT,train
nCT/nCT1495.jpg,nCT,train
nCT/nCT1496.jpg,nCT,train
nCT/nCT1497.jpg,nCT,train
nCT/nCT1498.jpg,nCT,train
nCT/nCT1499.jpg,nCT,train
nCT/nCT1500.jpg,nCT,train
nCT/nCT1501.jpg,nCT,train
nCT/nCT1502.jpg,nCT,train
nCT/nCT1503.jpg,nCT,train
nCT/nCT1504.jpg,nCT,train
nCT/nCT1505.jpg,nCT,train
nCT/nCT1506.jpg,nCT,train
nCT/nCT1507.jpg,nCT,train
nCT/nCT1508.jpg,nCT,train
nCT/nCT1512.jpg,nCT,train
nCT/nCT1513.jpg,nCT,train
nCT/nCT1515.jpg,nCT,train
nCT/nCT1516.jpg,nCT,train
nCT/nCT1517.jpg,nCT,train
nCT/nCT1518.jpg,nCT,train
nCT/nCT1519.jpg,nCT,train
nCT/nCT1520.jpg,nCT,train
nCT/nCT1521.jpg,nCT,train
nCT/nCT1522.jpg,nCT,train
nCT/nCT1523.jpg,nCT,train
nCT/nCT1524.jpg,nCT,train
nCT/nCT1525.jpg,nCT,train
nCT/nCT1526.jpg,nCT,train
nCT/nCT1527.jpg,nCT,train
nCT/nCT1528.jpg,nCT,train
nCT/nCT1529.jpg,nCT,train
nCT/nCT1533.jpg,nCT,train
nCT/nCT1535.jpg,nCT,train
nCT/nCT1536.jpg,nCT,train
nCT/nCT1537.jpg,nCT,train
nCT/nCT1538.jpg,nCT,train
nCT/nCT1539.jpg,nCT,train
nCT/nCT1540.jpg,nCT,train
nCT/nCT1541.jpg,nCT,train
nCT/nCT1542.jpg,nCT,train
nCT/nCT1543.jpg,nCT,train
nCT/nCT1544.jpg,nCT,train
nCT/nCT1545.jpg,nCT,train
nCT/nCT1546.jpg,nCT,train
nCT/nCT1547.jpg,nCT,train
nCT/nCT1548.jpg,nCT,train
nCT/nCT1549.jpg,nCT,train
nCT/nCT1550.jpg,nCT,train
nCT/nCT1556.jpg,nCT,train
nCT/nCT1558.jpg,nCT,train
nCT/nCT1559.jpg,nCT,train
nCT/nCT1560.jpg,nCT,train
nCT/nCT1561.jpg,nCT,train
nCT/nCT1562.jpg,nCT,train
nCT/nCT1563.jpg,nCT,train
nCT/nCT1564.jpg,nCT,train
nCT/nCT1565.jpg,nCT,train
nCT/nCT1566.jpg,nCT,train
nCT/nCT1567.jpg,nCT,train
nCT/nCT1568.jpg,nCT,train
nCT/nCT1569.jpg,nCT,train
nCT/nCT1570.jpg,nCT,train
nCT/nCT1571.jpg,nCT,train
nCT/nCT1572.jpg,nCT,train
nCT/nCT1573.jpg,nCT,train
nCT/nCT1579.jpg,nCT,train
nCT/nCT1581.jpg,nCT,train
nCT/nCT1582.jpg,nCT,train
nCT/nCT1583.jpg,nCT,train
nCT/nCT1584.jpg,nCT,train
nCT/nCT1585.jpg,nCT,train
nCT/nCT1586.jpg,nCT,train
nCT/nCT1587.jpg,nCT,train
nCT/nCT1588.jpg,nCT,train
nCT/nCT1589.jpg,nCT,train
nCT/nCT1590.jpg,nCT,train
nCT/nCT1591.jpg,nCT,train
nCT/nCT1592.jpg,nCT,train
nCT/nCT1593.jpg,nCT,train
nCT/nCT1594.jpg,nCT,train
nCT/nCT1595.jpg,nCT,train
nCT/nCT1601.jpg,nCT,train
nCT/nCT1603.jpg,nCT,train
nCT/nCT1604.jpg,nCT,train
nCT/nCT1605.jpg,nCT,train
nCT/nCT1606.jpg,nCT,train
nCT/nCT1607.jpg,nCT,train
nCT/nCT1608.jpg,nCT,train
nCT/nCT1609.jpg,nCT,train
nCT/nCT1610.jpg,nCT,train
nCT/nCT1611.jpg,nCT,train
nCT/nCT1612.jpg,nCT,train
nCT/nCT1613.jpg,nCT,train
nCT/nCT1614.jpg,nCT,train
nCT/nCT1615.jpg,nCT,train
nCT/nCT1616.jpg,nCT,train
nCT/nCT1617.jpg,nCT,train
nCT/nCT1622.jpg,nCT,train
nCT/nCT1624.jpg,nCT,train
nCT/nCT1625.jpg,nCT,train
nCT/nCT1626.jpg,nCT,train
nCT/nCT1627.jpg,nCT,train
nCT/nCT1628.jpg,nCT,train
nCT/nCT1629.jpg,nCT,train
nCT/nCT1630.jpg,nCT,train
nCT/nCT1631.jpg,nCT,train
nCT/nCT1632.jpg,nCT,train
nCT/nCT1633.jpg,nCT,train
nCT/nCT1634.jpg,nCT,train
nCT/nCT1635.jpg,nCT,train
nCT/nCT1636.jpg,nCT,train
nCT/nCT1637.jpg,nCT,train
nCT/nCT1638.jpg,nCT,train
nCT/nCT1639.jpg,nCT,train
nCT/nCT1645.jpg,nCT,train
nCT/nCT1647.jpg,nCT,train
nCT/nCT1648.jpg,nCT,train
nCT/nCT1649.jpg,nCT,train
nCT/nCT1650.jpg,nCT,train
nCT/nCT1651.jpg,nCT,train
nCT/nCT1652.jpg,nCT,train
nCT/nCT1653.jpg,nCT,train
nCT/nCT1654.jpg,nCT,train
nCT/nCT1655.jpg,nCT,train
nCT/nCT1656.jpg,nCT,train
nCT/nCT1657.jpg,nCT,train
nCT/nCT1658.jpg,nCT,train
nCT/nCT1659.jpg,nCT,train
nCT/nCT1660.jpg,nCT,train
nCT/nCT1661.jpg,nCT,train
nCT/nCT1667.jpg,nCT,train
nCT/nCT1668.jpg,nCT,train
nCT/nCT1669.jpg,nCT,train
nCT/nCT1670.jpg,nCT,train
nCT/nCT1671.jpg,nCT,train
nCT/nCT1672.jpg,nCT,train
nCT/nCT1673.jpg,nCT,train
nCT/nCT1674.jpg,nCT,train
nCT/nCT1675.jpg,nCT,train
nCT/nCT1676.jpg,nCT,train
nCT/nCT1677.jpg,nCT,train
nCT/nCT1678.jpg,nCT,train
nCT/nCT1679.jpg,nCT,train
nCT/nCT1680.jpg,nCT,train
nCT/nCT1681.jpg,nCT,train
nCT/nCT1682.jpg,nCT,train
nCT/nCT1686.jpg,nCT,train
nCT/nCT1688.jpg,nCT,train
nCT/nCT1689.jpg,nCT,train
nCT/nCT1690.jpg,nCT,train
nCT/nCT1691.jpg,nCT,train
nCT/nCT1692.jpg,nCT,train
nCT/nCT1693.jpg,nCT,train
nCT/nCT1694.jpg,nCT,train
nCT/nCT1695.jpg,nCT,train
nCT/nCT1696.jpg,nCT,train
nCT/nCT1697.jpg,nCT,train
nCT/nCT1698.jpg,nCT,train
nCT/nCT1699.jpg,nCT,train
nCT/nCT1700.jpg,nCT,train
nCT/nCT1701.jpg,nCT,train
nCT/nCT1704.jpg,nCT,train
nCT/nCT1705.jpg,nCT,train
nCT/nCT1706.jpg,nCT,train
nCT/nCT1707.jpg,nCT,train
nCT/nCT1708.jpg,nCT,train
nCT/nCT1709.jpg,nCT,train
nCT/nCT1710.jpg,nCT,train
nCT/nCT1711.jpg,nCT,train
nCT/nCT1712.jpg,nCT,train
nCT/nCT1713.jpg,nCT,train
nCT/nCT1714.jpg,nCT,train
nCT/nCT1715.jpg,nCT,train
nCT/nCT1716.jpg,nCT,train
nCT/nCT1717.jpg,nCT,train
nCT/nCT1718.jpg,nCT,train
nCT/nCT1719.jpg,nCT,train
nCT/nCT1723.jpg,nCT,train
nCT/nCT1725.jpg,nCT,train
nCT/nCT1726.jpg,nCT,train
nCT/nCT1727.jpg,nCT,train
nCT/nCT1728.jpg,nCT,train
nCT/nCT1729.jpg,nCT,train
nCT/nCT1730.jpg,nCT,train
nCT/nCT1731.jpg,nCT,train
nCT/nCT1732.jpg,nCT,train
nCT/nCT1733.jpg,nCT,train
nCT/nCT1734.jpg,nCT,train
nCT/nCT1735.jpg,nCT,train
nCT/nCT1736.jpg,nCT,train
nCT/nCT1737.jpg,nCT,train
nCT/nCT1738.jpg,nCT,train
nCT/nCT1739.jpg,nCT,train
nCT/nCT1744.jpg,nCT,train
nCT/nCT1746.jpg,nCT,train
nCT/nCT1747.jpg,nCT,train
nCT/nCT1748.jpg,nCT,train
nCT/nCT1749.jpg,nCT,train
nCT/nCT1750.jpg,nCT,train
nCT/nCT1751.jpg,nCT,train
nCT/nCT1752.jpg,nCT,train
nCT/nCT1753.jpg,nCT,train
nCT/nCT1754.jpg,nCT,train
nCT/nCT1755.jpg,nCT,train
nCT/nCT1756.jpg,nCT,train
nCT/nCT1757.jpg,nCT,train
nCT/nCT1758.jpg,nCT,train
nCT/nCT1759.jpg,nCT,train
nCT/nCT1760.jpg,nCT,train
nCT/nCT1763.jpg,nCT,train
nCT/nCT1764.jpg,nCT,train
nCT/nCT1765.jpg,nCT,train
nCT/nCT1766.jpg,nCT,train
nCT/nCT1767.jpg,nCT,train
nCT/nCT1768.jpg,nCT,train
nCT/nCT1769.jpg,nCT,train
nCT/nCT1770.jpg,nCT,train
nCT/nCT1771.jpg,nCT,train
nCT/nCT1772.jpg,nCT,train
nCT/nCT1773.jpg,nCT,train
nCT/nCT1774.jpg,nCT,train
nCT/nCT1775.jpg,nCT,train
nCT/nCT1776.jpg,nCT,train
nCT/nCT1777.jpg,nCT,train
nCT/nCT1778.jpg,nCT,train
nCT/nCT1784.jpg,nCT,train
nCT/nCT1785.jpg,nCT,train
nCT/nCT1786.jpg,nCT,train
nCT/nCT1787.jpg,nCT,train
nCT/nCT1788.jpg,nCT,train
nCT/nCT1789.jpg,nCT,train
nCT/nCT1790.jpg,nCT,train
nCT/nCT1791.jpg,nCT,train
nCT/nCT1792.jpg,nCT,train
nCT/nCT1793.jpg,nCT,train
nCT/nCT1794.jpg,nCT,train
nCT/nCT1795.jpg,nCT,train
nCT/nCT1796.jpg,nCT,train
nCT/nCT1797.jpg,nCT,train
nCT/nCT1800.jpg,nCT,train
nCT/nCT1801.jpg,nCT,train
nCT/nCT1802.jpg,nCT,train
nCT/nCT1803.jpg,nCT,train
nCT/nCT1804.jpg,nCT,train
nCT/nCT1805.jpg,nCT,train
nCT/nCT1806.jpg,nCT,train
nCT/nCT1807.jpg,nCT,train
nCT/nCT1808.jpg,nCT,train
nCT/nCT1809.jpg,nCT,train
nCT/nCT1810.jpg,nCT,train
nCT/nCT1811.jpg,nCT,train
nCT/nCT1812.jpg,nCT,train
nCT/nCT1816.jpg,nCT,train
nCT/nCT1817.jpg,nCT,train
nCT/nCT1818.jpg,nCT,train
nCT/nCT1819.jpg,nCT,train
nCT/nCT1820.jpg,nCT,train
nCT/nCT1821.jpg,nCT,train
nCT/nCT1822.jpg,nCT,train
nCT/nCT1823.jpg,nCT,train
nCT/nCT1824.jpg,nCT,train
nCT/nCT1825.jpg,nCT,train
nCT/nCT1826.jpg,nCT,train
nCT/nCT1827.jpg,nCT,train
nCT/nCT1828.jpg,nCT,train
nCT/nCT1829.jpg,nCT,train
nCT/nCT1834.jpg,nCT,train
nCT/nCT1835.jpg,nCT,train
nCT/nCT1836.jpg,nCT,train
nCT/nCT1837.jpg,nCT,train
nCT/nCT1838.jpg,nCT,train
nCT/nCT1839.jpg,nCT,train
nCT/nCT1840.jpg,nCT,train
nCT/nCT1841.jpg,nCT,train
nCT/nCT1842.jpg,nCT,train
nCT/nCT1843.jpg,nCT,train
nCT/nCT1844.jpg,nCT,train
nCT/nCT1845.jpg,nCT,train
nCT/nCT1846.jpg,nCT,train
nCT/nCT1847.jpg,nCT,train
nCT/nCT1850.jpg,nCT,train
nCT/nCT1851.jpg,nCT,train
nCT/nCT1852.jpg,nCT,train
nCT/nCT1853.jpg,nCT,train
nCT/nCT1854.jpg,nCT,train
nCT/nCT1855.jpg,nCT,train
nCT/nCT1856.jpg,nCT,train
nCT/nCT1857.jpg,nCT,train
nCT/nCT1858.jpg,nCT,train
nCT/nCT1859.jpg,nCT,train
nCT/nCT1860.jpg,nCT,train
nCT/nCT1861.jpg,nCT,train
nCT/nCT1862.jpg,nCT,train
nCT/nCT1863.jpg,nCT,train
nCT/nCT1867.jpg,nCT,train
nCT/nCT1868.jpg,nCT,train
nCT/nCT1869.jpg,nCT,train
nCT/nCT1870.jpg,nCT,train
nCT/nCT1871.jpg,nCT,train
nCT/nCT1872.jpg,nCT,train
nCT/nCT1873.jpg,nCT,train
nCT/nCT1874.jpg,nCT,train
nCT/nCT1875.jpg,nCT,train
nCT/nCT1876.jpg,nCT,train
nCT/nCT1877.jpg,nCT,train
nCT/nCT1878.jpg,nCT,train
nCT/nCT1879.jpg,nCT,train
nCT/nCT1880.jpg,nCT,train
nCT/nCT1885.jpg,nCT,train
nCT/nCT1886.jpg,nCT,train
nCT/nCT1887.jpg,nCT,train
nCT/nCT1888.jpg,nCT,train
nCT/nCT1889.jpg,nCT,train
nCT/nCT1890.jpg,nCT,train
nCT/nCT1891.jpg,nCT,train
nCT/nCT1892.jpg,nCT,train
nCT/nCT1893.jpg,nCT,train
nCT/nCT1894.jpg,nCT,train
nCT/nCT1895.jpg,nCT,train
nCT/nCT1896.jpg,nCT,train
nCT/nCT1897.jpg,nCT,train
nCT/nCT1898.jpg,nCT,train
nCT/nCT1903.jpg,nCT,train
nCT/nCT1904.jpg,nCT,train
nCT/nCT1905.jpg,nCT,train
nCT/nCT1906.jpg,nCT,train
nCT/nCT1907.jpg,nCT,train
nCT/nCT1908.jpg,nCT,train
nCT/nCT1909.jpg,nCT,train
nCT/nCT1910.jpg,nCT,train
nCT/nCT1911.jpg,nCT,train
nCT/nCT1912.jpg,nCT,train
nCT/nCT1913.jpg,nCT,train
nCT/nCT1914.jpg,nCT,train
nCT/nCT1915.jpg,nCT,train
nCT/nCT1920.jpg,nCT,train
nCT/nCT1921.jpg,nCT,train
nCT/nCT1922.jpg,nCT,train
nCT/nCT1923.jpg,nCT,train
nCT/nCT1924.jpg,nCT,train
nCT/nCT1925.jpg,nCT,train
nCT/nCT1926.jpg,nCT,train
nCT/nCT1927.jpg,nCT,train
nCT/nCT1928.jpg,nCT,train
nCT/nCT1929.jpg,nCT,train
nCT/nCT1930.jpg,nCT,train
nCT/nCT1931.jpg,nCT,train
nCT/nCT1932.jpg,nCT,train
nCT/nCT1936.jpg,nCT,train
nCT/nCT1937.jpg,nCT,train
nCT/nCT1938.jpg,nCT,train
nCT/nCT1939.jpg,nCT,train
nCT/nCT1940.jpg,nCT,train
nCT/nCT1941.jpg,nCT,train
nCT/nCT1942.jpg,nCT,train
nCT/nCT1943.jpg,nCT,train
nCT/nCT1944.jpg,nCT,train
nCT/nCT1945.jpg,nCT,train
nCT/nCT1946.jpg,nCT,train
nCT/nCT1947.jpg,nCT,train
nCT/nCT1951.jpg,nCT,train
nCT/nCT1952.jpg,nCT,train
nCT/nCT1953.jpg,nCT,train
nCT/nCT1954.jpg,nCT,train
nCT/nCT1955.jpg,nCT,train
nCT/nCT1956.jpg,nCT,train
nCT/nCT1957.jpg,nCT,train
nCT/nCT1958.jpg,nCT,train
nCT/nCT1959.jpg,nCT,train
nCT/nCT1960.jpg,nCT,train
nCT/nCT1961.jpg,nCT,train
nCT/nCT1962.jpg,nCT,train
nCT/nCT1963.jpg,nCT,train
nCT/nCT1966.jpg,nCT,train
nCT/nCT1967.jpg,nCT,train
nCT/nCT1968.jpg,nCT,train
nCT/nCT1969.jpg,nCT,train
nCT/nCT1970.jpg,nCT,train
nCT/nCT1971.jpg,nCT,train
nCT/nCT1972.jpg,nCT,train
nCT/nCT1973.jpg,nCT,train
nCT/nCT1974.jpg,nCT,train
nCT/nCT1975.jpg,nCT,train
nCT/nCT1976.jpg,nCT,train
nCT/nCT1977.jpg,nCT,train
nCT/nCT1979.jpg,nCT,train
nCT/nCT1980.jpg,nCT,train
nCT/nCT1981.jpg,nCT,train
nCT/nCT1982.jpg,nCT,train
nCT/nCT1983.jpg,nCT,train
nCT/nCT1984.jpg,nCT,train
nCT/nCT1985.jpg,nCT,train
nCT/nCT1986.jpg,nCT,train
nCT/nCT1987.jpg,nCT,train
nCT/nCT1989.jpg,nCT,train
nCT/nCT1990.jpg,nCT,train
nCT/nCT1991.jpg,nCT,train
nCT/nCT1992.jpg,nCT,train
nCT/nCT1993.jpg,nCT,train
nCT/nCT1994.jpg,nCT,train
nCT/nCT1995.jpg,nCT,train
nCT/nCT1996.jpg,nCT,train
nCT/nCT1997.jpg,nCT,train
nCT/nCT1998.jpg,nCT,train
nCT/nCT1999.jpg,nCT,train
nCT/nCT2001.jpg,nCT,train
nCT/nCT2002.jpg,nCT,train
nCT/nCT2003.jpg,nCT,train
nCT/nCT2004.jpg,nCT,train
nCT/nCT2005.jpg,nCT,train
nCT/nCT2006.jpg,nCT,train
nCT/nCT2007.jpg,nCT,train
nCT/nCT2008.jpg,nCT,train
nCT/nCT2009.jpg,nCT,train
nCT/nCT2010.jpg,nCT,train
nCT/nCT2011.jpg,nCT,train
nCT/nCT2012.jpg,nCT,train
nCT/nCT2014.jpg,nCT,train
nCT/nCT2015.jpg,nCT,train
nCT/nCT2016.jpg,nCT,train
nCT/nCT2017.jpg,nCT,train
nCT/nCT2018.jpg,nCT,train
nCT/nCT2019.jpg,nCT,train
nCT/nCT2020.jpg,nCT,train
nCT/nCT2021.jpg,nCT,train
nCT/nCT2022.jpg,nCT,train
nCT/nCT2023.jpg,nCT,train
nCT/nCT2024.jpg,nCT,train
nCT/nCT2025.jpg,nCT,train
nCT/nCT2026.jpg,nCT,train
nCT/nCT2028.jpg,nCT,train
nCT/nCT2029.jpg,nCT,train
nCT/nCT2030.jpg,nCT,train
nCT/nCT2031.jpg,nCT,train
nCT/nCT2032.jpg,nCT,train
nCT/nCT2033.jpg,nCT,train
nCT/nCT2034.jpg,nCT,train
nCT/nCT2035.jpg,nCT,train
nCT/nCT2036.jpg,nCT,train
nCT/nCT2037.jpg,nCT,train
nCT/nCT2038.jpg,nCT,train
nCT/nCT2039.jpg,nCT,train
nCT/nCT2040.jpg,nCT,train
nCT/nCT2042.jpg,nCT,train
nCT/nCT2043.jpg,nCT,train
nCT/nCT2044.jpg,nCT,train
nCT/nCT2045.jpg,nCT,train
nCT/nCT2046.jpg,nCT,train
nCT/nCT2047.jpg,nCT,train
nCT/nCT2048.jpg,nCT,train
nCT/nCT2049.jpg,nCT,train
nCT/nCT2050.jpg,nCT,train
nCT/nCT2051.jpg,nCT,train
nCT/nCT2052.jpg,nCT,train
nCT/nCT2053.jpg,nCT,train
nCT/nCT2054.jpg,nCT,train
nCT/nCT2056.jpg,nCT,train
nCT/nCT2057.jpg,nCT,train
nCT/nCT2058.jpg,nCT,train
nCT/nCT2059.jpg,nCT,train
nCT/nCT2060.jpg,nCT,train
nCT/nCT2061.jpg,nCT,train
nCT/nCT2062.jpg,nCT,train
nCT/nCT2063.jpg,nCT,train
nCT/nCT2064.jpg,nCT,train
nCT/nCT2065.jpg,nCT,train
nCT/nCT2066.jpg,nCT,train
nCT/nCT2067.jpg,nCT,train
nCT/nCT2068.jpg,nCT,train
nCT/nCT2070.jpg,nCT,train
nCT/nCT2071.jpg,nCT,train
nCT/nCT2072.jpg,nCT,train
nCT/nCT2073.jpg,nCT,train
nCT/nCT2074.jpg,nCT,train
nCT/nCT2075.jpg,nCT,train
nCT/nCT2076.jpg,nCT,train
nCT/nCT2077.jpg,nCT,train
nCT/nCT2078.jpg,nCT,train
nCT/nCT2079.jpg,nCT,train
nCT/nCT2080.jpg,nCT,train
nCT/nCT2081.jpg,nCT,train
nCT/nCT2082.jpg,nCT,train
nCT/nCT2084.jpg,nCT,train
nCT/nCT2085.jpg,nCT,train
nCT/nCT2086.jpg,nCT,train
nCT/nCT2087.jpg,nCT,train
nCT/nCT2088.jpg,nCT,train
nCT/nCT2089.jpg,nCT,train
nCT/nCT2090.jpg,nCT,train
nCT/nCT2091.jpg,nCT,train
nCT/nCT2092.jpg,nCT,train
nCT/nCT2093.jpg,nCT,train
nCT/nCT2094.jpg,nCT,train
nCT/nCT2095.jpg,nCT,train
nCT/nCT2097.jpg,nCT,train
nCT/nCT2098.jpg,nCT,train
nCT/nCT2099.jpg,nCT,train
nCT/nCT2100.jpg,nCT,train
nCT/nCT2101.jpg,nCT,train
nCT/nCT2102.jpg,nCT,train
nCT/nCT2103.jpg,nCT,train
nCT/nCT2104.jpg,nCT,train
nCT/nCT2105.jpg,nCT,train
nCT/nCT2106.jpg,nCT,train
nCT/nCT2107.jpg,nCT,train
nCT/nCT2108.jpg,nCT,train
nCT/nCT2110.jpg,nCT,train
nCT/nCT2111.jpg,nCT,train
nCT/nCT2112.jpg,nCT,train
nCT/nCT2113.jpg,nCT,train
nCT/nCT2114.jpg,nCT,train
nCT/nCT2115.jpg,nCT,train
nCT/nCT2116.jpg,nCT,train
nCT/nCT2117.jpg,nCT,train
nCT/nCT2119.jpg,nCT,train
nCT/nCT2120.jpg,nCT,train
nCT/nCT2121.jpg,nCT,train
nCT/nCT2122.jpg,nCT,train
nCT/nCT2123.jpg,nCT,train
nCT/nCT2124.jpg,nCT,train
nCT/nCT2125.jpg,nCT,train
nCT/nCT2126.jpg,nCT,train
nCT/nCT2127.jpg,nCT,train
nCT/nCT2128.jpg,nCT,train
nCT/nCT2129.jpg,nCT,train
nCT/nCT2130.jpg,nCT,train
nCT/nCT2131.jpg,nCT,train
nCT/nCT2132.jpg,nCT,train
nCT/nCT2133.jpg,nCT,train
nCT/nCT2134.jpg,nCT,train
nCT/nCT2135.jpg,nCT,train
nCT/nCT2136.jpg,nCT,train
nCT/nCT2137.jpg,nCT,train
nCT/nCT2138.jpg,nCT,train
nCT/nCT2139.jpg,nCT,train
nCT/nCT2140.jpg,nCT,train
nCT/nCT2141.jpg,nCT,train
nCT/nCT2142.jpg,nCT,train
nCT/nCT2143.jpg,nCT,train
nCT/nCT2144.jpg,nCT,train
nCT/nCT2145.jpg,nCT,train
nCT/nCT2146.jpg,nCT,train
nCT/nCT2147.jpg,nCT,train
nCT/nCT2148.jpg,nCT,train
nCT/nCT2149.jpg,nCT,train
nCT/nCT2150.jpg,nCT,train
nCT/nCT2151.jpg,nCT,train
nCT/nCT2152.jpg,nCT,train
nCT/nCT2153.jpg,nCT,train
nCT/nCT2154.jpg,nCT,train
nCT/nCT2155.jpg,nCT,train
nCT/nCT2156.jpg,nCT,train
nCT/nCT2157.jpg,nCT,train
nCT/nCT2158.jpg,nCT,train
nCT/nCT2159.jpg,nCT,train
nCT/nCT2160.jpg,nCT,train
nCT/nCT2161.jpg,nCT,train
nCT/nCT2162.jpg,nCT,train
nCT/nCT2163.jpg,nCT,train
nCT/nCT2164.jpg,nCT,train
nCT/nCT2165.jpg,nCT,train
nCT/nCT2166.jpg,nCT,train
nCT/nCT2167.jpg,nCT,train
nCT/nCT2168.jpg,nCT,train
nCT/nCT2169.jpg,nCT,train
nCT/nCT2170.jpg,nCT,train
nCT/nCT2171.jpg,nCT,train
nCT/nCT2172.jpg,nCT,train
nCT/nCT2173.jpg,nCT,train
nCT/nCT2174.jpg,nCT,train
nCT/nCT2175.jpg,nCT,train
nCT/nCT2176.jpg,nCT,train
nCT/nCT2177.jpg,nCT,train
nCT/nCT2178.jpg,nCT,train
nCT/nCT2179.jpg,nCT,train
nCT/nCT2180.jpg,nCT,train
nCT/nCT2181.jpg,nCT,train
nCT/nCT2182.jpg,nCT,train
nCT/nCT2183.jpg,nCT,train
nCT/nCT2184.jpg,nCT,train
nCT/nCT2185.jpg,nCT,train
nCT/nCT2186.jpg,nCT,train
nCT/nCT2187.jpg,nCT,train
nCT/nCT2188.jpg,nCT,train
nCT/nCT2189.jpg,nCT,train
nCT/nCT2190.jpg,nCT,train
nCT/nCT2191.jpg,nCT,train
nCT/nCT2192.jpg,nCT,train
nCT/nCT2193.jpg,nCT,train
nCT/nCT2194.jpg,nCT,train
nCT/nCT2195.jpg,nCT,train
nCT/nCT2196.jpg,nCT,train
nCT/nCT2197.jpg,nCT,train
nCT/nCT2198.jpg,nCT,train
nCT/nCT2199.jpg,nCT,train
nCT/nCT2200.jpg,nCT,train
nCT/nCT2201.jpg,nCT,train
nCT/nCT2202.jpg,nCT,train
nCT/nCT2203.jpg,nCT,train
nCT/nCT2204.jpg,nCT,train
nCT/nCT2205.jpg,nCT,train
nCT/nCT2206.jpg,nCT,train
nCT/nCT2207.jpg,nCT,train
nCT/nCT2208.jpg,nCT,train
nCT/nCT2209.jpg,nCT,train
nCT/nCT2210.jpg,nCT,train
nCT/nCT2211.jpg,nCT,train
nCT/nCT2212.jpg,nCT,train
nCT/nCT2213.jpg,nCT,train
nCT/nCT2214.jpg,nCT,train
nCT/nCT2215.jpg,nCT,train
nCT/nCT2216.jpg,nCT,train
nCT/nCT2217.jpg,nCT,train
nCT/nCT2218.jpg,nCT,train
nCT/nCT2219.jpg,nCT,train
nCT/nCT2220.jpg,nCT,train
nCT/nCT2221.jpg,nCT,train
nCT/nCT2222.jpg,nCT,train
nCT/nCT2223.jpg,nCT,train
nCT/nCT2224.jpg,nCT,train
nCT/nCT2225.jpg,nCT,train
nCT/nCT2226.jpg,nCT,train
nCT/nCT2227.jpg,nCT,train
nCT/nCT2228.jpg,nCT,train
nCT/nCT2229.jpg,nCT,train
nCT/nCT2230.jpg,nCT,train
nCT/nCT2231.jpg,nCT,train
nCT/nCT2232.jpg,nCT,train
nCT/nCT2233.jpg,nCT,train
nCT/nCT2234.jpg,nCT,train
nCT/nCT2235.jpg,nCT,train
nCT/nCT2236.jpg,nCT,train
nCT/nCT2237.jpg,nCT,train
nCT/nCT2238.jpg,nCT,train
nCT/nCT2239.jpg,nCT,train
nCT/nCT2240.jpg,nCT,train
nCT/nCT2241.jpg,nCT,train
nCT/nCT2242.jpg,nCT,train
nCT/nCT2243.jpg,nCT,train
nCT/nCT2244.jpg,nCT,train
nCT/nCT2245.jpg,nCT,train
nCT/nCT2246.jpg,nCT,train
nCT/nCT2247.jpg,nCT,train
nCT/nCT2248.jpg,nCT,train
nCT/nCT2249.jpg,nCT,train
nCT/nCT2250.jpg,nCT,train
nCT/nCT2251.jpg,nCT,train
nCT/nCT2252.jpg,nCT,train
nCT/nCT2253.jpg,nCT,train
nCT/nCT2254.jpg,nCT,train
nCT/nCT2255.jpg,nCT,train
nCT/nCT2256.jpg,nCT,train
nCT/nCT2257.jpg,nCT,train
nCT/nCT2258.jpg,nCT,train
nCT/nCT2259.jpg,nCT,train
nCT/nCT2260.jpg,nCT,train
nCT/nCT2261.jpg,nCT,train
nCT/nCT2262.jpg,nCT,train
nCT/nCT2263.jpg,nCT,train
nCT/nCT2264.jpg,nCT,train
nCT/nCT2265.jpg,nCT,train
nCT/nCT2266.jpg,nCT,train
nCT/nCT2267.jpg,nCT,train
nCT/nCT2268.jpg,nCT,train
nCT/nCT2269.jpg,nCT,train
nCT/nCT2270.jpg,nCT,train
nCT/nCT2271.jpg,nCT,train
nCT/nCT2272.jpg,nCT,train
nCT/nCT2273.jpg,nCT,train
nCT/nCT2274.jpg,nCT,train
nCT/nCT2275.jpg,nCT,train
nCT/nCT2276.jpg,nCT,train
nCT/nCT2277.jpg,nCT,train
nCT/nCT2278.jpg,nCT,train
nCT/nCT2279.jpg,nCT,train
nCT/nCT2280.jpg,nCT,train
nCT/nCT2281.jpg,nCT,train
nCT/nCT2282.jpg,nCT,train
nCT/nCT2283.jpg,nCT,train
nCT/nCT2284.jpg,nCT,train
nCT/nCT2285.jpg,nCT,train
nCT/nCT2286.jpg,nCT,train
nCT/nCT2287.jpg,nCT,train
nCT/nCT2288.jpg,nCT,train
nCT/nCT2289.jpg,nCT,train
nCT/nCT2290.jpg,nCT,train
nCT/nCT2291.jpg,nCT,train
nCT/nCT2292.jpg,nCT,train
nCT/nCT2293.jpg,nCT,train
nCT/nCT2294.jpg,nCT,train
nCT/nCT2295.jpg,nCT,train
nCT/nCT2296.jpg,nCT,train
nCT/nCT2297.jpg,nCT,train
nCT/nCT2298.jpg,nCT,train
nCT/nCT2299.jpg,nCT,train
nCT/nCT2300.jpg,nCT,train
nCT/nCT2301.jpg,nCT,train
nCT/nCT2302.jpg,nCT,train
nCT/nCT2303.jpg,nCT,train
nCT/nCT2304.jpg,nCT,train
nCT/nCT2305.jpg,nCT,train
nCT/nCT2306.jpg,nCT,train
nCT/nCT2307.jpg,nCT,train
nCT/nCT2308.jpg,nCT,train
nCT/nCT2309.jpg,nCT,train
nCT/nCT2310.jpg,nCT,train
nCT/nCT2311.jpg,nCT,train
nCT/nCT2312.jpg,nCT,train
nCT/nCT2313.jpg,nCT,train
nCT/nCT2314.jpg,nCT,train
nCT/nCT2315.jpg,nCT,train
nCT/nCT2316.jpg,nCT,train
nCT/nCT2317.jpg,nCT,train
nCT/nCT2318.jpg,nCT,train
nCT/nCT2319.jpg,nCT,train
nCT/nCT2320.jpg,nCT,train
nCT/nCT2321.jpg,nCT,train
nCT/nCT2322.jpg,nCT,train
nCT/nCT2323.jpg,nCT,train
nCT/nCT2324.jpg,nCT,train
nCT/nCT2325.jpg,nCT,train
nCT/nCT2326.jpg,nCT,train
nCT/nCT2327.jpg,nCT,train
nCT/nCT2328.jpg,nCT,train
nCT/nCT2329.jpg,nCT,train
nCT/nCT2330.jpg,nCT,train
nCT/nCT2331.jpg,nCT,train
nCT/nCT2332.jpg,nCT,train
nCT/nCT2333.jpg,nCT,train
nCT/nCT2334.jpg,nCT,train
nCT/nCT2335.jpg,nCT,train
nCT/nCT2336.jpg,nCT,train
nCT/nCT2337.jpg,nCT,train
nCT/nCT2338.jpg,nCT,train
nCT/nCT2339.jpg,nCT,train
nCT/nCT2340.jpg,nCT,train
nCT/nCT2341.jpg,nCT,train
nCT/nCT2342.jpg,nCT,train
nCT/nCT2343.jpg,nCT,train
nCT/nCT2344.jpg,nCT,train
nCT/nCT2345.jpg,nCT,train
nCT/nCT2346.jpg,nCT,train
nCT/nCT2347.jpg,nCT,train
nCT/nCT2348.jpg,nCT,train
nCT/nCT2349.jpg,nCT,train
nCT/nCT2350.jpg,nCT,train
nCT/nCT2351.jpg,nCT,train
nCT/nCT2352.jpg,nCT,train
nCT/nCT2353.jpg,nCT,train
nCT/nCT2354.jpg,nCT,train
nCT/nCT2355.jpg,nCT,train
nCT/nCT2356.jpg,nCT,train
nCT/nCT2357.jpg,nCT,train
nCT/nCT2358.jpg,nCT,train
nCT/nCT2359.jpg,nCT,train
nCT/nCT2360.jpg,nCT,train
nCT/nCT2361.jpg,nCT,train
nCT/nCT2362.jpg,nCT,train
nCT/nCT2363.jpg,nCT,train
nCT/nCT2364.jpg,nCT,train
nCT/nCT2365.jpg,nCT,train
nCT/nCT2366.jpg,nCT,train
nCT/nCT2367.jpg,nCT,train
nCT/nCT2368.jpg,nCT,train
nCT/nCT2369.jpg,nCT,train
nCT/nCT2370.jpg,nCT,train
nCT/nCT2371.jpg,nCT,train
nCT/nCT2372.jpg,nCT,train
nCT/nCT2373.jpg,nCT,train
nCT/nCT2374.jpg,nCT,train
nCT/nCT2375.jpg,nCT,train
nCT/nCT2376.jpg,nCT,train
nCT/nCT2377.jpg,nCT,train
nCT/nCT2378.jpg,nCT,train
nCT/nCT2379.jpg,nCT,train
nCT/nCT2380.jpg,nCT,train
nCT/nCT2381.jpg,nCT,train
nCT/nCT2382.jpg,nCT,train
nCT/nCT2383.jpg,nCT,train
nCT/nCT2384.jpg,nCT,train
nCT/nCT2385.jpg,nCT,train
nCT/nCT2386.jpg,nCT,train
nCT/nCT2387.jpg,nCT,train
nCT/nCT2388.jpg,nCT,train
nCT/nCT2389.jpg,nCT,train
nCT/nCT2390.jpg,nCT,train
nCT/nCT2391.jpg,nCT,train
nCT/nCT2392.jpg,nCT,train
nCT/nCT2393.jpg,nCT,train
nCT/nCT2394.jpg,nCT,train
nCT/nCT2395.jpg,nCT,train
nCT/nCT2396.jpg,nCT,train
nCT/nCT2397.jpg,nCT,train
nCT/nCT2398.jpg,nCT,train
nCT/nCT2399.jpg,nCT,train
nCT/nCT2400.jpg,nCT,train
nCT/nCT2401.jpg,nCT,train
nCT/nCT2402.jpg,nCT,train
nCT/nCT2403.jpg,nCT,train
nCT/nCT2404.jpg,nCT,train
nCT/nCT2405.jpg,nCT,train
nCT/nCT2406.jpg,nCT,train
nCT/nCT2407.jpg,nCT,train
nCT/nCT2408.jpg,nCT,train
nCT/nCT2409.jpg,nCT,train
nCT/nCT2410.jpg,nCT,train
nCT/nCT2411.jpg,nCT,train
nCT/nCT2412.jpg,nCT,train
nCT/nCT2413.jpg,nCT,train
nCT/nCT2414.jpg,nCT,train
nCT/nCT2415.jpg,nCT,train
nCT/nCT2416.jpg,nCT,train
nCT/nCT2417.jpg,nCT,train
nCT/nCT2418.jpg,nCT,train
nCT/nCT2419.jpg,nCT,train
nCT/nCT2420.jpg,nCT,train
nCT/nCT2421.jpg,nCT,train
nCT/nCT2422.jpg,nCT,train
nCT/nCT2423.jpg,nCT,train
nCT/nCT2424.jpg,nCT,train
nCT/nCT2425.jpg,nCT,train
nCT/nCT2426.jpg,nCT,train
nCT/nCT2427.jpg,nCT,train
nCT/nCT2428.jpg,nCT,train
nCT/nCT2429.jpg,nCT,train
nCT/nCT2430.jpg,nCT,train
nCT/nCT2431.jpg,nCT,train
nCT/nCT2432.jpg,nCT,train
nCT/nCT2433.jpg,nCT,train
nCT/nCT2434.jpg,nCT,train
nCT/nCT2435.jpg,nCT,train
nCT/nCT2436.jpg,nCT,train
nCT/nCT2437.jpg,nCT,train
nCT/nCT2438.jpg,nCT,train
nCT/nCT2439.jpg,nCT,train
nCT/nCT2440.jpg,nCT,train
nCT/nCT2441.jpg,nCT,train
nCT/nCT2442.jpg,nCT,train
nCT/nCT2443.jpg,nCT,train
nCT/nCT2444.jpg,nCT,train
nCT/nCT2445.jpg,nCT,train
nCT/nCT2446.jpg,nCT,train
nCT/nCT2447.jpg,nCT,train
nCT/nCT2448.jpg,nCT,train
nCT/nCT2449.jpg,nCT,train
nCT/nCT2450.jpg,nCT,train
nCT/nCT2451.jpg,nCT,train
nCT/nCT2452.jpg,nCT,train
nCT/nCT2453.jpg,nCT,train
nCT/nCT2454.jpg,nCT,train
nCT/nCT2455.jpg,nCT,train
nCT/nCT2456.jpg,nCT,train
nCT/nCT2457.jpg,nCT,train
nCT/nCT2458.jpg,nCT,train
nCT/nCT2459.jpg,nCT,train
nCT/nCT2460.jpg,nCT,train
nCT/nCT2461.jpg,nCT,train
nCT/nCT2462.jpg,nCT,train
nCT/nCT2463.jpg,nCT,train
nCT/nCT2464.jpg,nCT,train
nCT/nCT2465.jpg,nCT,train
nCT/nCT2466.jpg,nCT,train
nCT/nCT2467.jpg,nCT,train
nCT/nCT2468.jpg,nCT,train
nCT/nCT2469.jpg,nCT,train
nCT/nCT2470.jpg,nCT,train
nCT/nCT2471.jpg,nCT,train
nCT/nCT2472.jpg,nCT,train
nCT/nCT2473.jpg,nCT,train
nCT/nCT2474.jpg,nCT,train
nCT/nCT2475.jpg,nCT,train
nCT/nCT2476.jpg,nCT,train
nCT/nCT2477.jpg,nCT,train
nCT/nCT2478.jpg,nCT,train
nCT/nCT2479.jpg,nCT,train
nCT/nCT2480.jpg,nCT,train
nCT/nCT2481.jpg,nCT,train
nCT/nCT2482.jpg,nCT,train
nCT/nCT2483.jpg,nCT,train
nCT/nCT2484.jpg,nCT,train
nCT/nCT2485.jpg,nCT,train
nCT/nCT2486.jpg,nCT,train
nCT/nCT2487.jpg,nCT,train
nCT/nCT2488.jpg,nCT,train
nCT/nCT2489.jpg,nCT,train
nCT/nCT2490.jpg,nCT,train
nCT/nCT2491.jpg,nCT,train
nCT/nCT2492.jpg,nCT,train
nCT/nCT2493.jpg,nCT,train
nCT/nCT2494.jpg,nCT,train
nCT/nCT2495.jpg,nCT,train
nCT/nCT2496.jpg,nCT,train
nCT/nCT2497.jpg,nCT,train
nCT/nCT2498.jpg,nCT,train
nCT/nCT2499.jpg,nCT,train
nCT/nCT2500.jpg,nCT,train
nCT/nCT2501.jpg,nCT,train
nCT/nCT2502.jpg,nCT,train
nCT/nCT2503.jpg,nCT,train
nCT/nCT2504.jpg,nCT,train
nCT/nCT2505.jpg,nCT,train
nCT/nCT2506.jpg,nCT,train
nCT/nCT2507.jpg,nCT,train
nCT/nCT2508.jpg,nCT,train
nCT/nCT2509.jpg,nCT,train
nCT/nCT2510.jpg,nCT,train
nCT/nCT2511.jpg,nCT,train
nCT/nCT2512.jpg,nCT,train
nCT/nCT2513.jpg,nCT,train
nCT/nCT2514.jpg,nCT,train
nCT/nCT2515.jpg,nCT,train
nCT/nCT2516.jpg,nCT,train
nCT/nCT2517.jpg,nCT,train
nCT/nCT2518.jpg,nCT,train
nCT/nCT2519.jpg,nCT,train
nCT/nCT2520.jpg,nCT,train
nCT/nCT2521.jpg,nCT,train
nCT/nCT2522.jpg,nCT,train
nCT/nCT2523.jpg,nCT,train
nCT/nCT2524.jpg,nCT,train
nCT/nCT2525.jpg,nCT,train
nCT/nCT2526.jpg,nCT,train
nCT/nCT2527.jpg,nCT,train
nCT/nCT2528.jpg,nCT,train
nCT/nCT2529.jpg,nCT,train
nCT/nCT2530.jpg,nCT,train
nCT/nCT2531.jpg,nCT,train
nCT/nCT2532.jpg,nCT,train
nCT/nCT2533.jpg,nCT,train
nCT/nCT2534.jpg,nCT,train
nCT/nCT2535.jpg,nCT,train
nCT/nCT2536.jpg,nCT,train
nCT/nCT2537.jpg,nCT,train
nCT/nCT2538.jpg,nCT,train
nCT/nCT2539.jpg,nCT,train
nCT/nCT2540.jpg,nCT,train
nCT/nCT2541.jpg,nCT,train
nCT/nCT2542.jpg,nCT,train
nCT/nCT2543.jpg,nCT,train
nCT/nCT2544.jpg,nCT,train
nCT/nCT2545.jpg,nCT,train
nCT/nCT2546.jpg,nCT,train
nCT/nCT2547.jpg,nCT,train
nCT/nCT2548.jpg,nCT,train
nCT/nCT2549.jpg,nCT,train
nCT/nCT2550.jpg,nCT,train
nCT/nCT2551.jpg,nCT,train
nCT/nCT2552.jpg,nCT,train
nCT/nCT2553.jpg,nCT,train
nCT/nCT2554.jpg,nCT,train
nCT/nCT2555.jpg,nCT,train
nCT/nCT2556.jpg,nCT,train
nCT/nCT2557.jpg,nCT,train
nCT/nCT2558.jpg,nCT,train
nCT/nCT2559.jpg,nCT,train
nCT/nCT2560.jpg,nCT,train
nCT/nCT2561.jpg,nCT,train
nCT/nCT2562.jpg,nCT,train
nCT/nCT2563.jpg,nCT,train
nCT/nCT2564.jpg,nCT,train
nCT/nCT2565.jpg,nCT,train
nCT/nCT2566.jpg,nCT,train
nCT/nCT2567.jpg,nCT,train
nCT/nCT2568.jpg,nCT,train
nCT/nCT2569.jpg,nCT,train
nCT/nCT2570.jpg,nCT,train
nCT/nCT2571.jpg,nCT,train
nCT/nCT2572.jpg,nCT,train
nCT/nCT2573.jpg,nCT,train
nCT/nCT2574.jpg,nCT,train
nCT/nCT2575.jpg,nCT,train
nCT/nCT2576.jpg,nCT,train
nCT/nCT2577.jpg,nCT,train
nCT/nCT2578.jpg,nCT,train
nCT/nCT2579.jpg,nCT,train
nCT/nCT2580.jpg,nCT,train
nCT/nCT2581.jpg,nCT,train
nCT/nCT2582.jpg,nCT,train
nCT/nCT2583.jpg,nCT,train
nCT/nCT2584.jpg,nCT,train
nCT/nCT2585.jpg,nCT,train
nCT/nCT2586.jpg,nCT,train
nCT/nCT2587.jpg,nCT,train
nCT/nCT2588.jpg,nCT,train
nCT/nCT2589.jpg,nCT,train
nCT/nCT2590.jpg,nCT,train
nCT/nCT2591.jpg,nCT,train
nCT/nCT2592.jpg,nCT,train
nCT/nCT2593.jpg,nCT,train
nCT/nCT2594.jpg,nCT,train
nCT/nCT2595.jpg,nCT,train
nCT/nCT2596.jpg,nCT,train
nCT/nCT2597.jpg,nCT,train
nCT/nCT2598.jpg,nCT,train
nCT/nCT2599.jpg,nCT,train
nCT/nCT2600.jpg,nCT,train
nCT/nCT2601.jpg,nCT,train
nCT/nCT2602.jpg,nCT,train
nCT/nCT2603.jpg,nCT,train
nCT/nCT2604.jpg,nCT,train
nCT/nCT2605.jpg,nCT,train
nCT/nCT2606.jpg,nCT,train
nCT/nCT2607.jpg,nCT,train
nCT/nCT2608.jpg,nCT,train
nCT/nCT2609.jpg,nCT,train
nCT/nCT2610.jpg,nCT,train
nCT/nCT2611.jpg,nCT,train
nCT/nCT2612.jpg,nCT,train
nCT/nCT2613.jpg,nCT,train
nCT/nCT2614.jpg,nCT,train
nCT/nCT2615.jpg,nCT,train
nCT/nCT2616.jpg,nCT,train
nCT/nCT2617.jpg,nCT,train
nCT/nCT2618.jpg,nCT,train
nCT/nCT2619.jpg,nCT,train
nCT/nCT2620.jpg,nCT,train
nCT/nCT2621.jpg,nCT,train
nCT/nCT2622.jpg,nCT,train
nCT/nCT2623.jpg,nCT,train
nCT/nCT2624.jpg,nCT,train
nCT/nCT2625.jpg,nCT,train
nCT/nCT2626.jpg,nCT,train
nCT/nCT2627.jpg,nCT,train
nCT/nCT2628.jpg,nCT,train
nCT/nCT2629.jpg,nCT,train
nCT/nCT2630.jpg,nCT,train
nCT/nCT2631.jpg,nCT,train
nCT/nCT2632.jpg,nCT,train
nCT/nCT2633.jpg,nCT,train
nCT/nCT2634.jpg,nCT,train
nCT/nCT2635.jpg,nCT,train
nCT/nCT2636.jpg,nCT,train
nCT/nCT2637.jpg,nCT,train
nCT/nCT2638.jpg,nCT,train
nCT/nCT2639.jpg,nCT,train
nCT/nCT2640.jpg,nCT,train
nCT/nCT2641.jpg,nCT,train
nCT/nCT2642.jpg,nCT,train
nCT/nCT2643.jpg,nCT,train
nCT/nCT2644.jpg,nCT,train
nCT/nCT2645.jpg,nCT,train
nCT/nCT2646.jpg,nCT,train
nCT/nCT2647.jpg,nCT,train
nCT/nCT2648.jpg,nCT,train
nCT/nCT2649.jpg,nCT,train
nCT/nCT2650.jpg,nCT,train
nCT/nCT2651.jpg,nCT,train
nCT/nCT2652.jpg,nCT,train
nCT/nCT2653.jpg,nCT,train
nCT/nCT2654.jpg,nCT,train
nCT/nCT2655.jpg,nCT,train
nCT/nCT2656.jpg,nCT,train
nCT/nCT2657.jpg,nCT,train
nCT/nCT2658.jpg,nCT,train
nCT/nCT2659.jpg,nCT,train
nCT/nCT2660.jpg,nCT,train
nCT/nCT2661.jpg,nCT,train
nCT/nCT2662.jpg,nCT,train
nCT/nCT2663.jpg,nCT,train
nCT/nCT2664.jpg,nCT,train
nCT/nCT2665.jpg,nCT,train
nCT/nCT2666.jpg,nCT,train
nCT/nCT2667.jpg,nCT,train
nCT/nCT2668.jpg,nCT,train
nCT/nCT2669.jpg,nCT,train
nCT/nCT2670.jpg,nCT,train
nCT/nCT2671.jpg,nCT,train
nCT/nCT2672.jpg,nCT,train
nCT/nCT2673.jpg,nCT,train
nCT/nCT2674.jpg,nCT,train
nCT/nCT2675.jpg,nCT,train
nCT/nCT2676.jpg,nCT,train
nCT/nCT2677.jpg,nCT,train
nCT/nCT2678.jpg,nCT,train
nCT/nCT2679.jpg,nCT,train
nCT/nCT2680.jpg,nCT,train
nCT/nCT2681.jpg,nCT,train
nCT/nCT2682.jpg,nCT,train
nCT/nCT2683.jpg,nCT,train
nCT/nCT2684.jpg,nCT,train
nCT/nCT2685.jpg,nCT,train
nCT/nCT2686.jpg,nCT,train
nCT/nCT2687.jpg,nCT,train
nCT/nCT2688.jpg,nCT,train
nCT/nCT2689.jpg,nCT,train
nCT/nCT2690.jpg,nCT,train
nCT/nCT2691.jpg,nCT,train
nCT/nCT2692.jpg,nCT,train
nCT/nCT2693.jpg,nCT,train
nCT/nCT2694.jpg,nCT,train
nCT/nCT2695.jpg,nCT,train
nCT/nCT2696.jpg,nCT,train
nCT/nCT2697.jpg,nCT,train
nCT/nCT2698.jpg,nCT,train
nCT/nCT2699.jpg,nCT,train
nCT/nCT2700.jpg,nCT,train
nCT/nCT2701.jpg,nCT,train
nCT/nCT2702.jpg,nCT,train
nCT/nCT2703.jpg,nCT,train
nCT/nCT2704.jpg,nCT,train
nCT/nCT2705.jpg,nCT,train
nCT/nCT2706.jpg,nCT,train
nCT/nCT2707.jpg,nCT,train
nCT/nCT2708.jpg,nCT,train
nCT/nCT2709.jpg,nCT,train
nCT/nCT2710.jpg,nCT,train
nCT/nCT2711.jpg,nCT,train
nCT/nCT2712.jpg,nCT,train
nCT/nCT2713.jpg,nCT,train
nCT/nCT2717.jpg,nCT,train
nCT/nCT2718.jpg,nCT,train
nCT/nCT2720.jpg,nCT,train
nCT/nCT2721.jpg,nCT,train
nCT/nCT2722.jpg,nCT,train
nCT/nCT2729.jpg,nCT,train
nCT/nCT2731.jpg,nCT,train
nCT/nCT2732.jpg,nCT,train
nCT/nCT2733.jpg,nCT,train
nCT/nCT2735.jpg,nCT,train
nCT/nCT2736.jpg,nCT,train
nCT/nCT2737.jpg,nCT,train
nCT/nCT2738.jpg,nCT,train
nCT/nCT2742.jpg,nCT,train
nCT/nCT2743.jpg,nCT,train
nCT/nCT2744.jpg,nCT,train
nCT/nCT2745.jpg,nCT,train
nCT/nCT2746.jpg,nCT,train
nCT/nCT2747.jpg,nCT,train
nCT/nCT2748.jpg,nCT,train
nCT/nCT2749.jpg,nCT,train
nCT/nCT2750.jpg,nCT,train
nCT/nCT2751.jpg,nCT,train
nCT/nCT2752.jpg,nCT,train
nCT/nCT2753.jpg,nCT,train
nCT/nCT2754.jpg,nCT,train
nCT/nCT2755.jpg,nCT,train
nCT/nCT2756.jpg,nCT,train
nCT/nCT2758.jpg,nCT,train
nCT/nCT2759.jpg,nCT,train
nCT/nCT2760.jpg,nCT,train
nCT/nCT2761.jpg,nCT,train
nCT/nCT2762.jpg,nCT,train
nCT/nCT2764.jpg,nCT,train
nCT/nCT2768.jpg,nCT,train
nCT/nCT2770.jpg,nCT,train
nCT/nCT2771.jpg,nCT,train
nCT/nCT2772.jpg,nCT,train
nCT/nCT2773.jpg,nCT,train
nCT/nCT2779.jpg,nCT,train
nCT/nCT2781.jpg,nCT,train
nCT/nCT2782.jpg,nCT,train
nCT/nCT2783.jpg,nCT,train
nCT/nCT2784.jpg,nCT,train
nCT/nCT2787.jpg,nCT,train
nCT/nCT2788.jpg,nCT,train
nCT/nCT2789.jpg,nCT,train
nCT/nCT2790.jpg,nCT,train
nCT/nCT2792.jpg,nCT,train
nCT/nCT2795.jpg,nCT,train
nCT/nCT2796.jpg,nCT,train
nCT/nCT2797.jpg,nCT,train
nCT/nCT2798.jpg,nCT,train
nCT/nCT2799.jpg,nCT,train
nCT/nCT2800.jpg,nCT,train
nCT/nCT2801.jpg,nCT,train
nCT/nCT2802.jpg,nCT,train
nCT/nCT2803.jpg,nCT,train
nCT/nCT2804.jpg,nCT,train
nCT/nCT2806.jpg,nCT,train
nCT/nCT2807.jpg,nCT,train
nCT/nCT2808.jpg,nCT,train
nCT/nCT2809.jpg,nCT,train
nCT/nCT2810.jpg,nCT,train
nCT/nCT2811.jpg,nCT,train
nCT/nCT2813.jpg,nCT,train
nCT/nCT2814.jpg,nCT,train
nCT/nCT2817.jpg,nCT,train
nCT/nCT2818.jpg,nCT,train
nCT/nCT2819.jpg,nCT,train
nCT/nCT2823.jpg,nCT,train
nCT/nCT2825.jpg,nCT,train
nCT/nCT2826.jpg,nCT,train
nCT/nCT2829.jpg,nCT,train
nCT/nCT2835.jpg,nCT,train
nCT/nCT2836.jpg,nCT,train
nCT/nCT2837.jpg,nCT,train
nCT/nCT2838.jpg,nCT,train
nCT/nCT2842.jpg,nCT,train
nCT/nCT2843.jpg,nCT,train
nCT/nCT2844.jpg,nCT,train
nCT/nCT2845.jpg,nCT,train
nCT/nCT2846.jpg,nCT,train
nCT/nCT2849.jpg,nCT,train
nCT/nCT2850.jpg,nCT,train
nCT/nCT2851.jpg,nCT,train
nCT/nCT2852.jpg,nCT,train
nCT/nCT2853.jpg,nCT,train
nCT/nCT2854.jpg,nCT,train
nCT/nCT2855.jpg,nCT,train
nCT/nCT2856.jpg,nCT,train
nCT/nCT2857.jpg,nCT,train
nCT/nCT2858.jpg,nCT,train
nCT/nCT2859.jpg,nCT,train
nCT/nCT2860.jpg,nCT,train
nCT/nCT2862.jpg,nCT,train
nCT/nCT2863.jpg,nCT,train
nCT/nCT2864.jpg,nCT,train
nCT/nCT2865.jpg,nCT,train
nCT/nCT2866.jpg,nCT,train
nCT/nCT2868.jpg,nCT,train
nCT/nCT2869.jpg,nCT,train
nCT/nCT2870.jpg,nCT,train
nCT/nCT2873.jpg,nCT,train
nCT/nCT2874.jpg,nCT,train
nCT/nCT2878.jpg,nCT,train
nCT/nCT2881.jpg,nCT,train
nCT/nCT2882.jpg,nCT,train
nCT/nCT2884.jpg,nCT,train
nCT/nCT2889.jpg,nCT,train
nCT/nCT2891.jpg,nCT,train
nCT/nCT2892.jpg,nCT,train
nCT/nCT2893.jpg,nCT,train
nCT/nCT2894.jpg,nCT,train
nCT/nCT2897.jpg,nCT,train
nCT/nCT2898.jpg,nCT,train
nCT/nCT2899.jpg,nCT,train
nCT/nCT2900.jpg,nCT,train
nCT/nCT2902.jpg,nCT,train
nCT/nCT2904.jpg,nCT,train
nCT/nCT2905.jpg,nCT,train
nCT/nCT2906.jpg,nCT,train
nCT/nCT2907.jpg,nCT,train
nCT/nCT2908.jpg,nCT,train
nCT/nCT2909.jpg,nCT,train
nCT/nCT2910.jpg,nCT,train
nCT/nCT2911.jpg,nCT,train
nCT/nCT2912.jpg,nCT,train
nCT/nCT2914.jpg,nCT,train
nCT/nCT2915.jpg,nCT,train
nCT/nCT2917.jpg,nCT,train
nCT/nCT2918.jpg,nCT,train
nCT/nCT2919.jpg,nCT,train
nCT/nCT2920.jpg,nCT,train
nCT/nCT2921.jpg,nCT,train
nCT/nCT2923.jpg,nCT,train
nCT/nCT2924.jpg,nCT,train
nCT/nCT2925.jpg,nCT,train
nCT/nCT2926.jpg,nCT,train
nCT/nCT2928.jpg,nCT,train
nCT/nCT2930.jpg,nCT,train
nCT/nCT2933.jpg,nCT,train
nCT/nCT2936.jpg,nCT,train
nCT/nCT2937.jpg,nCT,train
nCT/nCT2940.jpg,nCT,train
nCT/nCT2945.jpg,nCT,train
nCT/nCT2947.jpg,nCT,train
nCT/nCT2948.jpg,nCT,train
nCT/nCT2949.jpg,nCT,train
nCT/nCT2953.jpg,nCT,train
nCT/nCT2954.jpg,nCT,train
nCT/nCT2955.jpg,nCT,train
nCT/nCT2956.jpg,nCT,train
nCT/nCT2958.jpg,nCT,train
nCT/nCT2960.jpg,nCT,train
nCT/nCT2962.jpg,nCT,train
nCT/nCT2963.jpg,nCT,train
nCT/nCT2964.jpg,nCT,train
nCT/nCT2965.jpg,nCT,train
nCT/nCT2966.jpg,nCT,train
nCT/nCT2967.jpg,nCT,train
nCT/nCT2968.jpg,nCT,train
nCT/nCT2970.jpg,nCT,train
nCT/nCT2971.jpg,nCT,train
nCT/nCT2973.jpg,nCT,train
nCT/nCT2974.jpg,nCT,train
nCT/nCT2975.jpg,nCT,train
nCT/nCT2976.jpg,nCT,train
nCT/nCT2977.jpg,nCT,train
nCT/nCT2979.jpg,nCT,train
nCT/nCT2980.jpg,nCT,train
nCT/nCT2981.jpg,nCT,train
nCT/nCT2982.jpg,nCT,train
nCT/nCT2983.jpg,nCT,train
nCT/nCT2984.jpg,nCT,train
nCT/nCT2986.jpg,nCT,train
nCT/nCT2989.jpg,nCT,train
nCT/nCT2993.jpg,nCT,train
nCT/nCT2994.jpg,nCT,train
nCT/nCT2996.jpg,nCT,train
nCT/nCT2997.jpg,nCT,train
nCT/nCT3001.jpg,nCT,train
nCT/nCT3003.jpg,nCT,train
nCT/nCT3004.jpg,nCT,train
nCT/nCT3006.jpg,nCT,train
nCT/nCT3009.jpg,nCT,train
nCT/nCT3010.jpg,nCT,train
nCT/nCT3011.jpg,nCT,train
nCT/nCT3012.jpg,nCT,train
nCT/nCT3013.jpg,nCT,train
nCT/nCT3014.jpg,nCT,train
nCT/nCT3016.jpg,nCT,train
nCT/nCT3017.jpg,nCT,train
nCT/nCT3018.jpg,nCT,train
nCT/nCT3019.jpg,nCT,train
nCT/nCT3020.jpg,nCT,train
nCT/nCT3021.jpg,nCT,train
nCT/nCT3022.jpg,nCT,train
nCT/nCT3023.jpg,nCT,train
nCT/nCT3024.jpg,nCT,train
nCT/nCT3026.jpg,nCT,train
nCT/nCT3027.jpg,nCT,train
nCT/nCT3028.jpg,nCT,train
nCT/nCT3029.jpg,nCT,train
nCT/nCT3030.jpg,nCT,train
nCT/nCT3031.jpg,nCT,train
nCT/nCT3032.jpg,nCT,train
nCT/nCT3033.jpg,nCT,train
nCT/nCT3035.jpg,nCT,train
nCT/nCT3036.jpg,nCT,train
nCT/nCT3038.jpg,nCT,train
nCT/nCT3039.jpg,nCT,train
nCT/nCT3040.jpg,nCT,train
nCT/nCT3042.jpg,nCT,train
nCT/nCT3044.jpg,nCT,train
nCT/nCT3048.jpg,nCT,train
nCT/nCT3052.jpg,nCT,train
nCT/nCT3053.jpg,nCT,train
nCT/nCT3057.jpg,nCT,train
nCT/nCT3059.jpg,nCT,train
nCT/nCT3060.jpg,nCT,train
nCT/nCT3062.jpg,nCT,train
nCT/nCT3065.jpg,nCT,train
nCT/nCT3066.jpg,nCT,train
nCT/nCT3067.jpg,nCT,train
nCT/nCT3068.jpg,nCT,train
nCT/nCT3069.jpg,nCT,train
nCT/nCT3070.jpg,nCT,train
nCT/nCT3073.jpg,nCT,train
nCT/nCT3074.jpg,nCT,train
nCT/nCT3075.jpg,nCT,train
nCT/nCT3076.jpg,nCT,train
nCT/nCT3077.jpg,nCT,train
nCT/nCT3078.jpg,nCT,train
nCT/nCT3079.jpg,nCT,train
nCT/nCT3080.jpg,nCT,train
nCT/nCT3082.jpg,nCT,train
nCT/nCT3084.jpg,nCT,train
nCT/nCT3085.jpg,nCT,train
nCT/nCT3086.jpg,nCT,train
nCT/nCT3087.jpg,nCT,train
nCT/nCT3088.jpg,nCT,train
nCT/nCT3089.jpg,nCT,train
nCT/nCT3091.jpg,nCT,train
nCT/nCT3092.jpg,nCT,train
nCT/nCT3093.jpg,nCT,train
nCT/nCT3094.jpg,nCT,train
nCT/nCT3095.jpg,nCT,train
nCT/nCT3097.jpg,nCT,train
nCT/nCT3099.jpg,nCT,train
nCT/nCT3103.jpg,nCT,train
nCT/nCT3104.jpg,nCT,train
nCT/nCT3106.jpg,nCT,train
nCT/nCT3107.jpg,nCT,train
nCT/nCT3111.jpg,nCT,train
nCT/nCT3114.jpg,nCT,train
nCT/nCT3115.jpg,nCT,train
nCT/nCT3117.jpg,nCT,train
nCT/nCT3120.jpg,nCT,train
nCT/nCT3121.jpg,nCT,train
nCT/nCT3122.jpg,nCT,train
nCT/nCT3123.jpg,nCT,train
nCT/nCT3124.jpg,nCT,train
nCT/nCT3125.jpg,nCT,train
nCT/nCT3127.jpg,nCT,train
nCT/nCT3128.jpg,nCT,train
nCT/nCT3129.jpg,nCT,train
nCT/nCT3130.jpg,nCT,train
nCT/nCT3131.jpg,nCT,train
nCT/nCT3132.jpg,nCT,train
nCT/nCT3133.jpg,nCT,train
nCT/nCT3134.jpg,nCT,train
nCT/nCT3136.jpg,nCT,train
nCT/nCT3137.jpg,nCT,train
nCT/nCT3139.jpg,nCT,train
nCT/nCT3140.jpg,nCT,train
nCT/nCT3141.jpg,nCT,train
nCT/nCT3142.jpg,nCT,train
nCT/nCT3143.jpg,nCT,train
nCT/nCT3144.jpg,nCT,train
nCT/nCT3146.jpg,nCT,train
nCT/nCT3148.jpg,nCT,train
nCT/nCT3149.jpg,nCT,train
nCT/nCT3150.jpg,nCT,train
nCT/nCT3151.jpg,nCT,train
nCT/nCT3153.jpg,nCT,train
nCT/nCT3155.jpg,nCT,train
nCT/nCT3159.jpg,nCT,train
nCT/nCT3161.jpg,nCT,train
nCT/nCT3163.jpg,nCT,train
nCT/nCT3164.jpg,nCT,train
nCT/nCT3168.jpg,nCT,train
nCT/nCT3170.jpg,nCT,train
nCT/nCT3171.jpg,nCT,train
nCT/nCT3172.jpg,nCT,train
nCT/nCT3173.jpg,nCT,train
nCT/nCT3176.jpg,nCT,train
nCT/nCT3177.jpg,nCT,train
nCT/nCT3178.jpg,nCT,train
nCT/nCT3179.jpg,nCT,train
nCT/nCT3180.jpg,nCT,train
nCT/nCT3181.jpg,nCT,train
nCT/nCT3183.jpg,nCT,train
nCT/nCT3184.jpg,nCT,train
nCT/nCT3185.jpg,nCT,train
nCT/nCT3186.jpg,nCT,train
nCT/nCT3187.jpg,nCT,train
nCT/nCT3188.jpg,nCT,train
nCT/nCT3189.jpg,nCT,train
nCT/nCT3190.jpg,nCT,train
nCT/nCT3191.jpg,nCT,train
nCT/nCT3193.jpg,nCT,train
nCT/nCT3195.jpg,nCT,train
nCT/nCT3197.jpg,nCT,train
nCT/nCT3198.jpg,nCT,train
nCT/nCT3199.jpg,nCT,train
nCT/nCT3200.jpg,nCT,train
nCT/nCT3201.jpg,nCT,train
nCT/nCT3203.jpg,nCT,train
nCT/nCT3206.jpg,nCT,train
nCT/nCT3207.jpg,nCT,train
nCT/nCT3208.jpg,nCT,train
nCT/nCT3210.jpg,nCT,train
nCT/nCT3212.jpg,nCT,train
nCT/nCT3217.jpg,nCT,train
nCT/nCT3219.jpg,nCT,train
nCT/nCT3220.jpg,nCT,train
nCT/nCT3224.jpg,nCT,train
nCT/nCT3225.jpg,nCT,train
nCT/nCT3226.jpg,nCT,train
nCT/nCT3228.jpg,nCT,train
nCT/nCT3231.jpg,nCT,train
nCT/nCT3232.jpg,nCT,train
nCT/nCT3233.jpg,nCT,train
nCT/nCT3234.jpg,nCT,train
nCT/nCT3235.jpg,nCT,train
nCT/nCT3236.jpg,nCT,train
nCT/nCT3238.jpg,nCT,train
nCT/nCT3239.jpg,nCT,train
nCT/nCT3240.jpg,nCT,train
nCT/nCT3241.jpg,nCT,train
nCT/nCT3242.jpg,nCT,train
nCT/nCT3243.jpg,nCT,train
nCT/nCT3244.jpg,nCT,train
nCT/nCT3245.jpg,nCT,train
nCT/nCT3246.jpg,nCT,train
nCT/nCT3247.jpg,nCT,train
nCT/nCT3249.jpg,nCT,train
nCT/nCT3250.jpg,nCT,train
nCT/nCT3252.jpg,nCT,train
nCT/nCT3253.jpg,nCT,train
nCT/nCT3254.jpg,nCT,train
nCT/nCT3255.jpg,nCT,train
nCT/nCT3256.jpg,nCT,train
nCT/nCT3258.jpg,nCT,train
nCT/nCT3259.jpg,nCT,train
nCT/nCT3261.jpg,nCT,train
nCT/nCT3262.jpg,nCT,train
nCT/nCT3264.jpg,nCT,train
nCT/nCT3266.jpg,nCT,train
nCT/nCT3269.jpg,nCT,train
nCT/nCT3273.jpg,nCT,train
nCT/nCT3274.jpg,nCT,train
nCT/nCT3279.jpg,nCT,train
nCT/nCT3280.jpg,nCT,train
nCT/nCT3281.jpg,nCT,train
nCT/nCT3282.jpg,nCT,train
nCT/nCT3286.jpg,nCT,train
nCT/nCT3287.jpg,nCT,train
nCT/nCT3288.jpg,nCT,train
nCT/nCT3289.jpg,nCT,train
nCT/nCT3290.jpg,nCT,train
nCT/nCT3291.jpg,nCT,train
nCT/nCT3293.jpg,nCT,train
nCT/nCT3294.jpg,nCT,train
nCT/nCT3295.jpg,nCT,train
nCT/nCT3296.jpg,nCT,train
nCT/nCT3297.jpg,nCT,train
nCT/nCT3298.jpg,nCT,train
nCT/nCT3299.jpg,nCT,train
nCT/nCT3300.jpg,nCT,train
nCT/nCT3301.jpg,nCT,train
nCT/nCT3302.jpg,nCT,train
nCT/nCT3304.jpg,nCT,train
nCT/nCT3305.jpg,nCT,train
nCT/nCT3307.jpg,nCT,train
nCT/nCT3308.jpg,nCT,train
nCT/nCT3309.jpg,nCT,train
nCT/nCT3310.jpg,nCT,train
nCT/nCT3311.jpg,nCT,train
nCT/nCT3313.jpg,nCT,train
nCT/nCT3314.jpg,nCT,train
nCT/nCT3315.jpg,nCT,train
nCT/nCT3316.jpg,nCT,train
nCT/nCT3317.jpg,nCT,train
nCT/nCT3319.jpg,nCT,train
nCT/nCT3321.jpg,nCT,train
nCT/nCT3325.jpg,nCT,train
nCT/nCT3326.jpg,nCT,train
nCT/nCT3328.jpg,nCT,train
nCT/nCT3329.jpg,nCT,train
nCT/nCT3333.jpg,nCT,train
nCT/nCT3336.jpg,nCT,train
nCT/nCT3337.jpg,nCT,train
nCT/nCT3339.jpg,nCT,train
nCT/nCT3342.jpg,nCT,train
nCT/nCT3343.jpg,nCT,train
nCT/nCT3344.jpg,nCT,train
nCT/nCT3345.jpg,nCT,train
nCT/nCT3346.jpg,nCT,train
nCT/nCT3347.jpg,nCT,train
nCT/nCT3350.jpg,nCT,train
nCT/nCT3351.jpg,nCT,train
nCT/nCT3352.jpg,nCT,train
nCT/nCT3353.jpg,nCT,train
nCT/nCT3354.jpg,nCT,train
nCT/nCT3355.jpg,nCT,train
nCT/nCT3356.jpg,nCT,train
nCT/nCT3358.jpg,nCT,train
nCT/nCT3359.jpg,nCT,train
nCT/nCT3361.jpg,nCT,train
nCT/nCT3363.jpg,nCT,train
nCT/nCT3364.jpg,nCT,train
nCT/nCT3365.jpg,nCT,train
nCT/nCT3366.jpg,nCT,train
nCT/nCT3367.jpg,nCT,train
nCT/nCT3369.jpg,nCT,train
nCT/nCT3370.jpg,nCT,train
nCT/nCT3371.jpg,nCT,train
nCT/nCT3372.jpg,nCT,train
nCT/nCT3373.jpg,nCT,train
nCT/nCT3374.jpg,nCT,train
nCT/nCT3376.jpg,nCT,train
nCT/nCT3377.jpg,nCT,train
nCT/nCT3378.jpg,nCT,train
nCT/nCT3382.jpg,nCT,train
nCT/nCT3384.jpg,nCT,train
nCT/nCT3385.jpg,nCT,train
nCT/nCT3386.jpg,nCT,train
nCT/nCT3387.jpg,nCT,train
nCT/nCT3390.jpg,nCT,train
nCT/nCT3395.jpg,nCT,train
nCT/nCT3396.jpg,nCT,train
nCT/nCT3397.jpg,nCT,train
nCT/nCT3400.jpg,nCT,train
nCT/nCT3401.jpg,nCT,train
nCT/nCT3402.jpg,nCT,train
nCT/nCT3403.jpg,nCT,train
nCT/nCT3404.jpg,nCT,train
nCT/nCT3405.jpg,nCT,train
nCT/nCT3406.jpg,nCT,train
nCT/nCT3408.jpg,nCT,train
nCT/nCT3409.jpg,nCT,train
nCT/nCT3410.jpg,nCT,train
nCT/nCT3411.jpg,nCT,train
nCT/nCT3412.jpg,nCT,train
nCT/nCT3414.jpg,nCT,train
nCT/nCT3415.jpg,nCT,train
nCT/nCT3417.jpg,nCT,train
nCT/nCT3418.jpg,nCT,train
nCT/nCT3419.jpg,nCT,train
nCT/nCT3421.jpg,nCT,train
nCT/nCT3422.jpg,nCT,train
nCT/nCT3423.jpg,nCT,train
nCT/nCT3424.jpg,nCT,train
nCT/nCT3426.jpg,nCT,train
nCT/nCT3427.jpg,nCT,train
nCT/nCT3429.jpg,nCT,train
nCT/nCT3430.jpg,nCT,train
nCT/nCT3431.jpg,nCT,train
nCT/nCT3432.jpg,nCT,train
nCT/nCT3433.jpg,nCT,train
nCT/nCT3434.jpg,nCT,train
nCT/nCT3436.jpg,nCT,train
nCT/nCT3437.jpg,nCT,train
nCT/nCT3438.jpg,nCT,train
nCT/nCT3442.jpg,nCT,train
nCT/nCT3443.jpg,nCT,train
nCT/nCT3444.jpg,nCT,train
nCT/nCT3445.jpg,nCT,train
nCT/nCT3448.jpg,nCT,train
nCT/nCT3449.jpg,nCT,train
nCT/nCT3453.jpg,nCT,train
nCT/nCT3454.jpg,nCT,train
nCT/nCT3455.jpg,nCT,train
nCT/nCT3458.jpg,nCT,train
nCT/nCT3459.jpg,nCT,train
nCT/nCT3460.jpg,nCT,train
nCT/nCT3461.jpg,nCT,train
nCT/nCT3462.jpg,nCT,train
nCT/nCT3463.jpg,nCT,train
nCT/nCT3464.jpg,nCT,train
nCT/nCT3466.jpg,nCT,train
nCT/nCT3467.jpg,nCT,train
nCT/nCT3468.jpg,nCT,train
nCT/nCT3469.jpg,nCT,train
nCT/nCT3470.jpg,nCT,train
nCT/nCT3471.jpg,nCT,train
nCT/nCT3473.jpg,nCT,train
nCT/nCT3474.jpg,nCT,train
nCT/nCT3475.jpg,nCT,train
nCT/nCT3476.jpg,nCT,train
nCT/nCT3477.jpg,nCT,train
nCT/nCT3479.jpg,nCT,train
nCT/nCT3480.jpg,nCT,train
nCT/nCT3481.jpg,nCT,train
nCT/nCT3482.jpg,nCT,train
nCT/nCT3483.jpg,nCT,train
nCT/nCT3485.jpg,nCT,train
nCT/nCT3487.jpg,nCT,train
nCT/nCT3488.jpg,nCT,train
nCT/nCT3489.jpg,nCT,train
nCT/nCT3490.jpg,nCT,train
nCT/nCT3491.jpg,nCT,train
nCT/nCT3492.jpg,nCT,train
nCT/nCT3496.jpg,nCT,train
nCT/nCT3498.jpg,nCT,train
nCT/nCT3502.jpg,nCT,train
nCT/nCT3503.jpg,nCT,train
nCT/nCT3504.jpg,nCT,train
nCT/nCT3506.jpg,nCT,train
nCT/nCT3508.jpg,nCT,train
nCT/nCT3513.jpg,nCT,train
nCT/nCT3514.jpg,nCT,train
nCT/nCT3515.jpg,nCT,train
nCT/nCT3519.jpg,nCT,train
nCT/nCT3520.jpg,nCT,train
nCT/nCT3521.jpg,nCT,train
nCT/nCT3522.jpg,nCT,train
nCT/nCT3523.jpg,nCT,train
nCT/nCT3524.jpg,nCT,train
nCT/nCT3526.jpg,nCT,train
nCT/nCT3528.jpg,nCT,train
nCT/nCT3529.jpg,nCT,train
nCT/nCT3530.jpg,nCT,train
nCT/nCT3532.jpg,nCT,train
nCT/nCT3533.jpg,nCT,train
nCT/nCT3534.jpg,nCT,train
nCT/nCT3535.jpg,nCT,train
nCT/nCT3536.jpg,nCT,train
nCT/nCT3537.jpg,nCT,train
nCT/nCT3538.jpg,nCT,train
nCT/nCT3540.jpg,nCT,train
nCT/nCT3541.jpg,nCT,train
nCT/nCT3542.jpg,nCT,train
nCT/nCT3544.jpg,nCT,train
nCT/nCT3545.jpg,nCT,train
nCT/nCT3547.jpg,nCT,train
nCT/nCT3548.jpg,nCT,train
nCT/nCT3550.jpg,nCT,train
nCT/nCT3551.jpg,nCT,train
nCT/nCT3552.jpg,nCT,train
nCT/nCT3553.jpg,nCT,train
nCT/nCT3554.jpg,nCT,train
nCT/nCT3555.jpg,nCT,train
nCT/nCT3557.jpg,nCT,train
nCT/nCT3562.jpg,nCT,train
nCT/nCT3563.jpg,nCT,train
nCT/nCT3564.jpg,nCT,train
nCT/nCT3565.jpg,nCT,train
nCT/nCT3567.jpg,nCT,train
nCT/nCT3571.jpg,nCT,train
nCT/nCT3573.jpg,nCT,train
nCT/nCT3574.jpg,nCT,train
nCT/nCT3575.jpg,nCT,train
nCT/nCT3578.jpg,nCT,train
nCT/nCT3579.jpg,nCT,train
nCT/nCT3580.jpg,nCT,train
nCT/nCT3581.jpg,nCT,train
nCT/nCT3583.jpg,nCT,train
nCT/nCT3584.jpg,nCT,train
nCT/nCT3586.jpg,nCT,train
nCT/nCT3587.jpg,nCT,train
nCT/nCT3588.jpg,nCT,train
nCT/nCT3589.jpg,nCT,train
nCT/nCT3591.jpg,nCT,train
nCT/nCT3592.jpg,nCT,train
nCT/nCT3594.jpg,nCT,train
nCT/nCT3595.jpg,nCT,train
nCT/nCT3596.jpg,nCT,train
nCT/nCT3597.jpg,nCT,train
nCT/nCT3599.jpg,nCT,train
nCT/nCT3600.jpg,nCT,train
nCT/nCT3601.jpg,nCT,train
nCT/nCT3603.jpg,nCT,train
nCT/nCT3605.jpg,nCT,train
nCT/nCT3606.jpg,nCT,train
nCT/nCT3608.jpg,nCT,train
nCT/nCT3609.jpg,nCT,train
nCT/nCT3610.jpg,nCT,train
nCT/nCT3611.jpg,nCT,train
nCT/nCT3612.jpg,nCT,train
nCT/nCT3613.jpg,nCT,train
nCT/nCT3614.jpg,nCT,train
nCT/nCT3615.jpg,nCT,train
nCT/nCT3616.jpg,nCT,train
nCT/nCT3617.jpg,nCT,train
nCT/nCT3621.jpg,nCT,train
nCT/nCT3622.jpg,nCT,train
nCT/nCT3623.jpg,nCT,train
nCT/nCT3624.jpg,nCT,train
nCT/nCT3627.jpg,nCT,train
nCT/nCT3628.jpg,nCT,train
nCT/nCT3632.jpg,nCT,train
nCT/nCT3633.jpg,nCT,train
nCT/nCT3634.jpg,nCT,train
nCT/nCT3637.jpg,nCT,train
nCT/nCT3638.jpg,nCT,train
nCT/nCT3639.jpg,nCT,train
nCT/nCT3640.jpg,nCT,train
nCT/nCT3641.jpg,nCT,train
nCT/nCT3642.jpg,nCT,train
nCT/nCT3643.jpg,nCT,train
nCT/nCT3645.jpg,nCT,train
nCT/nCT3646.jpg,nCT,train
nCT/nCT3647.jpg,nCT,train
nCT/nCT3648.jpg,nCT,train
nCT/nCT3649.jpg,nCT,train
nCT/nCT3650.jpg,nCT,train
nCT/nCT3652.jpg,nCT,train
nCT/nCT3653.jpg,nCT,train
nCT/nCT3654.jpg,nCT,train
nCT/nCT3655.jpg,nCT,train
nCT/nCT3656.jpg,nCT,train
nCT/nCT3658.jpg,nCT,train
nCT/nCT3659.jpg,nCT,train
nCT/nCT3660.jpg,nCT,train
nCT/nCT3661.jpg,nCT,train
nCT/nCT3662.jpg,nCT,train
nCT/nCT3663.jpg,nCT,train
nCT/nCT3664.jpg,nCT,train
nCT/nCT3666.jpg,nCT,train
nCT/nCT3667.jpg,nCT,train
nCT/nCT3668.jpg,nCT,train
nCT/nCT3669.jpg,nCT,train
nCT/nCT3670.jpg,nCT,train
nCT/nCT3671.jpg,nCT,train
nCT/nCT3672.jpg,nCT,train
nCT/nCT3674.jpg,nCT,train
nCT/nCT3675.jpg,nCT,train
nCT/nCT3679.jpg,nCT,train
nCT/nCT3680.jpg,nCT,train
nCT/nCT3681.jpg,nCT,train
nCT/nCT3683.jpg,nCT,train
nCT/nCT3686.jpg,nCT,train
nCT/nCT3690.jpg,nCT,train
nCT/nCT3691.jpg,nCT,train
nCT/nCT3692.jpg,nCT,train
nCT/nCT3696.jpg,nCT,train
nCT/nCT3697.jpg,nCT,train
nCT/nCT3698.jpg,nCT,train
nCT/nCT3699.jpg,nCT,train
nCT/nCT3700.jpg,nCT,train
nCT/nCT3701.jpg,nCT,train
nCT/nCT3703.jpg,nCT,train
nCT/nCT3705.jpg,nCT,train
nCT/nCT3706.jpg,nCT,train
nCT/nCT3707.jpg,nCT,train
nCT/nCT3708.jpg,nCT,train
nCT/nCT3710.jpg,nCT,train
nCT/nCT3711.jpg,nCT,train
nCT/nCT3712.jpg,nCT,train
nCT/nCT3713.jpg,nCT,train
nCT/nCT3714.jpg,nCT,train
nCT/nCT3718.jpg,nCT,train
nCT/nCT3719.jpg,nCT,train
nCT/nCT3720.jpg,nCT,train
nCT/nCT3721.jpg,nCT,train
nCT/nCT3722.jpg,nCT,train
nCT/nCT3723.jpg,nCT,train
nCT/nCT3725.jpg,nCT,train
nCT/nCT3726.jpg,nCT,train
nCT/nCT3727.jpg,nCT,train
nCT/nCT3728.jpg,nCT,train
nCT/nCT3729.jpg,nCT,train
nCT/nCT3730.jpg,nCT,train
nCT/nCT3731.jpg,nCT,train
nCT/nCT3733.jpg,nCT,train
nCT/nCT3734.jpg,nCT,train
nCT/nCT3739.jpg,nCT,train
nCT/nCT3740.jpg,nCT,train
nCT/nCT3741.jpg,nCT,train
nCT/nCT3742.jpg,nCT,train
nCT/nCT3745.jpg,nCT,train
nCT/nCT3749.jpg,nCT,train
nCT/nCT3750.jpg,nCT,train
nCT/nCT3751.jpg,nCT,train
nCT/nCT3752.jpg,nCT,train
nCT/nCT3755.jpg,nCT,train
nCT/nCT3756.jpg,nCT,train
nCT/nCT3757.jpg,nCT,train
nCT/nCT3758.jpg,nCT,train
nCT/nCT3759.jpg,nCT,train
nCT/nCT3761.jpg,nCT,train
nCT/nCT3763.jpg,nCT,train
nCT/nCT3764.jpg,nCT,train
nCT/nCT3765.jpg,nCT,train
nCT/nCT3766.jpg,nCT,train
nCT/nCT3767.jpg,nCT,train
nCT/nCT3769.jpg,nCT,train
nCT/nCT3770.jpg,nCT,train
nCT/nCT3772.jpg,nCT,train
nCT/nCT3773.jpg,nCT,train
nCT/nCT3774.jpg,nCT,train
nCT/nCT3776.jpg,nCT,train
nCT/nCT3777.jpg,nCT,train
nCT/nCT3778.jpg,nCT,train
nCT/nCT3779.jpg,nCT,train
nCT/nCT3780.jpg,nCT,train
nCT/nCT3781.jpg,nCT,train
nCT/nCT3784.jpg,nCT,train
nCT/nCT3785.jpg,nCT,train
nCT/nCT3786.jpg,nCT,train
nCT/nCT3787.jpg,nCT,train
nCT/nCT3788.jpg,nCT,train
nCT/nCT3789.jpg,nCT,train
nCT/nCT3791.jpg,nCT,train
nCT/nCT3792.jpg,nCT,train
nCT/nCT3797.jpg,nCT,train
nCT/nCT3798.jpg,nCT,train
nCT/nCT3799.jpg,nCT,train
nCT/nCT3800.jpg,nCT,train
nCT/nCT3803.jpg,nCT,train
nCT/nCT3804.jpg,nCT,train
nCT/nCT3808.jpg,nCT,train
nCT/nCT3809.jpg,nCT,train
nCT/nCT3810.jpg,nCT,train
nCT/nCT3813.jpg,nCT,train
nCT/nCT3815.jpg,nCT,train
nCT/nCT3816.jpg,nCT,train
nCT/nCT3817.jpg,nCT,train
nCT/nCT3818.jpg,nCT,train
nCT/nCT3819.jpg,nCT,train
nCT/nCT3821.jpg,nCT,train
nCT/nCT3822.jpg,nCT,train
nCT/nCT3823.jpg,nCT,train
nCT/nCT3824.jpg,nCT,train
nCT/nCT3825.jpg,nCT,train
nCT/nCT3828.jpg,nCT,train
nCT/nCT3829.jpg,nCT,train
nCT/nCT3830.jpg,nCT,train
nCT/nCT3831.jpg,nCT,train
nCT/nCT3832.jpg,nCT,train
nCT/nCT3833.jpg,nCT,train
nCT/nCT3834.jpg,nCT,train
nCT/nCT3836.jpg,nCT,train
nCT/nCT3837.jpg,nCT,train
nCT/nCT3838.jpg,nCT,train
nCT/nCT3839.jpg,nCT,train
nCT/nCT3840.jpg,nCT,train
nCT/nCT3841.jpg,nCT,train
nCT/nCT3843.jpg,nCT,train
nCT/nCT3844.jpg,nCT,train
nCT/nCT3845.jpg,nCT,train
nCT/nCT3846.jpg,nCT,train
nCT/nCT3847.jpg,nCT,train
nCT/nCT3848.jpg,nCT,train
nCT/nCT3849.jpg,nCT,train
nCT/nCT3850.jpg,nCT,train
nCT/nCT3852.jpg,nCT,train
nCT/nCT3853.jpg,nCT,train
nCT/nCT3857.jpg,nCT,train
nCT/nCT3858.jpg,nCT,train
nCT/nCT3859.jpg,nCT,train
nCT/nCT3860.jpg,nCT,train
nCT/nCT3861.jpg,nCT,train
nCT/nCT3864.jpg,nCT,train
nCT/nCT3869.jpg,nCT,train
nCT/nCT3870.jpg,nCT,train
nCT/nCT3871.jpg,nCT,train
nCT/nCT3872.jpg,nCT,train
nCT/nCT3875.jpg,nCT,train
nCT/nCT3877.jpg,nCT,train
nCT/nCT3878.jpg,nCT,train
nCT/nCT3879.jpg,nCT,train
nCT/nCT3880.jpg,nCT,train
nCT/nCT3882.jpg,nCT,train
nCT/nCT3884.jpg,nCT,train
nCT/nCT3885.jpg,nCT,train
nCT/nCT3886.jpg,nCT,train
nCT/nCT3887.jpg,nCT,train
nCT/nCT3888.jpg,nCT,train
nCT/nCT3889.jpg,nCT,train
nCT/nCT3890.jpg,nCT,train
nCT/nCT3891.jpg,nCT,train
nCT/nCT3892.jpg,nCT,train
nCT/nCT3893.jpg,nCT,train
nCT/nCT3896.jpg,nCT,train
nCT/nCT3897.jpg,nCT,train
nCT/nCT3898.jpg,nCT,train
nCT/nCT3899.jpg,nCT,train
nCT/nCT3900.jpg,nCT,train
nCT/nCT3902.jpg,nCT,train
nCT/nCT3903.jpg,nCT,train
nCT/nCT3904.jpg,nCT,train
nCT/nCT3906.jpg,nCT,train
nCT/nCT3907.jpg,nCT,train
nCT/nCT3908.jpg,nCT,train
nCT/nCT3909.jpg,nCT,train
nCT/nCT3911.jpg,nCT,train
nCT/nCT3912.jpg,nCT,train
nCT/nCT3917.jpg,nCT,train
nCT/nCT3918.jpg,nCT,train
nCT/nCT3919.jpg,nCT,train
nCT/nCT3920.jpg,nCT,train
nCT/nCT3922.jpg,nCT,train
nCT/nCT3923.jpg,nCT,train
nCT/nCT3927.jpg,nCT,train
nCT/nCT3929.jpg,nCT,train
nCT/nCT3930.jpg,nCT,train
nCT/nCT3931.jpg,nCT,train
nCT/nCT3934.jpg,nCT,train
nCT/nCT3936.jpg,nCT,train
nCT/nCT3937.jpg,nCT,train
nCT/nCT3940.jpg,nCT,train
nCT/nCT3941.jpg,nCT,train
nCT/nCT3943.jpg,nCT,train
nCT/nCT3944.jpg,nCT,train
nCT/nCT3945.jpg,nCT,train
nCT/nCT3946.jpg,nCT,train
nCT/nCT3947.jpg,nCT,train
nCT/nCT3948.jpg,nCT,train
nCT/nCT3949.jpg,nCT,train
nCT/nCT3950.jpg,nCT,train
nCT/nCT3951.jpg,nCT,train
nCT/nCT3952.jpg,nCT,train
nCT/nCT3953.jpg,nCT,train
nCT/nCT3954.jpg,nCT,train
nCT/nCT3956.jpg,nCT,train
nCT/nCT3957.jpg,nCT,train
nCT/nCT3958.jpg,nCT,train
nCT/nCT3959.jpg,nCT,train
nCT/nCT3960.jpg,nCT,train
nCT/nCT3961.jpg,nCT,train
nCT/nCT3963.jpg,nCT,train
nCT/nCT3964.jpg,nCT,train
nCT/nCT3965.jpg,nCT,train
nCT/nCT3966.jpg,nCT,train
nCT/nCT3967.jpg,nCT,train
nCT/nCT3968.jpg,nCT,train
nCT/nCT3969.jpg,nCT,train
nCT/nCT3971.jpg,nCT,train
nCT/nCT3974.jpg,nCT,train
nCT/nCT3978.jpg,nCT,train
nCT/nCT3979.jpg,nCT,train
nCT/nCT3980.jpg,nCT,train
nCT/nCT3982.jpg,nCT,train
nCT/nCT3983.jpg,nCT,train
nCT/nCT3984.jpg,nCT,train
nCT/nCT3989.jpg,nCT,train
nCT/nCT3990.jpg,nCT,train
nCT/nCT3991.jpg,nCT,train
nCT/nCT3995.jpg,nCT,train
nCT/nCT3997.jpg,nCT,train
nCT/nCT3998.jpg,nCT,train
nCT/nCT3999.jpg,nCT,train
nCT/nCT4000.jpg,nCT,train
nCT/nCT4002.jpg,nCT,train
nCT/nCT4003.jpg,nCT,train
nCT/nCT4004.jpg,nCT,train
nCT/nCT4006.jpg,nCT,train
nCT/nCT4007.jpg,nCT,train
nCT/nCT4008.jpg,nCT,train
nCT/nCT4009.jpg,nCT,train
nCT/nCT4010.jpg,nCT,train
nCT/nCT4011.jpg,nCT,train
nCT/nCT4012.jpg,nCT,train
nCT/nCT4013.jpg,nCT,train
nCT/nCT4015.jpg,nCT,train
nCT/nCT4016.jpg,nCT,train
nCT/nCT4017.jpg,nCT,train
nCT/nCT4018.jpg,nCT,train
nCT/nCT4019.jpg,nCT,train
nCT/nCT4020.jpg,nCT,train
nCT/nCT4022.jpg,nCT,train
nCT/nCT4023.jpg,nCT,train
nCT/nCT4024.jpg,nCT,train
nCT/nCT4025.jpg,nCT,train
nCT/nCT4026.jpg,nCT,train
nCT/nCT4027.jpg,nCT,train
nCT/nCT4028.jpg,nCT,train
nCT/nCT4029.jpg,nCT,train
nCT/nCT4030.jpg,nCT,train
nCT/nCT4031.jpg,nCT,train
nCT/nCT4033.jpg,nCT,train
nCT/nCT4037.jpg,nCT,train
nCT/nCT4038.jpg,nCT,train
nCT/nCT4039.jpg,nCT,train
nCT/nCT4040.jpg,nCT,train
nCT/nCT4042.jpg,nCT,train
nCT/nCT4043.jpg,nCT,train
nCT/nCT4048.jpg,nCT,train
nCT/nCT4050.jpg,nCT,train
nCT/nCT4051.jpg,nCT,train
nCT/nCT4052.jpg,nCT,train
nCT/nCT4055.jpg,nCT,train
nCT/nCT4057.jpg,nCT,train
nCT/nCT4058.jpg,nCT,train
nCT/nCT4059.jpg,nCT,train
nCT/nCT4060.jpg,nCT,train
nCT/nCT4061.jpg,nCT,train
nCT/nCT4063.jpg,nCT,train
nCT/nCT4064.jpg,nCT,train
nCT/nCT4065.jpg,nCT,train
nCT/nCT4066.jpg,nCT,train
nCT/nCT4067.jpg,nCT,train
nCT/nCT4068.jpg,nCT,train
nCT/nCT4069.jpg,nCT,train
nCT/nCT4070.jpg,nCT,train
nCT/nCT4071.jpg,nCT,train
nCT/nCT4072.jpg,nCT,train
nCT/nCT4073.jpg,nCT,train
nCT/nCT4074.jpg,nCT,train
nCT/nCT4076.jpg,nCT,train
nCT/nCT4077.jpg,nCT,train
nCT/nCT4078.jpg,nCT,train
nCT/nCT4079.jpg,nCT,train
nCT/nCT4081.jpg,nCT,train
nCT/nCT4083.jpg,nCT,train
nCT/nCT4084.jpg,nCT,train
nCT/nCT4085.jpg,nCT,train
nCT/nCT4086.jpg,nCT,train
nCT/nCT4087.jpg,nCT,train
nCT/nCT4088.jpg,nCT,train
nCT/nCT4089.jpg,nCT,train
nCT/nCT4090.jpg,nCT,train
nCT/nCT4091.jpg,nCT,train
nCT/nCT4092.jpg,nCT,train
nCT/nCT4093.jpg,nCT,train
nCT/nCT4096.jpg,nCT,train
nCT/nCT4100.jpg,nCT,train
nCT/nCT4101.jpg,nCT,train
nCT/nCT4102.jpg,nCT,train
nCT/nCT4103.jpg,nCT,train
nCT/nCT4104.jpg,nCT,train
nCT/nCT4107.jpg,nCT,train
nCT/nCT4112.jpg,nCT,train
nCT/nCT4113.jpg,nCT,train
nCT/nCT4114.jpg,nCT,train
nCT/nCT4117.jpg,nCT,train
nCT/nCT4119.jpg,nCT,train
nCT/nCT4120.jpg,nCT,train
nCT/nCT4121.jpg,nCT,train
nCT/nCT4122.jpg,nCT,train
nCT/nCT4123.jpg,nCT,train
nCT/nCT4125.jpg,nCT,train
nCT/nCT4126.jpg,nCT,train
nCT/nCT4128.jpg,nCT,train
nCT/nCT4130.jpg,nCT,train
nCT/nCT4131.jpg,nCT,train
nCT/nCT4132.jpg,nCT,train
nCT/nCT4133.jpg,nCT,train
nCT/nCT4134.jpg,nCT,train
nCT/nCT4135.jpg,nCT,train
nCT/nCT4136.jpg,nCT,train
nCT/nCT4138.jpg,nCT,train
nCT/nCT4139.jpg,nCT,train
nCT/nCT4140.jpg,nCT,train
nCT/nCT4141.jpg,nCT,train
nCT/nCT4142.jpg,nCT,train
nCT/nCT4143.jpg,nCT,train
nCT/nCT4144.jpg,nCT,train
nCT/nCT4146.jpg,nCT,train
nCT/nCT4147.jpg,nCT,train
nCT/nCT4148.jpg,nCT,train
nCT/nCT4149.jpg,nCT,train
nCT/nCT4150.jpg,nCT,train
nCT/nCT4152.jpg,nCT,train
nCT/nCT4153.jpg,nCT,train
nCT/nCT4154.jpg,nCT,train
nCT/nCT4155.jpg,nCT,train
nCT/nCT4157.jpg,nCT,train
nCT/nCT4163.jpg,nCT,train
nCT/nCT4164.jpg,nCT,train
nCT/nCT4165.jpg,nCT,train
nCT/nCT4166.jpg,nCT,train
nCT/nCT4168.jpg,nCT,train
nCT/nCT4169.jpg,nCT,train
nCT/nCT4172.jpg,nCT,train
nCT/nCT4175.jpg,nCT,train
nCT/nCT4176.jpg,nCT,train
nCT/nCT4177.jpg,nCT,train
nCT/nCT4180.jpg,nCT,train
nCT/nCT4181.jpg,nCT,train
nCT/nCT4182.jpg,nCT,train
nCT/nCT4184.jpg,nCT,train
nCT/nCT4185.jpg,nCT,train
nCT/nCT4186.jpg,nCT,train
nCT/nCT4188.jpg,nCT,train
nCT/nCT4189.jpg,nCT,train
nCT/nCT4190.jpg,nCT,train
nCT/nCT4191.jpg,nCT,train
nCT/nCT4193.jpg,nCT,train
nCT/nCT4194.jpg,nCT,train
nCT/nCT4195.jpg,nCT,train
nCT/nCT4196.jpg,nCT,train
nCT/nCT4197.jpg,nCT,train
nCT/nCT4198.jpg,nCT,train
nCT/nCT4199.jpg,nCT,train
nCT/nCT4201.jpg,nCT,train
nCT/nCT4202.jpg,nCT,train
nCT/nCT4203.jpg,nCT,train
nCT/nCT4204.jpg,nCT,train
nCT/nCT4206.jpg,nCT,train
nCT/nCT4207.jpg,nCT,train
nCT/nCT4209.jpg,nCT,train
nCT/nCT4210.jpg,nCT,train
nCT/nCT4211.jpg,nCT,train
nCT/nCT4212.jpg,nCT,train
nCT/nCT4214.jpg,nCT,train
nCT/nCT4215.jpg,nCT,train
nCT/nCT4217.jpg,nCT,train
nCT/nCT4218.jpg,nCT,train
nCT/nCT4219.jpg,nCT,train
nCT/nCT4221.jpg,nCT,train
nCT/nCT4225.jpg,nCT,train
nCT/nCT4226.jpg,nCT,train
nCT/nCT4227.jpg,nCT,train
nCT/nCT4228.jpg,nCT,train
nCT/nCT4229.jpg,nCT,train
nCT/nCT4230.jpg,nCT,train
nCT/nCT4232.jpg,nCT,train
nCT/nCT4237.jpg,nCT,train
nCT/nCT4238.jpg,nCT,train
nCT/nCT4239.jpg,nCT,train
nCT/nCT4240.jpg,nCT,train
nCT/nCT4242.jpg,nCT,train
nCT/nCT4244.jpg,nCT,train
nCT/nCT4245.jpg,nCT,train
nCT/nCT4246.jpg,nCT,train
nCT/nCT4247.jpg,nCT,train
nCT/nCT4248.jpg,nCT,train
nCT/nCT4249.jpg,nCT,train
nCT/nCT4251.jpg,nCT,train
nCT/nCT4252.jpg,nCT,train
nCT/nCT4253.jpg,nCT,train
nCT/nCT4255.jpg,nCT,train
nCT/nCT4256.jpg,nCT,train
nCT/nCT4257.jpg,nCT,train
nCT/nCT4258.jpg,nCT,train
nCT/nCT4259.jpg,nCT,train
nCT/nCT4260.jpg,nCT,train
nCT/nCT4261.jpg,nCT,train
nCT/nCT4262.jpg,nCT,train
nCT/nCT4264.jpg,nCT,train
nCT/nCT4265.jpg,nCT,train
nCT/nCT4266.jpg,nCT,train
nCT/nCT4267.jpg,nCT,train
nCT/nCT4268.jpg,nCT,train
nCT/nCT4269.jpg,nCT,train
nCT/nCT4272.jpg,nCT,train
nCT/nCT4273.jpg,nCT,train
nCT/nCT4274.jpg,nCT,train
nCT/nCT4275.jpg,nCT,train
nCT/nCT4276.jpg,nCT,train
nCT/nCT4277.jpg,nCT,train
nCT/nCT4279.jpg,nCT,train
nCT/nCT4280.jpg,nCT,train
nCT/nCT4281.jpg,nCT,train
nCT/nCT4282.jpg,nCT,train
nCT/nCT4283.jpg,nCT,train
nCT/nCT4285.jpg,nCT,train
nCT/nCT4289.jpg,nCT,train
nCT/nCT4290.jpg,nCT,train
nCT/nCT4291.jpg,nCT,train
nCT/nCT4292.jpg,nCT,train
nCT/nCT4293.jpg,nCT,train
nCT/nCT4294.jpg,nCT,train
nCT/nCT4296.jpg,nCT,train
nCT/nCT4301.jpg,nCT,train
nCT/nCT4302.jpg,nCT,train
nCT/nCT4303.jpg,nCT,train
nCT/nCT4306.jpg,nCT,train
nCT/nCT4308.jpg,nCT,train
nCT/nCT4309.jpg,nCT,train
nCT/nCT4310.jpg,nCT,train
nCT/nCT4311.jpg,nCT,train
nCT/nCT4312.jpg,nCT,train
nCT/nCT4314.jpg,nCT,train
nCT/nCT4315.jpg,nCT,train
nCT/nCT4317.jpg,nCT,train
nCT/nCT4319.jpg,nCT,train
nCT/nCT4320.jpg,nCT,train
nCT/nCT4321.jpg,nCT,train
nCT/nCT4322.jpg,nCT,train
nCT/nCT4323.jpg,nCT,train
nCT/nCT4324.jpg,nCT,train
nCT/nCT4325.jpg,nCT,train
nCT/nCT4328.jpg,nCT,train
nCT/nCT4329.jpg,nCT,train
nCT/nCT4330.jpg,nCT,train
nCT/nCT4331.jpg,nCT,train
nCT/nCT4332.jpg,nCT,train
nCT/nCT4333.jpg,nCT,train
nCT/nCT4335.jpg,nCT,train
nCT/nCT4336.jpg,nCT,train
nCT/nCT4337.jpg,nCT,train
nCT/nCT4339.jpg,nCT,train
nCT/nCT4340.jpg,nCT,train
nCT/nCT4342.jpg,nCT,train
nCT/nCT4343.jpg,nCT,train
nCT/nCT4344.jpg,nCT,train
nCT/nCT4345.jpg,nCT,train
nCT/nCT4347.jpg,nCT,train
nCT/nCT4352.jpg,nCT,train
nCT/nCT4353.jpg,nCT,train
nCT/nCT4354.jpg,nCT,train
nCT/nCT4355.jpg,nCT,train
nCT/nCT4356.jpg,nCT,train
nCT/nCT4358.jpg,nCT,train
nCT/nCT4360.jpg,nCT,train
nCT/nCT4364.jpg,nCT,train
nCT/nCT4365.jpg,nCT,train
nCT/nCT4366.jpg,nCT,train
nCT/nCT4368.jpg,nCT,train
nCT/nCT4370.jpg,nCT,train
nCT/nCT4371.jpg,nCT,train
nCT/nCT4372.jpg,nCT,train
nCT/nCT4373.jpg,nCT,train
nCT/nCT4374.jpg,nCT,train
nCT/nCT4375.jpg,nCT,train
nCT/nCT4377.jpg,nCT,train
nCT/nCT4378.jpg,nCT,train
nCT/nCT4379.jpg,nCT,train
nCT/nCT4381.jpg,nCT,train
nCT/nCT4382.jpg,nCT,train
nCT/nCT4383.jpg,nCT,train
nCT/nCT4384.jpg,nCT,train
nCT/nCT4385.jpg,nCT,train
nCT/nCT4386.jpg,nCT,train
nCT/nCT4387.jpg,nCT,train
nCT/nCT4388.jpg,nCT,train
nCT/nCT4389.jpg,nCT,train
nCT/nCT4391.jpg,nCT,train
nCT/nCT4392.jpg,nCT,train
nCT/nCT4393.jpg,nCT,train
nCT/nCT4395.jpg,nCT,train
nCT/nCT4396.jpg,nCT,train
nCT/nCT4397.jpg,nCT,train
nCT/nCT4399.jpg,nCT,train
nCT/nCT4400.jpg,nCT,train
nCT/nCT4401.jpg,nCT,train
nCT/nCT4402.jpg,nCT,train
nCT/nCT4403.jpg,nCT,train
nCT/nCT4404.jpg,nCT,train
nCT/nCT4405.jpg,nCT,train
nCT/nCT4406.jpg,nCT,train
nCT/nCT4407.jpg,nCT,train
nCT/nCT4408.jpg,nCT,train
nCT/nCT4410.jpg,nCT,train
nCT/nCT4414.jpg,nCT,train
nCT/nCT4415.jpg,nCT,train
nCT/nCT4417.jpg,nCT,train
nCT/nCT4418.jpg,nCT,train
nCT/nCT4419.jpg,nCT,train
nCT/nCT4421.jpg,nCT,train
nCT/nCT4426.jpg,nCT,train
nCT/nCT4428.jpg,nCT,train
nCT/nCT4429.jpg,nCT,train
nCT/nCT4431.jpg,nCT,train
nCT/nCT4433.jpg,nCT,train
nCT/nCT4434.jpg,nCT,train
nCT/nCT4435.jpg,nCT,train
nCT/nCT4436.jpg,nCT,train
nCT/nCT4437.jpg,nCT,train
nCT/nCT4438.jpg,nCT,train
nCT/nCT4439.jpg,nCT,train
nCT/nCT4441.jpg,nCT,train
nCT/nCT4442.jpg,nCT,train
nCT/nCT4444.jpg,nCT,train
nCT/nCT4445.jpg,nCT,train
nCT/nCT4446.jpg,nCT,train
nCT/nCT4447.jpg,nCT,train
nCT/nCT4448.jpg,nCT,train
nCT/nCT4449.jpg,nCT,train
nCT/nCT4450.jpg,nCT,train
nCT/nCT4451.jpg,nCT,train
nCT/nCT4452.jpg,nCT,train
nCT/nCT4454.jpg,nCT,train
nCT/nCT4455.jpg,nCT,train
nCT/nCT4456.jpg,nCT,train
nCT/nCT4457.jpg,nCT,train
nCT/nCT4458.jpg,nCT,train
nCT/nCT4459.jpg,nCT,train
nCT/nCT4460.jpg,nCT,train
nCT/nCT4462.jpg,nCT,train
nCT/nCT4463.jpg,nCT,train
nCT/nCT4464.jpg,nCT,train
nCT/nCT4465.jpg,nCT,train
nCT/nCT4466.jpg,nCT,train
nCT/nCT4468.jpg,nCT,train
nCT/nCT4469.jpg,nCT,train
nCT/nCT4470.jpg,nCT,train
nCT/nCT4471.jpg,nCT,train
nCT/nCT4473.jpg,nCT,train
nCT/nCT4477.jpg,nCT,train
nCT/nCT4478.jpg,nCT,train
nCT/nCT4480.jpg,nCT,train
nCT/nCT4482.jpg,nCT,train
nCT/nCT4483.jpg,nCT,train
nCT/nCT4484.jpg,nCT,train
nCT/nCT4488.jpg,nCT,train
nCT/nCT4489.jpg,nCT,train
nCT/nCT4490.jpg,nCT,train
nCT/nCT4494.jpg,nCT,train
nCT/nCT4495.jpg,nCT,train
nCT/nCT4497.jpg,nCT,train
nCT/nCT4498.jpg,nCT,train
nCT/nCT4499.jpg,nCT,train
nCT/nCT4500.jpg,nCT,train
nCT/nCT4501.jpg,nCT,train
nCT/nCT4503.jpg,nCT,train
nCT/nCT4504.jpg,nCT,train
nCT/nCT4505.jpg,nCT,train
nCT/nCT4506.jpg,nCT,train
nCT/nCT4507.jpg,nCT,train
nCT/nCT4508.jpg,nCT,train
nCT/nCT4509.jpg,nCT,train
nCT/nCT4510.jpg,nCT,train
nCT/nCT4511.jpg,nCT,train
nCT/nCT4512.jpg,nCT,train
nCT/nCT4513.jpg,nCT,train
nCT/nCT4514.jpg,nCT,train
nCT/nCT4517.jpg,nCT,train
nCT/nCT4518.jpg,nCT,train
nCT/nCT4519.jpg,nCT,train
nCT/nCT4520.jpg,nCT,train
nCT/nCT4521.jpg,nCT,train
nCT/nCT4522.jpg,nCT,train
nCT/nCT4524.jpg,nCT,train
nCT/nCT4525.jpg,nCT,train
nCT/nCT4526.jpg,nCT,train
nCT/nCT4528.jpg,nCT,train
nCT/nCT4530.jpg,nCT,train
nCT/nCT4531.jpg,nCT,train
nCT/nCT4532.jpg,nCT,train
nCT/nCT4533.jpg,nCT,train
nCT/nCT4535.jpg,nCT,train
nCT/nCT4540.jpg,nCT,train
nCT/nCT4541.jpg,nCT,train
nCT/nCT4543.jpg,nCT,train
nCT/nCT4545.jpg,nCT,train
nCT/nCT4546.jpg,nCT,train
nCT/nCT4551.jpg,nCT,train
nCT/nCT4552.jpg,nCT,train
nCT/nCT4553.jpg,nCT,train
nCT/nCT4556.jpg,nCT,train
nCT/nCT4558.jpg,nCT,train
nCT/nCT4559.jpg,nCT,train
nCT/nCT4561.jpg,nCT,train
nCT/nCT4562.jpg,nCT,train
nCT/nCT4563.jpg,nCT,train
nCT/nCT4565.jpg,nCT,train
nCT/nCT4566.jpg,nCT,train
nCT/nCT4567.jpg,nCT,train
nCT/nCT4568.jpg,nCT,train
nCT/nCT4569.jpg,nCT,train
nCT/nCT4570.jpg,nCT,train
nCT/nCT4571.jpg,nCT,train
nCT/nCT4572.jpg,nCT,train
nCT/nCT4573.jpg,nCT,train
nCT/nCT4574.jpg,nCT,train
nCT/nCT4575.jpg,nCT,train
nCT/nCT4576.jpg,nCT,train
nCT/nCT4578.jpg,nCT,train
nCT/nCT4579.jpg,nCT,train
nCT/nCT4580.jpg,nCT,train
nCT/nCT4581.jpg,nCT,train
nCT/nCT4582.jpg,nCT,train
nCT/nCT4583.jpg,nCT,train
nCT/nCT4584.jpg,nCT,train
nCT/nCT4586.jpg,nCT,train
nCT/nCT4587.jpg,nCT,train
nCT/nCT4588.jpg,nCT,train
nCT/nCT4589.jpg,nCT,train
nCT/nCT4591.jpg,nCT,train
nCT/nCT4592.jpg,nCT,train
nCT/nCT4593.jpg,nCT,train
nCT/nCT4594.jpg,nCT,train
nCT/nCT4595.jpg,nCT,train
nCT/nCT4596.jpg,nCT,train
nCT/nCT4599.jpg,nCT,train
nCT/nCT4600.jpg,nCT,train
nCT/nCT4602.jpg,nCT,train
nCT/nCT4606.jpg,nCT,train
nCT/nCT4608.jpg,nCT,train
nCT/nCT4611.jpg,nCT,train
nCT/nCT4612.jpg,nCT,train
nCT/nCT4613.jpg,nCT,train
nCT/nCT4617.jpg,nCT,train
nCT/nCT4618.jpg,nCT,train
nCT/nCT4619.jpg,nCT,train
nCT/nCT4620.jpg,nCT,train
nCT/nCT4621.jpg,nCT,train
nCT/nCT4622.jpg,nCT,train
nCT/nCT4623.jpg,nCT,train
nCT/nCT4625.jpg,nCT,train
nCT/nCT4626.jpg,nCT,train
nCT/nCT4628.jpg,nCT,train
nCT/nCT4629.jpg,nCT,train
nCT/nCT4630.jpg,nCT,train
nCT/nCT4631.jpg,nCT,train
nCT/nCT4632.jpg,nCT,train
nCT/nCT4633.jpg,nCT,train
nCT/nCT4634.jpg,nCT,train
nCT/nCT4635.jpg,nCT,train
nCT/nCT4636.jpg,nCT,train
nCT/nCT4638.jpg,nCT,train
nCT/nCT4639.jpg,nCT,train
nCT/nCT4640.jpg,nCT,train
nCT/nCT4641.jpg,nCT,train
nCT/nCT4642.jpg,nCT,train
nCT/nCT4643.jpg,nCT,train
nCT/nCT4646.jpg,nCT,train
nCT/nCT4647.jpg,nCT,train
nCT/nCT4648.jpg,nCT,train
nCT/nCT4649.jpg,nCT,train
nCT/nCT4650.jpg,nCT,train
nCT/nCT4651.jpg,nCT,train
nCT/nCT4652.jpg,nCT,train
nCT/nCT4653.jpg,nCT,train
nCT/nCT4655.jpg,nCT,train
nCT/nCT4658.jpg,nCT,train
nCT/nCT4659.jpg,nCT,train
nCT/nCT4660.jpg,nCT,train
nCT/nCT4662.jpg,nCT,train
nCT/nCT4664.jpg,nCT,train
nCT/nCT4667.jpg,nCT,train
nCT/nCT4669.jpg,nCT,train
nCT/nCT4670.jpg,nCT,train
nCT/nCT4671.jpg,nCT,train
nCT/nCT4672.jpg,nCT,train
nCT/nCT4675.jpg,nCT,train
nCT/nCT4676.jpg,nCT,train
nCT/nCT4677.jpg,nCT,train
nCT/nCT4678.jpg,nCT,train
nCT/nCT4679.jpg,nCT,train
nCT/nCT4680.jpg,nCT,train
nCT/nCT4681.jpg,nCT,train
nCT/nCT4682.jpg,nCT,train
nCT/nCT4684.jpg,nCT,train
nCT/nCT4685.jpg,nCT,train
nCT/nCT4686.jpg,nCT,train
nCT/nCT4687.jpg,nCT,train
nCT/nCT4688.jpg,nCT,train
nCT/nCT4689.jpg,nCT,train
nCT/nCT4690.jpg,nCT,train
nCT/nCT4691.jpg,nCT,train
nCT/nCT4692.jpg,nCT,train
nCT/nCT4693.jpg,nCT,train
nCT/nCT4694.jpg,nCT,train
nCT/nCT4695.jpg,nCT,train
nCT/nCT4697.jpg,nCT,train
nCT/nCT4698.jpg,nCT,train
nCT/nCT4699.jpg,nCT,train
nCT/nCT4700.jpg,nCT,train
nCT/nCT4701.jpg,nCT,train
nCT/nCT4704.jpg,nCT,train
nCT/nCT4705.jpg,nCT,train
nCT/nCT4706.jpg,nCT,train
nCT/nCT4707.jpg,nCT,train
nCT/nCT4708.jpg,nCT,train
nCT/nCT4709.jpg,nCT,train
nCT/nCT4710.jpg,nCT,train
nCT/nCT4712.jpg,nCT,train
nCT/nCT4713.jpg,nCT,train
nCT/nCT4718.jpg,nCT,train
nCT/nCT4719.jpg,nCT,train
nCT/nCT4721.jpg,nCT,train
nCT/nCT4723.jpg,nCT,train
nCT/nCT4726.jpg,nCT,train
nCT/nCT4729.jpg,nCT,train
nCT/nCT4730.jpg,nCT,train
nCT/nCT4731.jpg,nCT,train
nCT/nCT4733.jpg,nCT,train
nCT/nCT4734.jpg,nCT,train
nCT/nCT4735.jpg,nCT,train
nCT/nCT4737.jpg,nCT,train
nCT/nCT4739.jpg,nCT,train
nCT/nCT4741.jpg,nCT,train
nCT/nCT4742.jpg,nCT,train
nCT/nCT4743.jpg,nCT,train
nCT/nCT4744.jpg,nCT,train
nCT/nCT4747.jpg,nCT,train
nCT/nCT4750.jpg,nCT,train
nCT/nCT4751.jpg,nCT,train
nCT/nCT4753.jpg,nCT,train
nCT/nCT4754.jpg,nCT,train
nCT/nCT4758.jpg,nCT,train
nCT/nCT4759.jpg,nCT,train
nCT/nCT4760.jpg,nCT,train
nCT/nCT4761.jpg,nCT,train
nCT/nCT4762.jpg,nCT,train
nCT/nCT4765.jpg,nCT,train
nCT/nCT4766.jpg,nCT,train
nCT/nCT4767.jpg,nCT,train
nCT/nCT4768.jpg,nCT,train
nCT/nCT4769.jpg,nCT,train
nCT/nCT4770.jpg,nCT,train
nCT/nCT4771.jpg,nCT,train
nCT/nCT4772.jpg,nCT,train
nCT/nCT4774.jpg,nCT,train
nCT/nCT4775.jpg,nCT,train
nCT/nCT4776.jpg,nCT,train
nCT/nCT4777.jpg,nCT,train
nCT/nCT4778.jpg,nCT,train
nCT/nCT4779.jpg,nCT,train
nCT/nCT4780.jpg,nCT,train
nCT/nCT4781.jpg,nCT,train
nCT/nCT4782.jpg,nCT,train
nCT/nCT4783.jpg,nCT,train
nCT/nCT4784.jpg,nCT,train
nCT/nCT4785.jpg,nCT,train
nCT/nCT4787.jpg,nCT,train
nCT/nCT4788.jpg,nCT,train
nCT/nCT4789.jpg,nCT,train
nCT/nCT4790.jpg,nCT,train
nCT/nCT4791.jpg,nCT,train
nCT/nCT4793.jpg,nCT,train
nCT/nCT4794.jpg,nCT,train
nCT/nCT4795.jpg,nCT,train
nCT/nCT4796.jpg,nCT,train
nCT/nCT4797.jpg,nCT,train
nCT/nCT4798.jpg,nCT,train
nCT/nCT4799.jpg,nCT,train
nCT/nCT4802.jpg,nCT,train
nCT/nCT4805.jpg,nCT,train
nCT/nCT4807.jpg,nCT,train
nCT/nCT4808.jpg,nCT,train
nCT/nCT4812.jpg,nCT,train
nCT/nCT4813.jpg,nCT,train
nCT/nCT4814.jpg,nCT,train
nCT/nCT4816.jpg,nCT,train
nCT/nCT4819.jpg,nCT,train
nCT/nCT4820.jpg,nCT,train
nCT/nCT4821.jpg,nCT,train
nCT/nCT4822.jpg,nCT,train
nCT/nCT4823.jpg,nCT,train
nCT/nCT4824.jpg,nCT,train
nCT/nCT4827.jpg,nCT,train
nCT/nCT4828.jpg,nCT,train
nCT/nCT4829.jpg,nCT,train
nCT/nCT4830.jpg,nCT,train
nCT/nCT4831.jpg,nCT,train
nCT/nCT4832.jpg,nCT,train
nCT/nCT4833.jpg,nCT,train
nCT/nCT4834.jpg,nCT,train
nCT/nCT4835.jpg,nCT,train
nCT/nCT4836.jpg,nCT,train
nCT/nCT4837.jpg,nCT,train
nCT/nCT4839.jpg,nCT,train
nCT/nCT4840.jpg,nCT,train
nCT/nCT4842.jpg,nCT,train
nCT/nCT4843.jpg,nCT,train
nCT/nCT4844.jpg,nCT,train
nCT/nCT4845.jpg,nCT,train
nCT/nCT4846.jpg,nCT,train
nCT/nCT4848.jpg,nCT,train
nCT/nCT4849.jpg,nCT,train
nCT/nCT4850.jpg,nCT,train
nCT/nCT4851.jpg,nCT,train
nCT/nCT4852.jpg,nCT,train
nCT/nCT4853.jpg,nCT,train
nCT/nCT4854.jpg,nCT,train
nCT/nCT4857.jpg,nCT,train
nCT/nCT4859.jpg,nCT,train
nCT/nCT4860.jpg,nCT,train
nCT/nCT4862.jpg,nCT,train
nCT/nCT4863.jpg,nCT,train
nCT/nCT4867.jpg,nCT,train
nCT/nCT4868.jpg,nCT,train
nCT/nCT4869.jpg,nCT,train
nCT/nCT4870.jpg,nCT,train
nCT/nCT4871.jpg,nCT,train
nCT/nCT4874.jpg,nCT,train
nCT/nCT4875.jpg,nCT,train
nCT/nCT4876.jpg,nCT,train
nCT/nCT4877.jpg,nCT,train
nCT/nCT4878.jpg,nCT,train
nCT/nCT4879.jpg,nCT,train
nCT/nCT4881.jpg,nCT,train
nCT/nCT4882.jpg,nCT,train
nCT/nCT4883.jpg,nCT,train
nCT/nCT4884.jpg,nCT,train
nCT/nCT4885.jpg,nCT,train
nCT/nCT4886.jpg,nCT,train
nCT/nCT4887.jpg,nCT,train
nCT/nCT4888.jpg,nCT,train
nCT/nCT4889.jpg,nCT,train
nCT/nCT4890.jpg,nCT,train
nCT/nCT4891.jpg,nCT,train
nCT/nCT4892.jpg,nCT,train
nCT/nCT4893.jpg,nCT,train
nCT/nCT4894.jpg,nCT,train
nCT/nCT4896.jpg,nCT,train
nCT/nCT4897.jpg,nCT,train
nCT/nCT4898.jpg,nCT,train
nCT/nCT4899.jpg,nCT,train
nCT/nCT4900.jpg,nCT,train
nCT/nCT4902.jpg,nCT,train
nCT/nCT4903.jpg,nCT,train
nCT/nCT4904.jpg,nCT,train
nCT/nCT4905.jpg,nCT,train
nCT/nCT4906.jpg,nCT,train
nCT/nCT4907.jpg,nCT,train
nCT/nCT4908.jpg,nCT,train
nCT/nCT4911.jpg,nCT,train
nCT/nCT4913.jpg,nCT,train
nCT/nCT4915.jpg,nCT,train
nCT/nCT4916.jpg,nCT,train
nCT/nCT4917.jpg,nCT,train
nCT/nCT4921.jpg,nCT,train
nCT/nCT4922.jpg,nCT,train
nCT/nCT4923.jpg,nCT,train
nCT/nCT4924.jpg,nCT,train
nCT/nCT4928.jpg,nCT,train
nCT/nCT4929.jpg,nCT,train
nCT/nCT4930.jpg,nCT,train
nCT/nCT4931.jpg,nCT,train
nCT/nCT4932.jpg,nCT,train
nCT/nCT4933.jpg,nCT,train
nCT/nCT4935.jpg,nCT,train
nCT/nCT4936.jpg,nCT,train
nCT/nCT4939.jpg,nCT,train
nCT/nCT4940.jpg,nCT,train
nCT/nCT4941.jpg,nCT,train
nCT/nCT4942.jpg,nCT,train
nCT/nCT4943.jpg,nCT,train
nCT/nCT4944.jpg,nCT,train
nCT/nCT4945.jpg,nCT,train
nCT/nCT4946.jpg,nCT,train
nCT/nCT4947.jpg,nCT,train
nCT/nCT4948.jpg,nCT,train
nCT/nCT4949.jpg,nCT,train
nCT/nCT4950.jpg,nCT,train
nCT/nCT4952.jpg,nCT,train
nCT/nCT4953.jpg,nCT,train
nCT/nCT4954.jpg,nCT,train
nCT/nCT4955.jpg,nCT,train
nCT/nCT4956.jpg,nCT,train
nCT/nCT4958.jpg,nCT,train
nCT/nCT4959.jpg,nCT,train
nCT/nCT4960.jpg,nCT,train
nCT/nCT4961.jpg,nCT,train
nCT/nCT4962.jpg,nCT,train
nCT/nCT4963.jpg,nCT,train
nCT/nCT4964.jpg,nCT,train
nCT/nCT4967.jpg,nCT,train
nCT/nCT4969.jpg,nCT,train
nCT/nCT4971.jpg,nCT,train
nCT/nCT4972.jpg,nCT,train
nCT/nCT4973.jpg,nCT,train
nCT/nCT4977.jpg,nCT,train
nCT/nCT4978.jpg,nCT,train
nCT/nCT4979.jpg,nCT,train
nCT/nCT4980.jpg,nCT,train
nCT/nCT4984.jpg,nCT,train
nCT/nCT4985.jpg,nCT,train
nCT/nCT4986.jpg,nCT,train
nCT/nCT4987.jpg,nCT,train
nCT/nCT4988.jpg,nCT,train
nCT/nCT4989.jpg,nCT,train
nCT/nCT4991.jpg,nCT,train
nCT/nCT4992.jpg,nCT,train
nCT/nCT4993.jpg,nCT,train
nCT/nCT4995.jpg,nCT,train
nCT/nCT4996.jpg,nCT,train
nCT/nCT4997.jpg,nCT,train
nCT/nCT4998.jpg,nCT,train
nCT/nCT4999.jpg,nCT,train
nCT/nCT5000.jpg,nCT,train
nCT/nCT5001.jpg,nCT,train
nCT/nCT5002.jpg,nCT,train
nCT/nCT5003.jpg,nCT,train
nCT/nCT5006.jpg,nCT,train
nCT/nCT5007.jpg,nCT,train
nCT/nCT5008.jpg,nCT,train
nCT/nCT5009.jpg,nCT,train
nCT/nCT5010.jpg,nCT,train
nCT/nCT5012.jpg,nCT,train
nCT/nCT5013.jpg,nCT,train
nCT/nCT5014.jpg,nCT,train
nCT/nCT5017.jpg,nCT,train
nCT/nCT5018.jpg,nCT,train
nCT/nCT5019.jpg,nCT,train
nCT/nCT5022.jpg,nCT,train
nCT/nCT5024.jpg,nCT,train
nCT/nCT5025.jpg,nCT,train
nCT/nCT5026.jpg,nCT,train
nCT/nCT5027.jpg,nCT,train
nCT/nCT5028.jpg,nCT,train
nCT/nCT5033.jpg,nCT,train
nCT/nCT5034.jpg,nCT,train
nCT/nCT5035.jpg,nCT,train
nCT/nCT5036.jpg,nCT,train
nCT/nCT5038.jpg,nCT,train
nCT/nCT5040.jpg,nCT,train
nCT/nCT5041.jpg,nCT,train
nCT/nCT5042.jpg,nCT,train
nCT/nCT5043.jpg,nCT,train
nCT/nCT5044.jpg,nCT,train
nCT/nCT5045.jpg,nCT,train
nCT/nCT5046.jpg,nCT,train
nCT/nCT5048.jpg,nCT,train
nCT/nCT5050.jpg,nCT,train
nCT/nCT5051.jpg,nCT,train
nCT/nCT5052.jpg,nCT,train
nCT/nCT5053.jpg,nCT,train
nCT/nCT5054.jpg,nCT,train
nCT/nCT5055.jpg,nCT,train
nCT/nCT5056.jpg,nCT,train
nCT/nCT5057.jpg,nCT,train
nCT/nCT5058.jpg,nCT,train
nCT/nCT5059.jpg,nCT,train
nCT/nCT5060.jpg,nCT,train
nCT/nCT5061.jpg,nCT,train
nCT/nCT5063.jpg,nCT,train
nCT/nCT5064.jpg,nCT,train
nCT/nCT5065.jpg,nCT,train
nCT/nCT5066.jpg,nCT,train
nCT/nCT5067.jpg,nCT,train
nCT/nCT5069.jpg,nCT,train
nCT/nCT5070.jpg,nCT,train
nCT/nCT5073.jpg,nCT,train
nCT/nCT5074.jpg,nCT,train
nCT/nCT5075.jpg,nCT,train
nCT/nCT5076.jpg,nCT,train
nCT/nCT5079.jpg,nCT,train
nCT/nCT5081.jpg,nCT,train
nCT/nCT5082.jpg,nCT,train
nCT/nCT5084.jpg,nCT,train
nCT/nCT5085.jpg,nCT,train
nCT/nCT5090.jpg,nCT,train
nCT/nCT5091.jpg,nCT,train
nCT/nCT5092.jpg,nCT,train
nCT/nCT5093.jpg,nCT,train
nCT/nCT5094.jpg,nCT,train
nCT/nCT5097.jpg,nCT,train
nCT/nCT5098.jpg,nCT,train
nCT/nCT5099.jpg,nCT,train
nCT/nCT5100.jpg,nCT,train
nCT/nCT5101.jpg,nCT,train
nCT/nCT5102.jpg,nCT,train
nCT/nCT5103.jpg,nCT,train
nCT/nCT5106.jpg,nCT,train
nCT/nCT5107.jpg,nCT,train
nCT/nCT5108.jpg,nCT,train
nCT/nCT5109.jpg,nCT,train
nCT/nCT5110.jpg,nCT,train
nCT/nCT5111.jpg,nCT,train
nCT/nCT5112.jpg,nCT,train
nCT/nCT5113.jpg,nCT,train
nCT/nCT5114.jpg,nCT,train
nCT/nCT5115.jpg,nCT,train
nCT/nCT5116.jpg,nCT,train
nCT/nCT5117.jpg,nCT,train
nCT/nCT5119.jpg,nCT,train
nCT/nCT5120.jpg,nCT,train
nCT/nCT5121.jpg,nCT,train
nCT/nCT5122.jpg,nCT,train
nCT/nCT5123.jpg,nCT,train
nCT/nCT5125.jpg,nCT,train
nCT/nCT5126.jpg,nCT,train
nCT/nCT5127.jpg,nCT,train
nCT/nCT5128.jpg,nCT,train
nCT/nCT5129.jpg,nCT,train
nCT/nCT5130.jpg,nCT,train
nCT/nCT5131.jpg,nCT,train
nCT/nCT5134.jpg,nCT,train
nCT/nCT5136.jpg,nCT,train
nCT/nCT5137.jpg,nCT,train
nCT/nCT5138.jpg,nCT,train
nCT/nCT5139.jpg,nCT,train
nCT/nCT5140.jpg,nCT,train
nCT/nCT5145.jpg,nCT,train
nCT/nCT5146.jpg,nCT,train
nCT/nCT5147.jpg,nCT,train
nCT/nCT5148.jpg,nCT,train
nCT/nCT5149.jpg,nCT,train
nCT/nCT5151.jpg,nCT,train
nCT/nCT5152.jpg,nCT,train
nCT/nCT5153.jpg,nCT,train
nCT/nCT5154.jpg,nCT,train
nCT/nCT5155.jpg,nCT,train
nCT/nCT5156.jpg,nCT,train
nCT/nCT5157.jpg,nCT,train
nCT/nCT5159.jpg,nCT,train
nCT/nCT5161.jpg,nCT,train
nCT/nCT5162.jpg,nCT,train
nCT/nCT5163.jpg,nCT,train
nCT/nCT5164.jpg,nCT,train
nCT/nCT5165.jpg,nCT,train
nCT/nCT5166.jpg,nCT,train
nCT/nCT5167.jpg,nCT,train
nCT/nCT5168.jpg,nCT,train
nCT/nCT5169.jpg,nCT,train
nCT/nCT5170.jpg,nCT,train
nCT/nCT5172.jpg,nCT,train
nCT/nCT5173.jpg,nCT,train
nCT/nCT5174.jpg,nCT,train
nCT/nCT5175.jpg,nCT,train
nCT/nCT5176.jpg,nCT,train
nCT/nCT5177.jpg,nCT,train
nCT/nCT5179.jpg,nCT,train
nCT/nCT5180.jpg,nCT,train
nCT/nCT5181.jpg,nCT,train
nCT/nCT5182.jpg,nCT,train
nCT/nCT5183.jpg,nCT,train
nCT/nCT5184.jpg,nCT,train
nCT/nCT5185.jpg,nCT,train
nCT/nCT5187.jpg,nCT,train
nCT/nCT5189.jpg,nCT,train
nCT/nCT5190.jpg,nCT,train
nCT/nCT5191.jpg,nCT,train
nCT/nCT5197.jpg,nCT,train
nCT/nCT5198.jpg,nCT,train
nCT/nCT5199.jpg,nCT,train
nCT/nCT5200.jpg,nCT,train
nCT/nCT5203.jpg,nCT,train
nCT/nCT5204.jpg,nCT,train
nCT/nCT5205.jpg,nCT,train
nCT/nCT5206.jpg,nCT,train
nCT/nCT5207.jpg,nCT,train
nCT/nCT5208.jpg,nCT,train
nCT/nCT5209.jpg,nCT,train
nCT/nCT5211.jpg,nCT,train
nCT/nCT5212.jpg,nCT,train
nCT/nCT5213.jpg,nCT,train
nCT/nCT5214.jpg,nCT,train
nCT/nCT5215.jpg,nCT,train
nCT/nCT5216.jpg,nCT,train
nCT/nCT5217.jpg,nCT,train
nCT/nCT5218.jpg,nCT,train
nCT/nCT5219.jpg,nCT,train
nCT/nCT5220.jpg,nCT,train
nCT/nCT5221.jpg,nCT,train
nCT/nCT5222.jpg,nCT,train
nCT/nCT5223.jpg,nCT,train
nCT/nCT5225.jpg,nCT,train
nCT/nCT5226.jpg,nCT,train
nCT/nCT5227.jpg,nCT,train
nCT/nCT5228.jpg,nCT,train
nCT/nCT5229.jpg,nCT,train
nCT/nCT5230.jpg,nCT,train
nCT/nCT5232.jpg,nCT,train
nCT/nCT5233.jpg,nCT,train
nCT/nCT5234.jpg,nCT,train
nCT/nCT5236.jpg,nCT,train
nCT/nCT5237.jpg,nCT,train
nCT/nCT5238.jpg,nCT,train
nCT/nCT5239.jpg,nCT,train
nCT/nCT5242.jpg,nCT,train
nCT/nCT5244.jpg,nCT,train
nCT/nCT5245.jpg,nCT,train
nCT/nCT5246.jpg,nCT,train
nCT/nCT5252.jpg,nCT,train
nCT/nCT5253.jpg,nCT,train
nCT/nCT5254.jpg,nCT,train
nCT/nCT5255.jpg,nCT,train
nCT/nCT5258.jpg,nCT,train
nCT/nCT5259.jpg,nCT,train
nCT/nCT5261.jpg,nCT,train
nCT/nCT5262.jpg,nCT,train
nCT/nCT5263.jpg,nCT,train
nCT/nCT5264.jpg,nCT,train
nCT/nCT5266.jpg,nCT,train
nCT/nCT5267.jpg,nCT,train
nCT/nCT5268.jpg,nCT,train
nCT/nCT5269.jpg,nCT,train
nCT/nCT5270.jpg,nCT,train
nCT/nCT5273.jpg,nCT,train
nCT/nCT5274.jpg,nCT,train
nCT/nCT5275.jpg,nCT,train
nCT/nCT5276.jpg,nCT,train
nCT/nCT5277.jpg,nCT,train
nCT/nCT5278.jpg,nCT,train
nCT/nCT5279.jpg,nCT,train
nCT/nCT5281.jpg,nCT,train
nCT/nCT5282.jpg,nCT,train
nCT/nCT5284.jpg,nCT,train
nCT/nCT5285.jpg,nCT,train
nCT/nCT5286.jpg,nCT,train
nCT/nCT5288.jpg,nCT,train
nCT/nCT5289.jpg,nCT,train
nCT/nCT5290.jpg,nCT,train
nCT/nCT5291.jpg,nCT,train
nCT/nCT5292.jpg,nCT,train
nCT/nCT5293.jpg,nCT,train
nCT/nCT5294.jpg,nCT,train
nCT/nCT5297.jpg,nCT,train
nCT/nCT5299.jpg,nCT,train
nCT/nCT5300.jpg,nCT,train
nCT/nCT5301.jpg,nCT,train
nCT/nCT5305.jpg,nCT,train
nCT/nCT5307.jpg,nCT,train
nCT/nCT5308.jpg,nCT,train
nCT/nCT5309.jpg,nCT,train
nCT/nCT5310.jpg,nCT,train
nCT/nCT5313.jpg,nCT,train
nCT/nCT5314.jpg,nCT,train
nCT/nCT5315.jpg,nCT,train
nCT/nCT5316.jpg,nCT,train
nCT/nCT5317.jpg,nCT,train
nCT/nCT5318.jpg,nCT,train
nCT/nCT5319.jpg,nCT,train
nCT/nCT5321.jpg,nCT,train
nCT/nCT5322.jpg,nCT,train
nCT/nCT5323.jpg,nCT,train
nCT/nCT5324.jpg,nCT,train
nCT/nCT5325.jpg,nCT,train
nCT/nCT5326.jpg,nCT,train
nCT/nCT5327.jpg,nCT,train
nCT/nCT5328.jpg,nCT,train
nCT/nCT5329.jpg,nCT,train
nCT/nCT5330.jpg,nCT,train
nCT/nCT5331.jpg,nCT,train
nCT/nCT5332.jpg,nCT,train
nCT/nCT5333.jpg,nCT,train
nCT/nCT5335.jpg,nCT,train
nCT/nCT5336.jpg,nCT,train
nCT/nCT5337.jpg,nCT,train
nCT/nCT5339.jpg,nCT,train
nCT/nCT5340.jpg,nCT,train
nCT/nCT5342.jpg,nCT,train
nCT/nCT5343.jpg,nCT,train
nCT/nCT5344.jpg,nCT,train
nCT/nCT5346.jpg,nCT,train
nCT/nCT5347.jpg,nCT,train
nCT/nCT5348.jpg,nCT,train
nCT/nCT5349.jpg,nCT,train
nCT/nCT5352.jpg,nCT,train
nCT/nCT5354.jpg,nCT,train
nCT/nCT5355.jpg,nCT,train
nCT/nCT5356.jpg,nCT,train
nCT/nCT5362.jpg,nCT,train
nCT/nCT5363.jpg,nCT,train
nCT/nCT5364.jpg,nCT,train
nCT/nCT5365.jpg,nCT,train
nCT/nCT5368.jpg,nCT,train
nCT/nCT5369.jpg,nCT,train
nCT/nCT5370.jpg,nCT,train
nCT/nCT5371.jpg,nCT,train
nCT/nCT5372.jpg,nCT,train
nCT/nCT5373.jpg,nCT,train
nCT/nCT5374.jpg,nCT,train
nCT/nCT5376.jpg,nCT,train
nCT/nCT5377.jpg,nCT,train
nCT/nCT5378.jpg,nCT,train
nCT/nCT5379.jpg,nCT,train
nCT/nCT5380.jpg,nCT,train
nCT/nCT5381.jpg,nCT,train
nCT/nCT5382.jpg,nCT,train
nCT/nCT5383.jpg,nCT,train
nCT/nCT5384.jpg,nCT,train
nCT/nCT5385.jpg,nCT,train
nCT/nCT5386.jpg,nCT,train
nCT/nCT5387.jpg,nCT,train
nCT/nCT5388.jpg,nCT,train
nCT/nCT5389.jpg,nCT,train
nCT/nCT5391.jpg,nCT,train
nCT/nCT5392.jpg,nCT,train
nCT/nCT5393.jpg,nCT,train
nCT/nCT5394.jpg,nCT,train
nCT/nCT5395.jpg,nCT,train
nCT/nCT5396.jpg,nCT,train
nCT/nCT5398.jpg,nCT,train
nCT/nCT5399.jpg,nCT,train
nCT/nCT5400.jpg,nCT,train
nCT/nCT5401.jpg,nCT,train
nCT/nCT5402.jpg,nCT,train
nCT/nCT5403.jpg,nCT,train
nCT/nCT5405.jpg,nCT,train
nCT/nCT5407.jpg,nCT,train
nCT/nCT5409.jpg,nCT,train
nCT/nCT5410.jpg,nCT,train
nCT/nCT5411.jpg,nCT,train
nCT/nCT5416.jpg,nCT,train
nCT/nCT5417.jpg,nCT,train
nCT/nCT5418.jpg,nCT,train
nCT/nCT5419.jpg,nCT,train
nCT/nCT5420.jpg,nCT,train
nCT/nCT5423.jpg,nCT,train
nCT/nCT5424.jpg,nCT,train
nCT/nCT5425.jpg,nCT,train
nCT/nCT5426.jpg,nCT,train
nCT/nCT5427.jpg,nCT,train
nCT/nCT5428.jpg,nCT,train
nCT/nCT5429.jpg,nCT,train
nCT/nCT5431.jpg,nCT,train
nCT/nCT5432.jpg,nCT,train
nCT/nCT5433.jpg,nCT,train
nCT/nCT5434.jpg,nCT,train
nCT/nCT5435.jpg,nCT,train
nCT/nCT5436.jpg,nCT,train
nCT/nCT5437.jpg,nCT,train
nCT/nCT5438.jpg,nCT,train
nCT/nCT5439.jpg,nCT,train
nCT/nCT5440.jpg,nCT,train
nCT/nCT5441.jpg,nCT,train
nCT/nCT5442.jpg,nCT,train
nCT/nCT5443.jpg,nCT,train
nCT/nCT5445.jpg,nCT,train
nCT/nCT5446.jpg,nCT,train
nCT/nCT5447.jpg,nCT,train
nCT/nCT5448.jpg,nCT,train
nCT/nCT5449.jpg,nCT,train
nCT/nCT5450.jpg,nCT,train
nCT/nCT5452.jpg,nCT,train
nCT/nCT5453.jpg,nCT,train
nCT/nCT5454.jpg,nCT,train
nCT/nCT5455.jpg,nCT,train
nCT/nCT5456.jpg,nCT,train
nCT/nCT5457.jpg,nCT,train
nCT/nCT5461.jpg,nCT,train
nCT/nCT5463.jpg,nCT,train
nCT/nCT5464.jpg,nCT,train
nCT/nCT5465.jpg,nCT,train
nCT/nCT5470.jpg,nCT,train
nCT/nCT5471.jpg,nCT,train
nCT/nCT5472.jpg,nCT,train
nCT/nCT5473.jpg,nCT,train
nCT/nCT5474.jpg,nCT,train
nCT/nCT5477.jpg,nCT,train
nCT/nCT5478.jpg,nCT,train
nCT/nCT5479.jpg,nCT,train
nCT/nCT5480.jpg,nCT,train
nCT/nCT5481.jpg,nCT,train
nCT/nCT5482.jpg,nCT,train
nCT/nCT5483.jpg,nCT,train
nCT/nCT5485.jpg,nCT,train
nCT/nCT5486.jpg,nCT,train
nCT/nCT5487.jpg,nCT,train
nCT/nCT5488.jpg,nCT,train
nCT/nCT5489.jpg,nCT,train
nCT/nCT5490.jpg,nCT,train
nCT/nCT5491.jpg,nCT,train
nCT/nCT5492.jpg,nCT,train
nCT/nCT5494.jpg,nCT,train
nCT/nCT5495.jpg,nCT,train
nCT/nCT5496.jpg,nCT,train
nCT/nCT5497.jpg,nCT,train
nCT/nCT5498.jpg,nCT,train
nCT/nCT5500.jpg,nCT,train
nCT/nCT5501.jpg,nCT,train
nCT/nCT5502.jpg,nCT,train
nCT/nCT5503.jpg,nCT,train
nCT/nCT5504.jpg,nCT,train
nCT/nCT5505.jpg,nCT,train
nCT/nCT5507.jpg,nCT,train
nCT/nCT5508.jpg,nCT,train
nCT/nCT5509.jpg,nCT,train
nCT/nCT5510.jpg,nCT,train
nCT/nCT5511.jpg,nCT,train
nCT/nCT5512.jpg,nCT,train
nCT/nCT5515.jpg,nCT,train
nCT/nCT5518.jpg,nCT,train
nCT/nCT5519.jpg,nCT,train
nCT/nCT5520.jpg,nCT,train
nCT/nCT5525.jpg,nCT,train
nCT/nCT5526.jpg,nCT,train
nCT/nCT5528.jpg,nCT,train
nCT/nCT5529.jpg,nCT,train
nCT/nCT5532.jpg,nCT,train
nCT/nCT5533.jpg,nCT,train
nCT/nCT5534.jpg,nCT,train
nCT/nCT5535.jpg,nCT,train
nCT/nCT5536.jpg,nCT,train
nCT/nCT5537.jpg,nCT,train
nCT/nCT5540.jpg,nCT,train
nCT/nCT5541.jpg,nCT,train
nCT/nCT5542.jpg,nCT,train
nCT/nCT5543.jpg,nCT,train
nCT/nCT5544.jpg,nCT,train
nCT/nCT5545.jpg,nCT,train
nCT/nCT5546.jpg,nCT,train
nCT/nCT5547.jpg,nCT,train
nCT/nCT5548.jpg,nCT,train
nCT/nCT5550.jpg,nCT,train
nCT/nCT5551.jpg,nCT,train
nCT/nCT5553.jpg,nCT,train
nCT/nCT5554.jpg,nCT,train
nCT/nCT5555.jpg,nCT,train
nCT/nCT5556.jpg,nCT,train
nCT/nCT5557.jpg,nCT,train
nCT/nCT5559.jpg,nCT,train
nCT/nCT5560.jpg,nCT,train
nCT/nCT5561.jpg,nCT,train
nCT/nCT5562.jpg,nCT,train
nCT/nCT5563.jpg,nCT,train
nCT/nCT5564.jpg,nCT,train
nCT/nCT5565.jpg,nCT,train
nCT/nCT5568.jpg,nCT,train
nCT/nCT5569.jpg,nCT,train
nCT/nCT5570.jpg,nCT,train
nCT/nCT5571.jpg,nCT,train
nCT/nCT5572.jpg,nCT,train
nCT/nCT5577.jpg,nCT,train
nCT/nCT5578.jpg,nCT,train
nCT/nCT5579.jpg,nCT,train
nCT/nCT5580.jpg,nCT,train
nCT/nCT5582.jpg,nCT,train
nCT/nCT5584.jpg,nCT,train
nCT/nCT5585.jpg,nCT,train
nCT/nCT5586.jpg,nCT,train
nCT/nCT5587.jpg,nCT,train
nCT/nCT5588.jpg,nCT,train
nCT/nCT5589.jpg,nCT,train
nCT/nCT5591.jpg,nCT,train
nCT/nCT5592.jpg,nCT,train
nCT/nCT5593.jpg,nCT,train
nCT/nCT5594.jpg,nCT,train
nCT/nCT5595.jpg,nCT,train
nCT/nCT5596.jpg,nCT,train
nCT/nCT5597.jpg,nCT,train
nCT/nCT5598.jpg,nCT,train
nCT/nCT5599.jpg,nCT,train
nCT/nCT5600.jpg,nCT,train
nCT/nCT5601.jpg,nCT,train
nCT/nCT5603.jpg,nCT,train
nCT/nCT5606.jpg,nCT,train
nCT/nCT5607.jpg,nCT,train
nCT/nCT5608.jpg,nCT,train
nCT/nCT5609.jpg,nCT,train
nCT/nCT5610.jpg,nCT,train
nCT/nCT5612.jpg,nCT,train
nCT/nCT5613.jpg,nCT,train
nCT/nCT5614.jpg,nCT,train
nCT/nCT5615.jpg,nCT,train
nCT/nCT5617.jpg,nCT,train
nCT/nCT5618.jpg,nCT,train
nCT/nCT5622.jpg,nCT,train
nCT/nCT5623.jpg,nCT,train
nCT/nCT5624.jpg,nCT,train
nCT/nCT5625.jpg,nCT,train
nCT/nCT5627.jpg,nCT,train
nCT/nCT5631.jpg,nCT,train
nCT/nCT5632.jpg,nCT,train
nCT/nCT5633.jpg,nCT,train
nCT/nCT5634.jpg,nCT,train
nCT/nCT5636.jpg,nCT,train
nCT/nCT5637.jpg,nCT,train
nCT/nCT5639.jpg,nCT,train
nCT/nCT5640.jpg,nCT,train
nCT/nCT5641.jpg,nCT,train
nCT/nCT5642.jpg,nCT,train
nCT/nCT5644.jpg,nCT,train
nCT/nCT5645.jpg,nCT,train
nCT/nCT5646.jpg,nCT,train
nCT/nCT5647.jpg,nCT,train
nCT/nCT5648.jpg,nCT,train
nCT/nCT5649.jpg,nCT,train
nCT/nCT5650.jpg,nCT,train
nCT/nCT5651.jpg,nCT,train
nCT/nCT5652.jpg,nCT,train
nCT/nCT5653.jpg,nCT,train
nCT/nCT5654.jpg,nCT,train
nCT/nCT5656.jpg,nCT,train
nCT/nCT5657.jpg,nCT,train
nCT/nCT5658.jpg,nCT,train
nCT/nCT5659.jpg,nCT,train
nCT/nCT5660.jpg,nCT,train
nCT/nCT5661.jpg,nCT,train
nCT/nCT5662.jpg,nCT,train
nCT/nCT5664.jpg,nCT,train
nCT/nCT5665.jpg,nCT,train
nCT/nCT5666.jpg,nCT,train
nCT/nCT5667.jpg,nCT,train
nCT/nCT5668.jpg,nCT,train
nCT/nCT5669.jpg,nCT,train
nCT/nCT5671.jpg,nCT,train
nCT/nCT5674.jpg,nCT,train
nCT/nCT5675.jpg,nCT,train
nCT/nCT5676.jpg,nCT,train
nCT/nCT5677.jpg,nCT,train
nCT/nCT5681.jpg,nCT,train
nCT/nCT5682.jpg,nCT,train
nCT/nCT5683.jpg,nCT,train
nCT/nCT5684.jpg,nCT,train
nCT/nCT5685.jpg,nCT,train
nCT/nCT5687.jpg,nCT,train
nCT/nCT5688.jpg,nCT,train
nCT/nCT5689.jpg,nCT,train
nCT/nCT5690.jpg,nCT,train
nCT/nCT5691.jpg,nCT,train
nCT/nCT5692.jpg,nCT,train
nCT/nCT5693.jpg,nCT,train
nCT/nCT5695.jpg,nCT,train
nCT/nCT5696.jpg,nCT,train
nCT/nCT5697.jpg,nCT,train
nCT/nCT5698.jpg,nCT,train
nCT/nCT5699.jpg,nCT,train
nCT/nCT5700.jpg,nCT,train
nCT/nCT5701.jpg,nCT,train
nCT/nCT5702.jpg,nCT,train
nCT/nCT5703.jpg,nCT,train
nCT/nCT5704.jpg,nCT,train
nCT/nCT5705.jpg,nCT,train
nCT/nCT5707.jpg,nCT,train
nCT/nCT5708.jpg,nCT,train
nCT/nCT5709.jpg,nCT,train
nCT/nCT5710.jpg,nCT,train
nCT/nCT5711.jpg,nCT,train
nCT/nCT5712.jpg,nCT,train
nCT/nCT5714.jpg,nCT,train
nCT/nCT5716.jpg,nCT,train
nCT/nCT5717.jpg,nCT,train
nCT/nCT5718.jpg,nCT,train
nCT/nCT5719.jpg,nCT,train
nCT/nCT5720.jpg,nCT,train
nCT/nCT5721.jpg,nCT,train
nCT/nCT5725.jpg,nCT,train
nCT/nCT5726.jpg,nCT,train
nCT/nCT5728.jpg,nCT,train
nCT/nCT5733.jpg,nCT,train
nCT/nCT5734.jpg,nCT,train
nCT/nCT5735.jpg,nCT,train
nCT/nCT5737.jpg,nCT,train
nCT/nCT5738.jpg,nCT,train
nCT/nCT5740.jpg,nCT,train
nCT/nCT5741.jpg,nCT,train
nCT/nCT5742.jpg,nCT,train
nCT/nCT5743.jpg,nCT,train
nCT/nCT5744.jpg,nCT,train
nCT/nCT5745.jpg,nCT,train
nCT/nCT5747.jpg,nCT,train
nCT/nCT5748.jpg,nCT,train
nCT/nCT5749.jpg,nCT,train
nCT/nCT5750.jpg,nCT,train
nCT/nCT5751.jpg,nCT,train
nCT/nCT5752.jpg,nCT,train
nCT/nCT5753.jpg,nCT,train
nCT/nCT5754.jpg,nCT,train
nCT/nCT5755.jpg,nCT,train
nCT/nCT5756.jpg,nCT,train
nCT/nCT5757.jpg,nCT,train
nCT/nCT5758.jpg,nCT,train
nCT/nCT5760.jpg,nCT,train
nCT/nCT5761.jpg,nCT,train
nCT/nCT5762.jpg,nCT,train
nCT/nCT5763.jpg,nCT,train
nCT/nCT5764.jpg,nCT,train
nCT/nCT5765.jpg,nCT,train
nCT/nCT5766.jpg,nCT,train
nCT/nCT5768.jpg,nCT,train
nCT/nCT5769.jpg,nCT,train
nCT/nCT5770.jpg,nCT,train
nCT/nCT5771.jpg,nCT,train
nCT/nCT5772.jpg,nCT,train
nCT/nCT5773.jpg,nCT,train
nCT/nCT5774.jpg,nCT,train
nCT/nCT5777.jpg,nCT,train
nCT/nCT5778.jpg,nCT,train
nCT/nCT5779.jpg,nCT,train
nCT/nCT5780.jpg,nCT,train
nCT/nCT5782.jpg,nCT,train
nCT/nCT5786.jpg,nCT,train
nCT/nCT5787.jpg,nCT,train
nCT/nCT5788.jpg,nCT,train
nCT/nCT5790.jpg,nCT,train
nCT/nCT5792.jpg,nCT,train
nCT/nCT5793.jpg,nCT,train
nCT/nCT5794.jpg,nCT,train
nCT/nCT5795.jpg,nCT,train
nCT/nCT5796.jpg,nCT,train
nCT/nCT5797.jpg,nCT,train
nCT/nCT5798.jpg,nCT,train
nCT/nCT5800.jpg,nCT,train
nCT/nCT5801.jpg,nCT,train
nCT/nCT5802.jpg,nCT,train
nCT/nCT5803.jpg,nCT,train
nCT/nCT5805.jpg,nCT,train
nCT/nCT5806.jpg,nCT,train
nCT/nCT5807.jpg,nCT,train
nCT/nCT5808.jpg,nCT,train
nCT/nCT5809.jpg,nCT,train
nCT/nCT5810.jpg,nCT,train
nCT/nCT5812.jpg,nCT,train
nCT/nCT5813.jpg,nCT,train
nCT/nCT5814.jpg,nCT,train
nCT/nCT5815.jpg,nCT,train
nCT/nCT5816.jpg,nCT,train
nCT/nCT5817.jpg,nCT,train
nCT/nCT5818.jpg,nCT,train
nCT/nCT5820.jpg,nCT,train
nCT/nCT5821.jpg,nCT,train
nCT/nCT5822.jpg,nCT,train
nCT/nCT5823.jpg,nCT,train
nCT/nCT5824.jpg,nCT,train
nCT/nCT5825.jpg,nCT,train
nCT/nCT5830.jpg,nCT,train
nCT/nCT5831.jpg,nCT,train
nCT/nCT5832.jpg,nCT,train
nCT/nCT5833.jpg,nCT,train
nCT/nCT5839.jpg,nCT,train
nCT/nCT5840.jpg,nCT,train
nCT/nCT5841.jpg,nCT,train
nCT/nCT5843.jpg,nCT,train
nCT/nCT5845.jpg,nCT,train
nCT/nCT5846.jpg,nCT,train
nCT/nCT5847.jpg,nCT,train
nCT/nCT5848.jpg,nCT,train
nCT/nCT5850.jpg,nCT,train
nCT/nCT5851.jpg,nCT,train
nCT/nCT5853.jpg,nCT,train
nCT/nCT5854.jpg,nCT,train
nCT/nCT5855.jpg,nCT,train
nCT/nCT5856.jpg,nCT,train
nCT/nCT5857.jpg,nCT,train
nCT/nCT5858.jpg,nCT,train
nCT/nCT5859.jpg,nCT,train
nCT/nCT5860.jpg,nCT,train
nCT/nCT5861.jpg,nCT,train
nCT/nCT5862.jpg,nCT,train
nCT/nCT5863.jpg,nCT,train
nCT/nCT5864.jpg,nCT,train
nCT/nCT5866.jpg,nCT,train
nCT/nCT5867.jpg,nCT,train
nCT/nCT5868.jpg,nCT,train
nCT/nCT5869.jpg,nCT,train
nCT/nCT5870.jpg,nCT,train
nCT/nCT5871.jpg,nCT,train
nCT/nCT5872.jpg,nCT,train
nCT/nCT5874.jpg,nCT,train
nCT/nCT5875.jpg,nCT,train
nCT/nCT5876.jpg,nCT,train
nCT/nCT5877.jpg,nCT,train
nCT/nCT5878.jpg,nCT,train
nCT/nCT5879.jpg,nCT,train
nCT/nCT5882.jpg,nCT,train
nCT/nCT5883.jpg,nCT,train
nCT/nCT5884.jpg,nCT,train
nCT/nCT5885.jpg,nCT,train
nCT/nCT5890.jpg,nCT,train
nCT/nCT5891.jpg,nCT,train
nCT/nCT5892.jpg,nCT,train
nCT/nCT5893.jpg,nCT,train
nCT/nCT5896.jpg,nCT,train
nCT/nCT5897.jpg,nCT,train
nCT/nCT5898.jpg,nCT,train
nCT/nCT5899.jpg,nCT,train
nCT/nCT5900.jpg,nCT,train
nCT/nCT5901.jpg,nCT,train
nCT/nCT5902.jpg,nCT,train
nCT/nCT5905.jpg,nCT,train
nCT/nCT5906.jpg,nCT,train
nCT/nCT5907.jpg,nCT,train
nCT/nCT5908.jpg,nCT,train
nCT/nCT5909.jpg,nCT,train
nCT/nCT5910.jpg,nCT,train
nCT/nCT5911.jpg,nCT,train
nCT/nCT5912.jpg,nCT,train
nCT/nCT5913.jpg,nCT,train
nCT/nCT5914.jpg,nCT,train
nCT/nCT5915.jpg,nCT,train
nCT/nCT5916.jpg,nCT,train
nCT/nCT5918.jpg,nCT,train
nCT/nCT5919.jpg,nCT,train
nCT/nCT5920.jpg,nCT,train
nCT/nCT5921.jpg,nCT,train
nCT/nCT5922.jpg,nCT,train
nCT/nCT5923.jpg,nCT,train
nCT/nCT5925.jpg,nCT,train
nCT/nCT5926.jpg,nCT,train
nCT/nCT5927.jpg,nCT,train
nCT/nCT5928.jpg,nCT,train
nCT/nCT5929.jpg,nCT,train
nCT/nCT5930.jpg,nCT,train
nCT/nCT5931.jpg,nCT,train
nCT/nCT5933.jpg,nCT,train
nCT/nCT5934.jpg,nCT,train
nCT/nCT5935.jpg,nCT,train
nCT/nCT5936.jpg,nCT,train
nCT/nCT5943.jpg,nCT,train
nCT/nCT5944.jpg,nCT,train
nCT/nCT5945.jpg,nCT,train
nCT/nCT5948.jpg,nCT,train
nCT/nCT5949.jpg,nCT,train
nCT/nCT5950.jpg,nCT,train
nCT/nCT5951.jpg,nCT,train
nCT/nCT5952.jpg,nCT,train
nCT/nCT5953.jpg,nCT,train
nCT/nCT5954.jpg,nCT,train
nCT/nCT5955.jpg,nCT,train
nCT/nCT5957.jpg,nCT,train
nCT/nCT5958.jpg,nCT,train
nCT/nCT5959.jpg,nCT,train
nCT/nCT5961.jpg,nCT,train
nCT/nCT5962.jpg,nCT,train
nCT/nCT5963.jpg,nCT,train
nCT/nCT5964.jpg,nCT,train
nCT/nCT5965.jpg,nCT,train
nCT/nCT5966.jpg,nCT,train
nCT/nCT5967.jpg,nCT,train
nCT/nCT5968.jpg,nCT,train
nCT/nCT5970.jpg,nCT,train
nCT/nCT5971.jpg,nCT,train
nCT/nCT5972.jpg,nCT,train
nCT/nCT5973.jpg,nCT,train
nCT/nCT5974.jpg,nCT,train
nCT/nCT5975.jpg,nCT,train
nCT/nCT5976.jpg,nCT,train
nCT/nCT5978.jpg,nCT,train
nCT/nCT5979.jpg,nCT,train
nCT/nCT5980.jpg,nCT,train
nCT/nCT5981.jpg,nCT,train
nCT/nCT5982.jpg,nCT,train
nCT/nCT5983.jpg,nCT,train
nCT/nCT5985.jpg,nCT,train
nCT/nCT5986.jpg,nCT,train
nCT/nCT5987.jpg,nCT,train
nCT/nCT5988.jpg,nCT,train
nCT/nCT5993.jpg,nCT,train
nCT/nCT5994.jpg,nCT,train
nCT/nCT5995.jpg,nCT,train
nCT/nCT5996.jpg,nCT,train
nCT/nCT5999.jpg,nCT,train
nCT/nCT6000.jpg,nCT,train
nCT/nCT6001.jpg,nCT,train
nCT/nCT6002.jpg,nCT,train
nCT/nCT6003.jpg,nCT,train
nCT/nCT6004.jpg,nCT,train
nCT/nCT6005.jpg,nCT,train
nCT/nCT6006.jpg,nCT,train
nCT/nCT6008.jpg,nCT,train
nCT/nCT6009.jpg,nCT,train
nCT/nCT6010.jpg,nCT,train
nCT/nCT6011.jpg,nCT,train
nCT/nCT6012.jpg,nCT,train
nCT/nCT6013.jpg,nCT,train
nCT/nCT6014.jpg,nCT,train
nCT/nCT6015.jpg,nCT,train
nCT/nCT6016.jpg,nCT,train
nCT/nCT6017.jpg,nCT,train
nCT/nCT6018.jpg,nCT,train
nCT/nCT6019.jpg,nCT,train
nCT/nCT6021.jpg,nCT,train
nCT/nCT6022.jpg,nCT,train
nCT/nCT6023.jpg,nCT,train
nCT/nCT6024.jpg,nCT,train
nCT/nCT6025.jpg,nCT,train
nCT/nCT6027.jpg,nCT,train
nCT/nCT6029.jpg,nCT,train
nCT/nCT6030.jpg,nCT,train
nCT/nCT6031.jpg,nCT,train
nCT/nCT6032.jpg,nCT,train
nCT/nCT6033.jpg,nCT,train
nCT/nCT6035.jpg,nCT,train
nCT/nCT6036.jpg,nCT,train
nCT/nCT6037.jpg,nCT,train
nCT/nCT6038.jpg,nCT,train
nCT/nCT6039.jpg,nCT,train
nCT/nCT6044.jpg,nCT,train
nCT/nCT6045.jpg,nCT,train
nCT/nCT6046.jpg,nCT,train
nCT/nCT6050.jpg,nCT,train
nCT/nCT6052.jpg,nCT,train
nCT/nCT6053.jpg,nCT,train
nCT/nCT6054.jpg,nCT,train
nCT/nCT6055.jpg,nCT,train
nCT/nCT6056.jpg,nCT,train
nCT/nCT6057.jpg,nCT,train
nCT/nCT6058.jpg,nCT,train
nCT/nCT6060.jpg,nCT,train
nCT/nCT6061.jpg,nCT,train
nCT/nCT6062.jpg,nCT,train
nCT/nCT6063.jpg,nCT,train
nCT/nCT6064.jpg,nCT,train
nCT/nCT6065.jpg,nCT,train
nCT/nCT6066.jpg,nCT,train
nCT/nCT6067.jpg,nCT,train
nCT/nCT6068.jpg,nCT,train
nCT/nCT6069.jpg,nCT,train
nCT/nCT6070.jpg,nCT,train
nCT/nCT6072.jpg,nCT,train
nCT/nCT6073.jpg,nCT,train
nCT/nCT6074.jpg,nCT,train
nCT/nCT6075.jpg,nCT,train
nCT/nCT6076.jpg,nCT,train
nCT/nCT6077.jpg,nCT,train
nCT/nCT6078.jpg,nCT,train
nCT/nCT6080.jpg,nCT,train
nCT/nCT6081.jpg,nCT,train
nCT/nCT6082.jpg,nCT,train
nCT/nCT6083.jpg,nCT,train
nCT/nCT6084.jpg,nCT,train
nCT/nCT6085.jpg,nCT,train
nCT/nCT6087.jpg,nCT,train
nCT/nCT6088.jpg,nCT,train
nCT/nCT6089.jpg,nCT,train
nCT/nCT6090.jpg,nCT,train
nCT/nCT6094.jpg,nCT,train
nCT/nCT6096.jpg,nCT,train
nCT/nCT6097.jpg,nCT,train
nCT/nCT6098.jpg,nCT,train
nCT/nCT6101.jpg,nCT,train
nCT/nCT6102.jpg,nCT,train
nCT/nCT6103.jpg,nCT,train
nCT/nCT6104.jpg,nCT,train
nCT/nCT6105.jpg,nCT,train
nCT/nCT6106.jpg,nCT,train
nCT/nCT6107.jpg,nCT,train
nCT/nCT6108.jpg,nCT,train
nCT/nCT6110.jpg,nCT,train
nCT/nCT6111.jpg,nCT,train
nCT/nCT6112.jpg,nCT,train
nCT/nCT6113.jpg,nCT,train
nCT/nCT6114.jpg,nCT,train
nCT/nCT6115.jpg,nCT,train
nCT/nCT6116.jpg,nCT,train
nCT/nCT6117.jpg,nCT,train
nCT/nCT6118.jpg,nCT,train
nCT/nCT6119.jpg,nCT,train
nCT/nCT6120.jpg,nCT,train
nCT/nCT6122.jpg,nCT,train
nCT/nCT6123.jpg,nCT,train
nCT/nCT6124.jpg,nCT,train
nCT/nCT6125.jpg,nCT,train
nCT/nCT6126.jpg,nCT,train
nCT/nCT6128.jpg,nCT,train
nCT/nCT6130.jpg,nCT,train
nCT/nCT6131.jpg,nCT,train
nCT/nCT6132.jpg,nCT,train
nCT/nCT6133.jpg,nCT,train
nCT/nCT6134.jpg,nCT,train
nCT/nCT6136.jpg,nCT,train
nCT/nCT6137.jpg,nCT,train
nCT/nCT6138.jpg,nCT,train
nCT/nCT6139.jpg,nCT,train
nCT/nCT6140.jpg,nCT,train
nCT/nCT6145.jpg,nCT,train
nCT/nCT6146.jpg,nCT,train
nCT/nCT6147.jpg,nCT,train
nCT/nCT6151.jpg,nCT,train
nCT/nCT6152.jpg,nCT,train
nCT/nCT6153.jpg,nCT,train
nCT/nCT6154.jpg,nCT,train
nCT/nCT6155.jpg,nCT,train
nCT/nCT6156.jpg,nCT,train
nCT/nCT6158.jpg,nCT,train
nCT/nCT6159.jpg,nCT,train
nCT/nCT6162.jpg,nCT,train
nCT/nCT6163.jpg,nCT,train
nCT/nCT6164.jpg,nCT,train
nCT/nCT6165.jpg,nCT,train
nCT/nCT6166.jpg,nCT,train
nCT/nCT6167.jpg,nCT,train
nCT/nCT6168.jpg,nCT,train
nCT/nCT6169.jpg,nCT,train
nCT/nCT6171.jpg,nCT,train
nCT/nCT6173.jpg,nCT,train
nCT/nCT6174.jpg,nCT,train
nCT/nCT6175.jpg,nCT,train
nCT/nCT6176.jpg,nCT,train
nCT/nCT6177.jpg,nCT,train
nCT/nCT6179.jpg,nCT,train
nCT/nCT6180.jpg,nCT,train
nCT/nCT6181.jpg,nCT,train
nCT/nCT6182.jpg,nCT,train
nCT/nCT6184.jpg,nCT,train
nCT/nCT6186.jpg,nCT,train
nCT/nCT6187.jpg,nCT,train
nCT/nCT6188.jpg,nCT,train
nCT/nCT6189.jpg,nCT,train
nCT/nCT6195.jpg,nCT,train
nCT/nCT6196.jpg,nCT,train
nCT/nCT6197.jpg,nCT,train
nCT/nCT6200.jpg,nCT,train
nCT/nCT6201.jpg,nCT,train
nCT/nCT6202.jpg,nCT,train
nCT/nCT6203.jpg,nCT,train
nCT/nCT6204.jpg,nCT,train
nCT/nCT6205.jpg,nCT,train
nCT/nCT6206.jpg,nCT,train
nCT/nCT6208.jpg,nCT,train
nCT/nCT6209.jpg,nCT,train
nCT/nCT6210.jpg,nCT,train
nCT/nCT6211.jpg,nCT,train
nCT/nCT6212.jpg,nCT,train
nCT/nCT6213.jpg,nCT,train
nCT/nCT6214.jpg,nCT,train
nCT/nCT6215.jpg,nCT,train
nCT/nCT6216.jpg,nCT,train
nCT/nCT6217.jpg,nCT,train
nCT/nCT6218.jpg,nCT,train
nCT/nCT6220.jpg,nCT,train
nCT/nCT6221.jpg,nCT,train
nCT/nCT6222.jpg,nCT,train
nCT/nCT6223.jpg,nCT,train
nCT/nCT6224.jpg,nCT,train
nCT/nCT6225.jpg,nCT,train
nCT/nCT6228.jpg,nCT,train
nCT/nCT6229.jpg,nCT,train
nCT/nCT6230.jpg,nCT,train
nCT/nCT6231.jpg,nCT,train
nCT/nCT6232.jpg,nCT,train
nCT/nCT6234.jpg,nCT,train
nCT/nCT6235.jpg,nCT,train
nCT/nCT6236.jpg,nCT,train
nCT/nCT6238.jpg,nCT,train
nCT/nCT6242.jpg,nCT,train
nCT/nCT6243.jpg,nCT,train
nCT/nCT6244.jpg,nCT,train
nCT/nCT6247.jpg,nCT,train
nCT/nCT6248.jpg,nCT,train
nCT/nCT6249.jpg,nCT,train
nCT/nCT6250.jpg,nCT,train
nCT/nCT6251.jpg,nCT,train
nCT/nCT6252.jpg,nCT,train
nCT/nCT6253.jpg,nCT,train
nCT/nCT6255.jpg,nCT,train
nCT/nCT6256.jpg,nCT,train
nCT/nCT6257.jpg,nCT,train
nCT/nCT6258.jpg,nCT,train
nCT/nCT6259.jpg,nCT,train
nCT/nCT6261.jpg,nCT,train
nCT/nCT6262.jpg,nCT,train
nCT/nCT6263.jpg,nCT,train
nCT/nCT6264.jpg,nCT,train
nCT/nCT6265.jpg,nCT,train
nCT/nCT6267.jpg,nCT,train
nCT/nCT6268.jpg,nCT,train
nCT/nCT6269.jpg,nCT,train
nCT/nCT6270.jpg,nCT,train
nCT/nCT6272.jpg,nCT,train
nCT/nCT6273.jpg,nCT,train
nCT/nCT6274.jpg,nCT,train
nCT/nCT6276.jpg,nCT,train
nCT/nCT6277.jpg,nCT,train
nCT/nCT6278.jpg,nCT,train
nCT/nCT6279.jpg,nCT,train
nCT/nCT6280.jpg,nCT,train
nCT/nCT6281.jpg,nCT,train
nCT/nCT6282.jpg,nCT,train
nCT/nCT6284.jpg,nCT,train
nCT/nCT6285.jpg,nCT,train
nCT/nCT6290.jpg,nCT,train
nCT/nCT6291.jpg,nCT,train
nCT/nCT6292.jpg,nCT,train
nCT/nCT6294.jpg,nCT,train
nCT/nCT6295.jpg,nCT,train
nCT/nCT6296.jpg,nCT,train
nCT/nCT6297.jpg,nCT,train
nCT/nCT6298.jpg,nCT,train
nCT/nCT6299.jpg,nCT,train
nCT/nCT6300.jpg,nCT,train
nCT/nCT6302.jpg,nCT,train
nCT/nCT6303.jpg,nCT,train
nCT/nCT6304.jpg,nCT,train
nCT/nCT6305.jpg,nCT,train
nCT/nCT6306.jpg,nCT,train
nCT/nCT6307.jpg,nCT,train
nCT/nCT6308.jpg,nCT,train
nCT/nCT6309.jpg,nCT,train
nCT/nCT6310.jpg,nCT,train
nCT/nCT6311.jpg,nCT,train
nCT/nCT6312.jpg,nCT,train
nCT/nCT6314.jpg,nCT,train
nCT/nCT6315.jpg,nCT,train
nCT/nCT6316.jpg,nCT,train
nCT/nCT6317.jpg,nCT,train
nCT/nCT6318.jpg,nCT,train
nCT/nCT6319.jpg,nCT,train
nCT/nCT6321.jpg,nCT,train
nCT/nCT6322.jpg,nCT,train
nCT/nCT6323.jpg,nCT,train
nCT/nCT6324.jpg,nCT,train
nCT/nCT6325.jpg,nCT,train
nCT/nCT6326.jpg,nCT,train
nCT/nCT6327.jpg,nCT,train
nCT/nCT6328.jpg,nCT,train
nCT/nCT6329.jpg,nCT,train
nCT/nCT6330.jpg,nCT,train
nCT/nCT6335.jpg,nCT,train
nCT/nCT6336.jpg,nCT,train
nCT/nCT6337.jpg,nCT,train
nCT/nCT6338.jpg,nCT,train
nCT/nCT6341.jpg,nCT,train
nCT/nCT6342.jpg,nCT,train
nCT/nCT6343.jpg,nCT,train
nCT/nCT6344.jpg,nCT,train
nCT/nCT6345.jpg,nCT,train
nCT/nCT6346.jpg,nCT,train
nCT/nCT6348.jpg,nCT,train
nCT/nCT6350.jpg,nCT,train
nCT/nCT6351.jpg,nCT,train
nCT/nCT6352.jpg,nCT,train
nCT/nCT6353.jpg,nCT,train
nCT/nCT6354.jpg,nCT,train
nCT/nCT6355.jpg,nCT,train
nCT/nCT6356.jpg,nCT,train
nCT/nCT6357.jpg,nCT,train
nCT/nCT6358.jpg,nCT,train
nCT/nCT6360.jpg,nCT,train
nCT/nCT6361.jpg,nCT,train
nCT/nCT6362.jpg,nCT,train
nCT/nCT6363.jpg,nCT,train
nCT/nCT6364.jpg,nCT,train
nCT/nCT6365.jpg,nCT,train
nCT/nCT6367.jpg,nCT,train
nCT/nCT6368.jpg,nCT,train
nCT/nCT6369.jpg,nCT,train
nCT/nCT6370.jpg,nCT,train
nCT/nCT6371.jpg,nCT,train
nCT/nCT6372.jpg,nCT,train
nCT/nCT6373.jpg,nCT,train
nCT/nCT6374.jpg,nCT,train
nCT/nCT6375.jpg,nCT,train
nCT/nCT6376.jpg,nCT,train
nCT/nCT6381.jpg,nCT,train
nCT/nCT6382.jpg,nCT,train
nCT/nCT6383.jpg,nCT,train
nCT/nCT6384.jpg,nCT,train
nCT/nCT6385.jpg,nCT,train
nCT/nCT6387.jpg,nCT,train
nCT/nCT6388.jpg,nCT,train
nCT/nCT6389.jpg,nCT,train
nCT/nCT6390.jpg,nCT,train
nCT/nCT6391.jpg,nCT,train
nCT/nCT6392.jpg,nCT,train
nCT/nCT6394.jpg,nCT,train
nCT/nCT6395.jpg,nCT,train
nCT/nCT6396.jpg,nCT,train
nCT/nCT6397.jpg,nCT,train
nCT/nCT6398.jpg,nCT,train
nCT/nCT6399.jpg,nCT,train
nCT/nCT6400.jpg,nCT,train
nCT/nCT6401.jpg,nCT,train
nCT/nCT6402.jpg,nCT,train
nCT/nCT6403.jpg,nCT,train
nCT/nCT6405.jpg,nCT,train
nCT/nCT6406.jpg,nCT,train
nCT/nCT6407.jpg,nCT,train
nCT/nCT6408.jpg,nCT,train
nCT/nCT6409.jpg,nCT,train
nCT/nCT6411.jpg,nCT,train
nCT/nCT6412.jpg,nCT,train
nCT/nCT6413.jpg,nCT,train
nCT/nCT6414.jpg,nCT,train
nCT/nCT6415.jpg,nCT,train
nCT/nCT6416.jpg,nCT,train
nCT/nCT6417.jpg,nCT,train
nCT/nCT6418.jpg,nCT,train
nCT/nCT6419.jpg,nCT,train
nCT/nCT6420.jpg,nCT,train
nCT/nCT6425.jpg,nCT,train
nCT/nCT6426.jpg,nCT,train
nCT/nCT6427.jpg,nCT,train
nCT/nCT6428.jpg,nCT,train
nCT/nCT6431.jpg,nCT,train
nCT/nCT6432.jpg,nCT,train
nCT/nCT6433.jpg,nCT,train
nCT/nCT6434.jpg,nCT,train
nCT/nCT6435.jpg,nCT,train
nCT/nCT6436.jpg,nCT,train
nCT/nCT6438.jpg,nCT,train
nCT/nCT6439.jpg,nCT,train
nCT/nCT6440.jpg,nCT,train
nCT/nCT6441.jpg,nCT,train
nCT/nCT6442.jpg,nCT,train
nCT/nCT6443.jpg,nCT,train
nCT/nCT6444.jpg,nCT,train
nCT/nCT6445.jpg,nCT,train
nCT/nCT6446.jpg,nCT,train
nCT/nCT6447.jpg,nCT,train
nCT/nCT6448.jpg,nCT,train
nCT/nCT6451.jpg,nCT,train
nCT/nCT6452.jpg,nCT,train
nCT/nCT6453.jpg,nCT,train
nCT/nCT6454.jpg,nCT,train
nCT/nCT6455.jpg,nCT,train
nCT/nCT6456.jpg,nCT,train
nCT/nCT6458.jpg,nCT,train
nCT/nCT6459.jpg,nCT,train
nCT/nCT6460.jpg,nCT,train
nCT/nCT6461.jpg,nCT,train
nCT/nCT6462.jpg,nCT,train
nCT/nCT6463.jpg,nCT,train
nCT/nCT6464.jpg,nCT,train
nCT/nCT6465.jpg,nCT,train
nCT/nCT6466.jpg,nCT,train
nCT/nCT6467.jpg,nCT,train
nCT/nCT6473.jpg,nCT,train
nCT/nCT6474.jpg,nCT,train
nCT/nCT6475.jpg,nCT,train
nCT/nCT6476.jpg,nCT,train
nCT/nCT6477.jpg,nCT,train
nCT/nCT6478.jpg,nCT,train
nCT/nCT6479.jpg,nCT,train
nCT/nCT6480.jpg,nCT,train
nCT/nCT6481.jpg,nCT,train
nCT/nCT6484.jpg,nCT,train
nCT/nCT6485.jpg,nCT,train
nCT/nCT6486.jpg,nCT,train
nCT/nCT6487.jpg,nCT,train
nCT/nCT6488.jpg,nCT,train
nCT/nCT6489.jpg,nCT,train
nCT/nCT6490.jpg,nCT,train
nCT/nCT6491.jpg,nCT,train
nCT/nCT6492.jpg,nCT,train
nCT/nCT6495.jpg,nCT,train
nCT/nCT6497.jpg,nCT,train
nCT/nCT6498.jpg,nCT,train
nCT/nCT6499.jpg,nCT,train
nCT/nCT6500.jpg,nCT,train
nCT/nCT6501.jpg,nCT,train
nCT/nCT6503.jpg,nCT,train
nCT/nCT6504.jpg,nCT,train
nCT/nCT6506.jpg,nCT,train
nCT/nCT6507.jpg,nCT,train
nCT/nCT6508.jpg,nCT,train
nCT/nCT6509.jpg,nCT,train
nCT/nCT6510.jpg,nCT,train
nCT/nCT6511.jpg,nCT,train
nCT/nCT6512.jpg,nCT,train
nCT/nCT6518.jpg,nCT,train
nCT/nCT6519.jpg,nCT,train
nCT/nCT6520.jpg,nCT,train
nCT/nCT6522.jpg,nCT,train
nCT/nCT6523.jpg,nCT,train
nCT/nCT6524.jpg,nCT,train
nCT/nCT6525.jpg,nCT,train
nCT/nCT6526.jpg,nCT,train
nCT/nCT6527.jpg,nCT,train
nCT/nCT6528.jpg,nCT,train
nCT/nCT6530.jpg,nCT,train
nCT/nCT6531.jpg,nCT,train
nCT/nCT6532.jpg,nCT,train
nCT/nCT6533.jpg,nCT,train
nCT/nCT6534.jpg,nCT,train
nCT/nCT6535.jpg,nCT,train
nCT/nCT6536.jpg,nCT,train
nCT/nCT6537.jpg,nCT,train
nCT/nCT6538.jpg,nCT,train
nCT/nCT6539.jpg,nCT,train
nCT/nCT6541.jpg,nCT,train
nCT/nCT6542.jpg,nCT,train
nCT/nCT6543.jpg,nCT,train
nCT/nCT6544.jpg,nCT,train
nCT/nCT6545.jpg,nCT,train
nCT/nCT6547.jpg,nCT,train
nCT/nCT6548.jpg,nCT,train
nCT/nCT6550.jpg,nCT,train
nCT/nCT6551.jpg,nCT,train
nCT/nCT6552.jpg,nCT,train
nCT/nCT6553.jpg,nCT,train
nCT/nCT6554.jpg,nCT,train
nCT/nCT6555.jpg,nCT,train
nCT/nCT6556.jpg,nCT,train
nCT/nCT6560.jpg,nCT,train
nCT/nCT6562.jpg,nCT,train
nCT/nCT6563.jpg,nCT,train
nCT/nCT6564.jpg,nCT,train
nCT/nCT6566.jpg,nCT,train
nCT/nCT6567.jpg,nCT,train
nCT/nCT6568.jpg,nCT,train
nCT/nCT6569.jpg,nCT,train
nCT/nCT6570.jpg,nCT,train
nCT/nCT6571.jpg,nCT,train
nCT/nCT6572.jpg,nCT,train
nCT/nCT6574.jpg,nCT,train
nCT/nCT6575.jpg,nCT,train
nCT/nCT6576.jpg,nCT,train
nCT/nCT6577.jpg,nCT,train
nCT/nCT6578.jpg,nCT,train
nCT/nCT6579.jpg,nCT,train
nCT/nCT6580.jpg,nCT,train
nCT/nCT6581.jpg,nCT,train
nCT/nCT6583.jpg,nCT,train
nCT/nCT6584.jpg,nCT,train
nCT/nCT6586.jpg,nCT,train
nCT/nCT6587.jpg,nCT,train
nCT/nCT6588.jpg,nCT,train
nCT/nCT6589.jpg,nCT,train
nCT/nCT6591.jpg,nCT,train
nCT/nCT6592.jpg,nCT,train
nCT/nCT6593.jpg,nCT,train
nCT/nCT6594.jpg,nCT,train
nCT/nCT6595.jpg,nCT,train
nCT/nCT6596.jpg,nCT,train
nCT/nCT6597.jpg,nCT,train
nCT/nCT6598.jpg,nCT,train
nCT/nCT6599.jpg,nCT,train
nCT/nCT6600.jpg,nCT,train
nCT/nCT6604.jpg,nCT,train
nCT/nCT6607.jpg,nCT,train
nCT/nCT6608.jpg,nCT,train
nCT/nCT6609.jpg,nCT,train
nCT/nCT6612.jpg,nCT,train
nCT/nCT6613.jpg,nCT,train
nCT/nCT6614.jpg,nCT,train
nCT/nCT6615.jpg,nCT,train
nCT/nCT6616.jpg,nCT,train
nCT/nCT6617.jpg,nCT,train
nCT/nCT6618.jpg,nCT,train
nCT/nCT6620.jpg,nCT,train
nCT/nCT6621.jpg,nCT,train
nCT/nCT6622.jpg,nCT,train
nCT/nCT6623.jpg,nCT,train
nCT/nCT6624.jpg,nCT,train
nCT/nCT6625.jpg,nCT,train
nCT/nCT6626.jpg,nCT,train
nCT/nCT6627.jpg,nCT,train
nCT/nCT6628.jpg,nCT,train
nCT/nCT6629.jpg,nCT,train
nCT/nCT6630.jpg,nCT,train
nCT/nCT6632.jpg,nCT,train
nCT/nCT6633.jpg,nCT,train
nCT/nCT6634.jpg,nCT,train
nCT/nCT6635.jpg,nCT,train
nCT/nCT6636.jpg,nCT,train
nCT/nCT6638.jpg,nCT,train
nCT/nCT6639.jpg,nCT,train
nCT/nCT6640.jpg,nCT,train
nCT/nCT6641.jpg,nCT,train
nCT/nCT6642.jpg,nCT,train
nCT/nCT6643.jpg,nCT,train
nCT/nCT6644.jpg,nCT,train
nCT/nCT6645.jpg,nCT,train
nCT/nCT6646.jpg,nCT,train
nCT/nCT6647.jpg,nCT,train
nCT/nCT6649.jpg,nCT,train
nCT/nCT6653.jpg,nCT,train
nCT/nCT6654.jpg,nCT,train
nCT/nCT6655.jpg,nCT,train
nCT/nCT6657.jpg,nCT,train
nCT/nCT6658.jpg,nCT,train
nCT/nCT6659.jpg,nCT,train
nCT/nCT6660.jpg,nCT,train
nCT/nCT6661.jpg,nCT,train
nCT/nCT6662.jpg,nCT,train
nCT/nCT6663.jpg,nCT,train
nCT/nCT6665.jpg,nCT,train
nCT/nCT6666.jpg,nCT,train
nCT/nCT6667.jpg,nCT,train
nCT/nCT6668.jpg,nCT,train
nCT/nCT6669.jpg,nCT,train
nCT/nCT6670.jpg,nCT,train
nCT/nCT6672.jpg,nCT,train
nCT/nCT6673.jpg,nCT,train
nCT/nCT6674.jpg,nCT,train
nCT/nCT6676.jpg,nCT,train
nCT/nCT6677.jpg,nCT,train
nCT/nCT6678.jpg,nCT,train
nCT/nCT6679.jpg,nCT,train
nCT/nCT6680.jpg,nCT,train
nCT/nCT6682.jpg,nCT,train
nCT/nCT6683.jpg,nCT,train
nCT/nCT6684.jpg,nCT,train
nCT/nCT6685.jpg,nCT,train
nCT/nCT6686.jpg,nCT,train
nCT/nCT6687.jpg,nCT,train
nCT/nCT6688.jpg,nCT,train
nCT/nCT6689.jpg,nCT,train
nCT/nCT6690.jpg,nCT,train
nCT/nCT6691.jpg,nCT,train
nCT/nCT6693.jpg,nCT,train
nCT/nCT6697.jpg,nCT,train
nCT/nCT6698.jpg,nCT,train
nCT/nCT6699.jpg,nCT,train
nCT/nCT6702.jpg,nCT,train
nCT/nCT6703.jpg,nCT,train
nCT/nCT6704.jpg,nCT,train
nCT/nCT6705.jpg,nCT,train
nCT/nCT6706.jpg,nCT,train
nCT/nCT6707.jpg,nCT,train
nCT/nCT6708.jpg,nCT,train
nCT/nCT6710.jpg,nCT,train
nCT/nCT6711.jpg,nCT,train
nCT/nCT6712.jpg,nCT,train
nCT/nCT6713.jpg,nCT,train
nCT/nCT6714.jpg,nCT,train
nCT/nCT6716.jpg,nCT,train
nCT/nCT6717.jpg,nCT,train
nCT/nCT6718.jpg,nCT,train
nCT/nCT6719.jpg,nCT,train
nCT/nCT6720.jpg,nCT,train
nCT/nCT6721.jpg,nCT,train
nCT/nCT6723.jpg,nCT,train
nCT/nCT6724.jpg,nCT,train
nCT/nCT6725.jpg,nCT,train
nCT/nCT6726.jpg,nCT,train
nCT/nCT6727.jpg,nCT,train
nCT/nCT6728.jpg,nCT,train
nCT/nCT6730.jpg,nCT,train
nCT/nCT6731.jpg,nCT,train
nCT/nCT6732.jpg,nCT,train
nCT/nCT6733.jpg,nCT,train
nCT/nCT6734.jpg,nCT,train
nCT/nCT6735.jpg,nCT,train
nCT/nCT6736.jpg,nCT,train
nCT/nCT6737.jpg,nCT,train
nCT/nCT6738.jpg,nCT,train
nCT/nCT6739.jpg,nCT,train
nCT/nCT6744.jpg,nCT,train
nCT/nCT6745.jpg,nCT,train
nCT/nCT6746.jpg,nCT,train
nCT/nCT6749.jpg,nCT,train
nCT/nCT6750.jpg,nCT,train
nCT/nCT6751.jpg,nCT,train
nCT/nCT6752.jpg,nCT,train
nCT/nCT6753.jpg,nCT,train
nCT/nCT6754.jpg,nCT,train
nCT/nCT6755.jpg,nCT,train
nCT/nCT6757.jpg,nCT,train
nCT/nCT6758.jpg,nCT,train
nCT/nCT6759.jpg,nCT,train
nCT/nCT6760.jpg,nCT,train
nCT/nCT6761.jpg,nCT,train
nCT/nCT6762.jpg,nCT,train
nCT/nCT6763.jpg,nCT,train
nCT/nCT6764.jpg,nCT,train
nCT/nCT6765.jpg,nCT,train
nCT/nCT6766.jpg,nCT,train
nCT/nCT6767.jpg,nCT,train
nCT/nCT6769.jpg,nCT,train
nCT/nCT6770.jpg,nCT,train
nCT/nCT6772.jpg,nCT,train
nCT/nCT6773.jpg,nCT,train
nCT/nCT6774.jpg,nCT,train
nCT/nCT6776.jpg,nCT,train
nCT/nCT6777.jpg,nCT,train
nCT/nCT6778.jpg,nCT,train
nCT/nCT6779.jpg,nCT,train
nCT/nCT6780.jpg,nCT,train
nCT/nCT6781.jpg,nCT,train
nCT/nCT6782.jpg,nCT,train
nCT/nCT6783.jpg,nCT,train
nCT/nCT6784.jpg,nCT,train
nCT/nCT6785.jpg,nCT,train
nCT/nCT6790.jpg,nCT,train
nCT/nCT6791.jpg,nCT,train
nCT/nCT6792.jpg,nCT,train
nCT/nCT6796.jpg,nCT,train
nCT/nCT6797.jpg,nCT,train
nCT/nCT6798.jpg,nCT,train
nCT/nCT6799.jpg,nCT,train
nCT/nCT6800.jpg,nCT,train
nCT/nCT6802.jpg,nCT,train
nCT/nCT6803.jpg,nCT,train
nCT/nCT6805.jpg,nCT,train
nCT/nCT6806.jpg,nCT,train
nCT/nCT6807.jpg,nCT,train
nCT/nCT6808.jpg,nCT,train
nCT/nCT6809.jpg,nCT,train
nCT/nCT6810.jpg,nCT,train
nCT/nCT6811.jpg,nCT,train
nCT/nCT6812.jpg,nCT,train
nCT/nCT6814.jpg,nCT,train
nCT/nCT6816.jpg,nCT,train
nCT/nCT6817.jpg,nCT,train
nCT/nCT6818.jpg,nCT,train
nCT/nCT6820.jpg,nCT,train
nCT/nCT6821.jpg,nCT,train
nCT/nCT6822.jpg,nCT,train
nCT/nCT6823.jpg,nCT,train
nCT/nCT6824.jpg,nCT,train
nCT/nCT6825.jpg,nCT,train
nCT/nCT6828.jpg,nCT,train
nCT/nCT6829.jpg,nCT,train
nCT/nCT6830.jpg,nCT,train
nCT/nCT6831.jpg,nCT,train
nCT/nCT6836.jpg,nCT,train
nCT/nCT6837.jpg,nCT,train
nCT/nCT6839.jpg,nCT,train
nCT/nCT6841.jpg,nCT,train
nCT/nCT6842.jpg,nCT,train
nCT/nCT6843.jpg,nCT,train
nCT/nCT6844.jpg,nCT,train
nCT/nCT6845.jpg,nCT,train
nCT/nCT6847.jpg,nCT,train
nCT/nCT6848.jpg,nCT,train
nCT/nCT6849.jpg,nCT,train
nCT/nCT6850.jpg,nCT,train
nCT/nCT6851.jpg,nCT,train
nCT/nCT6852.jpg,nCT,train
nCT/nCT6853.jpg,nCT,train
nCT/nCT6854.jpg,nCT,train
nCT/nCT6855.jpg,nCT,train
nCT/nCT6856.jpg,nCT,train
nCT/nCT6857.jpg,nCT,train
nCT/nCT6859.jpg,nCT,train
nCT/nCT6860.jpg,nCT,train
nCT/nCT6861.jpg,nCT,train
nCT/nCT6862.jpg,nCT,train
nCT/nCT6863.jpg,nCT,train
nCT/nCT6865.jpg,nCT,train
nCT/nCT6866.jpg,nCT,train
nCT/nCT6867.jpg,nCT,train
nCT/nCT6868.jpg,nCT,train
nCT/nCT6869.jpg,nCT,train
nCT/nCT6870.jpg,nCT,train
nCT/nCT6872.jpg,nCT,train
nCT/nCT6873.jpg,nCT,train
nCT/nCT6874.jpg,nCT,train
nCT/nCT6875.jpg,nCT,train
nCT/nCT6879.jpg,nCT,train
nCT/nCT6880.jpg,nCT,train
nCT/nCT6881.jpg,nCT,train
nCT/nCT6882.jpg,nCT,train
nCT/nCT6885.jpg,nCT,train
nCT/nCT6886.jpg,nCT,train
nCT/nCT6887.jpg,nCT,train
nCT/nCT6888.jpg,nCT,train
nCT/nCT6889.jpg,nCT,train
nCT/nCT6891.jpg,nCT,train
nCT/nCT6892.jpg,nCT,train
nCT/nCT6894.jpg,nCT,train
nCT/nCT6895.jpg,nCT,train
nCT/nCT6896.jpg,nCT,train
nCT/nCT6897.jpg,nCT,train
nCT/nCT6898.jpg,nCT,train
nCT/nCT6899.jpg,nCT,train
nCT/nCT6900.jpg,nCT,train
nCT/nCT6901.jpg,nCT,train
nCT/nCT6903.jpg,nCT,train
nCT/nCT6905.jpg,nCT,train
nCT/nCT6906.jpg,nCT,train
nCT/nCT6907.jpg,nCT,train
nCT/nCT6909.jpg,nCT,train
nCT/nCT6910.jpg,nCT,train
nCT/nCT6911.jpg,nCT,train
nCT/nCT6912.jpg,nCT,train
nCT/nCT6913.jpg,nCT,train
nCT/nCT6914.jpg,nCT,train
nCT/nCT6915.jpg,nCT,train
nCT/nCT6916.jpg,nCT,train
nCT/nCT6917.jpg,nCT,train
nCT/nCT6918.jpg,nCT,train
nCT/nCT6919.jpg,nCT,train
nCT/nCT6920.jpg,nCT,train
nCT/nCT6925.jpg,nCT,train
nCT/nCT6926.jpg,nCT,train
nCT/nCT6927.jpg,nCT,train
nCT/nCT6928.jpg,nCT,train
nCT/nCT6931.jpg,nCT,train
nCT/nCT6932.jpg,nCT,train
nCT/nCT6933.jpg,nCT,train
nCT/nCT6934.jpg,nCT,train
nCT/nCT6935.jpg,nCT,train
nCT/nCT6939.jpg,nCT,train
nCT/nCT6940.jpg,nCT,train
nCT/nCT6941.jpg,nCT,train
nCT/nCT6942.jpg,nCT,train
nCT/nCT6943.jpg,nCT,train
nCT/nCT6944.jpg,nCT,train
nCT/nCT6945.jpg,nCT,train
nCT/nCT6946.jpg,nCT,train
nCT/nCT6947.jpg,nCT,train
nCT/nCT6948.jpg,nCT,train
nCT/nCT6949.jpg,nCT,train
nCT/nCT6951.jpg,nCT,train
nCT/nCT6952.jpg,nCT,train
nCT/nCT6953.jpg,nCT,train
nCT/nCT6954.jpg,nCT,train
nCT/nCT6956.jpg,nCT,train
nCT/nCT6957.jpg,nCT,train
nCT/nCT6958.jpg,nCT,train
nCT/nCT6959.jpg,nCT,train
nCT/nCT6960.jpg,nCT,train
nCT/nCT6961.jpg,nCT,train
nCT/nCT6962.jpg,nCT,train
nCT/nCT6963.jpg,nCT,train
nCT/nCT6964.jpg,nCT,train
nCT/nCT6965.jpg,nCT,train
nCT/nCT6966.jpg,nCT,train
nCT/nCT6971.jpg,nCT,train
nCT/nCT6972.jpg,nCT,train
nCT/nCT6973.jpg,nCT,train
nCT/nCT6974.jpg,nCT,train
nCT/nCT6977.jpg,nCT,train
nCT/nCT6978.jpg,nCT,train
nCT/nCT6979.jpg,nCT,train
nCT/nCT6980.jpg,nCT,train
nCT/nCT6981.jpg,nCT,train
nCT/nCT6984.jpg,nCT,train
nCT/nCT6985.jpg,nCT,train
nCT/nCT6986.jpg,nCT,train
nCT/nCT6987.jpg,nCT,train
nCT/nCT6988.jpg,nCT,train
nCT/nCT6989.jpg,nCT,train
nCT/nCT6990.jpg,nCT,train
nCT/nCT6991.jpg,nCT,train
nCT/nCT6992.jpg,nCT,train
nCT/nCT6993.jpg,nCT,train
nCT/nCT6994.jpg,nCT,train
nCT/nCT6996.jpg,nCT,train
nCT/nCT6997.jpg,nCT,train
nCT/nCT6998.jpg,nCT,train
nCT/nCT6999.jpg,nCT,train
nCT/nCT7001.jpg,nCT,train
nCT/nCT7002.jpg,nCT,train
nCT/nCT7003.jpg,nCT,train
nCT/nCT7004.jpg,nCT,train
nCT/nCT7005.jpg,nCT,train
nCT/nCT7006.jpg,nCT,train
nCT/nCT7007.jpg,nCT,train
nCT/nCT7008.jpg,nCT,train
nCT/nCT7009.jpg,nCT,train
nCT/nCT7010.jpg,nCT,train
nCT/nCT7011.jpg,nCT,train
nCT/nCT7012.jpg,nCT,train
nCT/nCT7015.jpg,nCT,train
nCT/nCT7017.jpg,nCT,train
nCT/nCT7018.jpg,nCT,train
nCT/nCT7019.jpg,nCT,train
nCT/nCT7022.jpg,nCT,train
nCT/nCT7023.jpg,nCT,train
nCT/nCT7024.jpg,nCT,train
nCT/nCT7025.jpg,nCT,train
nCT/nCT7026.jpg,nCT,train
nCT/nCT7027.jpg,nCT,train
nCT/nCT7029.jpg,nCT,train
nCT/nCT7030.jpg,nCT,train
nCT/nCT7031.jpg,nCT,train
nCT/nCT7032.jpg,nCT,train
nCT/nCT7033.jpg,nCT,train
nCT/nCT7034.jpg,nCT,train
nCT/nCT7035.jpg,nCT,train
nCT/nCT7036.jpg,nCT,train
nCT/nCT7037.jpg,nCT,train
nCT/nCT7038.jpg,nCT,train
nCT/nCT7039.jpg,nCT,train
nCT/nCT7041.jpg,nCT,train
nCT/nCT7042.jpg,nCT,train
nCT/nCT7043.jpg,nCT,train
nCT/nCT7044.jpg,nCT,train
nCT/nCT7046.jpg,nCT,train
nCT/nCT7047.jpg,nCT,train
nCT/nCT7049.jpg,nCT,train
nCT/nCT7050.jpg,nCT,train
nCT/nCT7051.jpg,nCT,train
nCT/nCT7052.jpg,nCT,train
nCT/nCT7053.jpg,nCT,train
nCT/nCT7054.jpg,nCT,train
nCT/nCT7055.jpg,nCT,train
nCT/nCT7056.jpg,nCT,train
nCT/nCT7057.jpg,nCT,train
nCT/nCT7058.jpg,nCT,train
nCT/nCT7059.jpg,nCT,train
nCT/nCT7060.jpg,nCT,train
nCT/nCT7062.jpg,nCT,train
nCT/nCT7063.jpg,nCT,train
nCT/nCT7065.jpg,nCT,train
nCT/nCT7068.jpg,nCT,train
nCT/nCT7069.jpg,nCT,train
nCT/nCT7073.jpg,nCT,train
nCT/nCT7074.jpg,nCT,train
nCT/nCT7075.jpg,nCT,train
nCT/nCT7077.jpg,nCT,train
nCT/nCT7081.jpg,nCT,train
nCT/nCT7082.jpg,nCT,train
nCT/nCT7084.jpg,nCT,train
nCT/nCT7085.jpg,nCT,train
nCT/nCT7086.jpg,nCT,train
nCT/nCT7088.jpg,nCT,train
nCT/nCT7090.jpg,nCT,train
nCT/nCT7091.jpg,nCT,train
nCT/nCT7092.jpg,nCT,train
nCT/nCT7093.jpg,nCT,train
nCT/nCT7094.jpg,nCT,train
nCT/nCT7095.jpg,nCT,train
nCT/nCT7096.jpg,nCT,train
nCT/nCT7097.jpg,nCT,train
nCT/nCT7098.jpg,nCT,train
nCT/nCT7101.jpg,nCT,train
nCT/nCT7102.jpg,nCT,train
nCT/nCT7104.jpg,nCT,train
nCT/nCT7105.jpg,nCT,train
nCT/nCT7106.jpg,nCT,train
nCT/nCT7110.jpg,nCT,train
nCT/nCT7112.jpg,nCT,train
nCT/nCT7113.jpg,nCT,train
nCT/nCT7115.jpg,nCT,train
nCT/nCT7116.jpg,nCT,train
nCT/nCT7117.jpg,nCT,train
nCT/nCT7120.jpg,nCT,train
nCT/nCT7121.jpg,nCT,train
nCT/nCT7124.jpg,nCT,train
nCT/nCT7126.jpg,nCT,train
nCT/nCT7127.jpg,nCT,train
nCT/nCT7128.jpg,nCT,train
nCT/nCT7129.jpg,nCT,train
nCT/nCT7130.jpg,nCT,train
nCT/nCT7131.jpg,nCT,train
nCT/nCT7132.jpg,nCT,train
nCT/nCT7134.jpg,nCT,train
nCT/nCT7135.jpg,nCT,train
nCT/nCT7136.jpg,nCT,train
nCT/nCT7138.jpg,nCT,train
nCT/nCT7139.jpg,nCT,train
nCT/nCT7140.jpg,nCT,train
nCT/nCT7141.jpg,nCT,train
nCT/nCT7143.jpg,nCT,train
nCT/nCT7145.jpg,nCT,train
nCT/nCT7146.jpg,nCT,train
nCT/nCT7152.jpg,nCT,train
nCT/nCT7153.jpg,nCT,train
nCT/nCT7154.jpg,nCT,train
nCT/nCT7156.jpg,nCT,train
nCT/nCT7157.jpg,nCT,train
nCT/nCT7161.jpg,nCT,train
nCT/nCT7162.jpg,nCT,train
nCT/nCT7165.jpg,nCT,train
nCT/nCT7167.jpg,nCT,train
nCT/nCT7168.jpg,nCT,train
nCT/nCT7169.jpg,nCT,train
nCT/nCT7170.jpg,nCT,train
nCT/nCT7171.jpg,nCT,train
nCT/nCT7172.jpg,nCT,train
nCT/nCT7173.jpg,nCT,train
nCT/nCT7174.jpg,nCT,train
nCT/nCT7175.jpg,nCT,train
nCT/nCT7176.jpg,nCT,train
nCT/nCT7179.jpg,nCT,train
nCT/nCT7180.jpg,nCT,train
nCT/nCT7181.jpg,nCT,train
nCT/nCT7182.jpg,nCT,train
nCT/nCT7184.jpg,nCT,train
nCT/nCT7185.jpg,nCT,train
nCT/nCT7186.jpg,nCT,train
nCT/nCT7193.jpg,nCT,train
nCT/nCT7194.jpg,nCT,train
nCT/nCT7195.jpg,nCT,train
nCT/nCT7196.jpg,nCT,train
nCT/nCT7197.jpg,nCT,train
nCT/nCT7200.jpg,nCT,train
nCT/nCT7202.jpg,nCT,train
nCT/nCT7203.jpg,nCT,train
nCT/nCT7206.jpg,nCT,train
nCT/nCT7207.jpg,nCT,train
nCT/nCT7208.jpg,nCT,train
nCT/nCT7209.jpg,nCT,train
nCT/nCT7210.jpg,nCT,train
nCT/nCT7212.jpg,nCT,train
nCT/nCT7213.jpg,nCT,train
nCT/nCT7214.jpg,nCT,train
nCT/nCT7215.jpg,nCT,train
nCT/nCT7217.jpg,nCT,train
nCT/nCT7218.jpg,nCT,train
nCT/nCT7219.jpg,nCT,train
nCT/nCT7220.jpg,nCT,train
nCT/nCT7221.jpg,nCT,train
nCT/nCT7223.jpg,nCT,train
nCT/nCT7225.jpg,nCT,train
nCT/nCT7226.jpg,nCT,train
nCT/nCT7227.jpg,nCT,train
nCT/nCT7233.jpg,nCT,train
nCT/nCT7234.jpg,nCT,train
nCT/nCT7235.jpg,nCT,train
nCT/nCT7236.jpg,nCT,train
nCT/nCT7237.jpg,nCT,train
nCT/nCT7238.jpg,nCT,train
nCT/nCT7242.jpg,nCT,train
nCT/nCT7243.jpg,nCT,train
nCT/nCT7247.jpg,nCT,train
nCT/nCT7248.jpg,nCT,train
nCT/nCT7249.jpg,nCT,train
nCT/nCT7250.jpg,nCT,train
nCT/nCT7251.jpg,nCT,train
nCT/nCT7252.jpg,nCT,train
nCT/nCT7253.jpg,nCT,train
nCT/nCT7254.jpg,nCT,train
nCT/nCT7256.jpg,nCT,train
nCT/nCT7258.jpg,nCT,train
nCT/nCT7259.jpg,nCT,train
nCT/nCT7260.jpg,nCT,train
nCT/nCT7261.jpg,nCT,train
nCT/nCT7262.jpg,nCT,train
nCT/nCT7263.jpg,nCT,train
nCT/nCT7265.jpg,nCT,train
nCT/nCT7267.jpg,nCT,train
nCT/nCT7268.jpg,nCT,train
nCT/nCT7274.jpg,nCT,train
nCT/nCT7275.jpg,nCT,train
nCT/nCT7276.jpg,nCT,train
nCT/nCT7278.jpg,nCT,train
nCT/nCT7282.jpg,nCT,train
nCT/nCT7283.jpg,nCT,train
nCT/nCT7287.jpg,nCT,train
nCT/nCT7290.jpg,nCT,train
nCT/nCT7291.jpg,nCT,train
nCT/nCT7292.jpg,nCT,train
nCT/nCT7293.jpg,nCT,train
nCT/nCT7294.jpg,nCT,train
nCT/nCT7295.jpg,nCT,train
nCT/nCT7296.jpg,nCT,train
nCT/nCT7297.jpg,nCT,train
nCT/nCT7299.jpg,nCT,train
nCT/nCT7301.jpg,nCT,train
nCT/nCT7302.jpg,nCT,train
nCT/nCT7303.jpg,nCT,train
nCT/nCT7304.jpg,nCT,train
nCT/nCT7305.jpg,nCT,train
nCT/nCT7307.jpg,nCT,train
nCT/nCT7308.jpg,nCT,train
nCT/nCT7309.jpg,nCT,train
nCT/nCT7311.jpg,nCT,train
nCT/nCT7315.jpg,nCT,train
nCT/nCT7316.jpg,nCT,train
nCT/nCT7317.jpg,nCT,train
nCT/nCT7318.jpg,nCT,train
nCT/nCT7319.jpg,nCT,train
nCT/nCT7320.jpg,nCT,train
nCT/nCT7328.jpg,nCT,train
nCT/nCT7329.jpg,nCT,train
nCT/nCT7330.jpg,nCT,train
nCT/nCT7331.jpg,nCT,train
nCT/nCT7335.jpg,nCT,train
nCT/nCT7336.jpg,nCT,train
nCT/nCT7337.jpg,nCT,train
nCT/nCT7338.jpg,nCT,train
nCT/nCT7341.jpg,nCT,train
nCT/nCT7342.jpg,nCT,train
nCT/nCT7343.jpg,nCT,train
nCT/nCT7345.jpg,nCT,train
nCT/nCT7346.jpg,nCT,train
nCT/nCT7347.jpg,nCT,train
nCT/nCT7348.jpg,nCT,train
nCT/nCT7349.jpg,nCT,train
nCT/nCT7350.jpg,nCT,train
nCT/nCT7351.jpg,nCT,train
nCT/nCT7353.jpg,nCT,train
nCT/nCT7354.jpg,nCT,train
nCT/nCT7355.jpg,nCT,train
nCT/nCT7357.jpg,nCT,train
nCT/nCT7358.jpg,nCT,train
nCT/nCT7359.jpg,nCT,train
nCT/nCT7360.jpg,nCT,train
nCT/nCT7365.jpg,nCT,train
nCT/nCT7366.jpg,nCT,train
nCT/nCT7367.jpg,nCT,train
nCT/nCT7368.jpg,nCT,train
nCT/nCT7369.jpg,nCT,train
nCT/nCT7370.jpg,nCT,train
nCT/nCT7377.jpg,nCT,train
nCT/nCT7378.jpg,nCT,train
nCT/nCT7379.jpg,nCT,train
nCT/nCT7380.jpg,nCT,train
nCT/nCT7381.jpg,nCT,train
nCT/nCT7384.jpg,nCT,train
nCT/nCT7385.jpg,nCT,train
nCT/nCT7386.jpg,nCT,train
nCT/nCT7387.jpg,nCT,train
nCT/nCT7388.jpg,nCT,train
nCT/nCT7391.jpg,nCT,train
nCT/nCT7392.jpg,nCT,train
nCT/nCT7393.jpg,nCT,train
nCT/nCT7394.jpg,nCT,train
nCT/nCT7395.jpg,nCT,train
nCT/nCT7396.jpg,nCT,train
nCT/nCT7397.jpg,nCT,train
nCT/nCT7398.jpg,nCT,train
nCT/nCT7401.jpg,nCT,train
nCT/nCT7402.jpg,nCT,train
nCT/nCT7404.jpg,nCT,train
nCT/nCT7405.jpg,nCT,train
nCT/nCT7407.jpg,nCT,train
nCT/nCT7408.jpg,nCT,train
nCT/nCT7409.jpg,nCT,train
nCT/nCT7410.jpg,nCT,train
nCT/nCT7416.jpg,nCT,train
nCT/nCT7417.jpg,nCT,train
nCT/nCT7418.jpg,nCT,train
nCT/nCT7419.jpg,nCT,train
nCT/nCT7420.jpg,nCT,train
nCT/nCT7421.jpg,nCT,train
nCT/nCT7428.jpg,nCT,train
nCT/nCT7430.jpg,nCT,train
nCT/nCT7431.jpg,nCT,train
nCT/nCT7432.jpg,nCT,train
nCT/nCT7436.jpg,nCT,train
nCT/nCT7437.jpg,nCT,train
nCT/nCT7438.jpg,nCT,train
nCT/nCT7439.jpg,nCT,train
nCT/nCT7442.jpg,nCT,train
nCT/nCT7443.jpg,nCT,train
nCT/nCT7445.jpg,nCT,train
nCT/nCT7446.jpg,nCT,train
nCT/nCT7447.jpg,nCT,train
nCT/nCT7448.jpg,nCT,train
nCT/nCT7449.jpg,nCT,train
nCT/nCT7450.jpg,nCT,train
nCT/nCT7451.jpg,nCT,train
nCT/nCT7453.jpg,nCT,train
nCT/nCT7454.jpg,nCT,train
nCT/nCT7456.jpg,nCT,train
nCT/nCT7458.jpg,nCT,train
nCT/nCT7459.jpg,nCT,train
nCT/nCT7460.jpg,nCT,train
nCT/nCT7461.jpg,nCT,train
nCT/nCT7462.jpg,nCT,train
nCT/nCT7466.jpg,nCT,train
NiCT/NiCT9.jpg,NiCT,train
NiCT/NiCT12.jpg,NiCT,train
NiCT/NiCT13.jpg,NiCT,train
NiCT/NiCT15.jpg,NiCT,train
NiCT/NiCT16.jpg,NiCT,train
NiCT/NiCT17.jpg,NiCT,train
NiCT/NiCT18.jpg,NiCT,train
NiCT/NiCT19.jpg,NiCT,train
NiCT/NiCT20.jpg,NiCT,train
NiCT/NiCT42.jpg,NiCT,train
NiCT/NiCT45.jpg,NiCT,train
NiCT/NiCT46.jpg,NiCT,train
NiCT/NiCT48.jpg,NiCT,train
NiCT/NiCT49.jpg,NiCT,train
NiCT/NiCT50.jpg,NiCT,train
NiCT/NiCT51.jpg,NiCT,train
NiCT/NiCT52.jpg,NiCT,train
NiCT/NiCT53.jpg,NiCT,train
NiCT/NiCT75.jpg,NiCT,train
NiCT/NiCT78.jpg,NiCT,train
NiCT/NiCT79.jpg,NiCT,train
NiCT/NiCT81.jpg,NiCT,train
NiCT/NiCT82.jpg,NiCT,train
NiCT/NiCT83.jpg,NiCT,train
NiCT/NiCT84.jpg,NiCT,train
NiCT/NiCT85.jpg,NiCT,train
NiCT/NiCT86.jpg,NiCT,train
NiCT/NiCT108.jpg,NiCT,train
NiCT/NiCT111.jpg,NiCT,train
NiCT/NiCT112.jpg,NiCT,train
NiCT/NiCT114.jpg,NiCT,train
NiCT/NiCT115.jpg,NiCT,train
NiCT/NiCT116.jpg,NiCT,train
NiCT/NiCT117.jpg,NiCT,train
NiCT/NiCT118.jpg,NiCT,train
NiCT/NiCT119.jpg,NiCT,train
NiCT/NiCT141.jpg,NiCT,train
NiCT/NiCT144.jpg,NiCT,train
NiCT/NiCT145.jpg,NiCT,train
NiCT/NiCT147.jpg,NiCT,train
NiCT/NiCT148.jpg,NiCT,train
NiCT/NiCT149.jpg,NiCT,train
NiCT/NiCT150.jpg,NiCT,train
NiCT/NiCT151.jpg,NiCT,train
NiCT/NiCT152.jpg,NiCT,train
NiCT/NiCT174.jpg,NiCT,train
NiCT/NiCT177.jpg,NiCT,train
NiCT/NiCT178.jpg,NiCT,train
NiCT/NiCT180.jpg,NiCT,train
NiCT/NiCT181.jpg,NiCT,train
NiCT/NiCT182.jpg,NiCT,train
NiCT/NiCT183.jpg,NiCT,train
NiCT/NiCT184.jpg,NiCT,train
NiCT/NiCT185.jpg,NiCT,train
NiCT/NiCT207.jpg,NiCT,train
NiCT/NiCT210.jpg,NiCT,train
NiCT/NiCT211.jpg,NiCT,train
NiCT/NiCT213.jpg,NiCT,train
NiCT/NiCT214.jpg,NiCT,train
NiCT/NiCT215.jpg,NiCT,train
NiCT/NiCT216.jpg,NiCT,train
NiCT/NiCT217.jpg,NiCT,train
NiCT/NiCT218.jpg,NiCT,train
NiCT/NiCT240.jpg,NiCT,train
NiCT/NiCT243.jpg,NiCT,train
NiCT/NiCT244.jpg,NiCT,train
NiCT/NiCT246.jpg,NiCT,train
NiCT/NiCT247.jpg,NiCT,train
NiCT/NiCT248.jpg,NiCT,train
NiCT/NiCT249.jpg,NiCT,train
NiCT/NiCT250.jpg,NiCT,train
NiCT/NiCT251.jpg,NiCT,train
NiCT/NiCT273.jpg,NiCT,train
NiCT/NiCT276.jpg,NiCT,train
NiCT/NiCT277.jpg,NiCT,train
NiCT/NiCT279.jpg,NiCT,train
NiCT/NiCT280.jpg,NiCT,train
NiCT/NiCT281.jpg,NiCT,train
NiCT/NiCT282.jpg,NiCT,train
NiCT/NiCT283.jpg,NiCT,train
NiCT/NiCT284.jpg,NiCT,train
NiCT/NiCT306.jpg,NiCT,train
NiCT/NiCT309.jpg,NiCT,train
NiCT/NiCT310.jpg,NiCT,train
NiCT/NiCT312.jpg,NiCT,train
NiCT/NiCT313.jpg,NiCT,train
NiCT/NiCT314.jpg,NiCT,train
NiCT/NiCT315.jpg,NiCT,train
NiCT/NiCT316.jpg,NiCT,train
NiCT/NiCT317.jpg,NiCT,train
NiCT/NiCT339.jpg,NiCT,train
NiCT/NiCT342.jpg,NiCT,train
NiCT/NiCT343.jpg,NiCT,train
NiCT/NiCT345.jpg,NiCT,train
NiCT/NiCT346.jpg,NiCT,train
NiCT/NiCT347.jpg,NiCT,train
NiCT/NiCT348.jpg,NiCT,train
NiCT/NiCT349.jpg,NiCT,train
NiCT/NiCT371.jpg,NiCT,train
NiCT/NiCT374.jpg,NiCT,train
NiCT/NiCT375.jpg,NiCT,train
NiCT/NiCT377.jpg,NiCT,train
NiCT/NiCT378.jpg,NiCT,train
NiCT/NiCT379.jpg,NiCT,train
NiCT/NiCT380.jpg,NiCT,train
NiCT/NiCT381.jpg,NiCT,train
NiCT/NiCT403.jpg,NiCT,train
NiCT/NiCT406.jpg,NiCT,train
NiCT/NiCT407.jpg,NiCT,train
NiCT/NiCT409.jpg,NiCT,train
NiCT/NiCT410.jpg,NiCT,train
NiCT/NiCT411.jpg,NiCT,train
NiCT/NiCT412.jpg,NiCT,train
NiCT/NiCT413.jpg,NiCT,train
NiCT/NiCT435.jpg,NiCT,train
NiCT/NiCT438.jpg,NiCT,train
NiCT/NiCT440.jpg,NiCT,train
NiCT/NiCT441.jpg,NiCT,train
NiCT/NiCT442.jpg,NiCT,train
NiCT/NiCT443.jpg,NiCT,train
NiCT/NiCT444.jpg,NiCT,train
NiCT/NiCT466.jpg,NiCT,train
NiCT/NiCT469.jpg,NiCT,train
NiCT/NiCT471.jpg,NiCT,train
NiCT/NiCT472.jpg,NiCT,train
NiCT/NiCT473.jpg,NiCT,train
NiCT/NiCT474.jpg,NiCT,train
NiCT/NiCT475.jpg,NiCT,train
NiCT/NiCT497.jpg,NiCT,train
NiCT/NiCT500.jpg,NiCT,train
NiCT/NiCT502.jpg,NiCT,train
NiCT/NiCT503.jpg,NiCT,train
NiCT/NiCT504.jpg,NiCT,train
NiCT/NiCT505.jpg,NiCT,train
NiCT/NiCT506.jpg,NiCT,train
NiCT/NiCT528.jpg,NiCT,train
NiCT/NiCT531.jpg,NiCT,train
NiCT/NiCT533.jpg,NiCT,train
NiCT/NiCT534.jpg,NiCT,train
NiCT/NiCT535.jpg,NiCT,train
NiCT/NiCT536.jpg,NiCT,train
NiCT/NiCT537.jpg,NiCT,train
NiCT/NiCT559.jpg,NiCT,train
NiCT/NiCT562.jpg,NiCT,train
NiCT/NiCT564.jpg,NiCT,train
NiCT/NiCT565.jpg,NiCT,train
NiCT/NiCT566.jpg,NiCT,train
NiCT/NiCT567.jpg,NiCT,train
NiCT/NiCT568.jpg,NiCT,train
NiCT/NiCT590.jpg,NiCT,train
NiCT/NiCT593.jpg,NiCT,train
NiCT/NiCT595.jpg,NiCT,train
NiCT/NiCT596.jpg,NiCT,train
NiCT/NiCT597.jpg,NiCT,train
NiCT/NiCT598.jpg,NiCT,train
NiCT/NiCT599.jpg,NiCT,train
NiCT/NiCT621.jpg,NiCT,train
NiCT/NiCT624.jpg,NiCT,train
NiCT/NiCT626.jpg,NiCT,train
NiCT/NiCT627.jpg,NiCT,train
NiCT/NiCT628.jpg,NiCT,train
NiCT/NiCT629.jpg,NiCT,train
NiCT/NiCT630.jpg,NiCT,train
NiCT/NiCT644.jpg,NiCT,train
NiCT/NiCT646.jpg,NiCT,train
NiCT/NiCT648.jpg,NiCT,train
NiCT/NiCT649.jpg,NiCT,train
NiCT/NiCT650.jpg,NiCT,train
NiCT/NiCT651.jpg,NiCT,train
NiCT/NiCT652.jpg,NiCT,train
NiCT/NiCT667.jpg,NiCT,train
NiCT/NiCT670.jpg,NiCT,train
NiCT/NiCT672.jpg,NiCT,train
NiCT/NiCT673.jpg,NiCT,train
NiCT/NiCT674.jpg,NiCT,train
NiCT/NiCT675.jpg,NiCT,train
NiCT/NiCT676.jpg,NiCT,train
NiCT/NiCT698.jpg,NiCT,train
NiCT/NiCT701.jpg,NiCT,train
NiCT/NiCT703.jpg,NiCT,train
NiCT/NiCT704.jpg,NiCT,train
NiCT/NiCT705.jpg,NiCT,train
NiCT/NiCT706.jpg,NiCT,train
NiCT/NiCT707.jpg,NiCT,train
NiCT/NiCT728.jpg,NiCT,train
NiCT/NiCT730.jpg,NiCT,train
NiCT/NiCT733.jpg,NiCT,train
NiCT/NiCT734.jpg,NiCT,train
NiCT/NiCT735.jpg,NiCT,train
NiCT/NiCT736.jpg,NiCT,train
NiCT/NiCT737.jpg,NiCT,train
NiCT/NiCT758.jpg,NiCT,train
NiCT/NiCT760.jpg,NiCT,train
NiCT/NiCT763.jpg,NiCT,train
NiCT/NiCT764.jpg,NiCT,train
NiCT/NiCT765.jpg,NiCT,train
NiCT/NiCT766.jpg,NiCT,train
NiCT/NiCT767.jpg,NiCT,train
NiCT/NiCT788.jpg,NiCT,train
NiCT/NiCT790.jpg,NiCT,train
NiCT/NiCT793.jpg,NiCT,train
NiCT/NiCT794.jpg,NiCT,train
NiCT/NiCT795.jpg,NiCT,train
NiCT/NiCT796.jpg,NiCT,train
NiCT/NiCT797.jpg,NiCT,train
NiCT/NiCT818.jpg,NiCT,train
NiCT/NiCT820.jpg,NiCT,train
NiCT/NiCT823.jpg,NiCT,train
NiCT/NiCT824.jpg,NiCT,train
NiCT/NiCT825.jpg,NiCT,train
NiCT/NiCT826.jpg,NiCT,train
NiCT/NiCT827.jpg,NiCT,train
NiCT/NiCT848.jpg,NiCT,train
NiCT/NiCT850.jpg,NiCT,train
NiCT/NiCT853.jpg,NiCT,train
NiCT/NiCT854.jpg,NiCT,train
NiCT/NiCT855.jpg,NiCT,train
NiCT/NiCT856.jpg,NiCT,train
NiCT/NiCT857.jpg,NiCT,train
NiCT/NiCT878.jpg,NiCT,train
NiCT/NiCT880.jpg,NiCT,train
NiCT/NiCT883.jpg,NiCT,train
NiCT/NiCT884.jpg,NiCT,train
NiCT/NiCT885.jpg,NiCT,train
NiCT/NiCT886.jpg,NiCT,train
NiCT/NiCT887.jpg,NiCT,train
NiCT/NiCT908.jpg,NiCT,train
NiCT/NiCT910.jpg,NiCT,train
NiCT/NiCT913.jpg,NiCT,train
NiCT/NiCT914.jpg,NiCT,train
NiCT/NiCT915.jpg,NiCT,train
NiCT/NiCT916.jpg,NiCT,train
NiCT/NiCT917.jpg,NiCT,train
NiCT/NiCT937.jpg,NiCT,train
NiCT/NiCT939.jpg,NiCT,train
NiCT/NiCT942.jpg,NiCT,train
NiCT/NiCT943.jpg,NiCT,train
NiCT/NiCT944.jpg,NiCT,train
NiCT/NiCT945.jpg,NiCT,train
NiCT/NiCT946.jpg,NiCT,train
NiCT/NiCT965.jpg,NiCT,train
NiCT/NiCT967.jpg,NiCT,train
NiCT/NiCT969.jpg,NiCT,train
NiCT/NiCT971.jpg,NiCT,train
NiCT/NiCT972.jpg,NiCT,train
NiCT/NiCT973.jpg,NiCT,train
NiCT/NiCT974.jpg,NiCT,train
NiCT/NiCT993.jpg,NiCT,train
NiCT/NiCT995.jpg,NiCT,train
NiCT/NiCT997.jpg,NiCT,train
NiCT/NiCT999.jpg,NiCT,train
NiCT/NiCT1000.jpg,NiCT,train
NiCT/NiCT1001.jpg,NiCT,train
NiCT/NiCT1002.jpg,NiCT,train
NiCT/NiCT1021.jpg,NiCT,train
NiCT/NiCT1023.jpg,NiCT,train
NiCT/NiCT1025.jpg,NiCT,train
NiCT/NiCT1027.jpg,NiCT,train
NiCT/NiCT1028.jpg,NiCT,train
NiCT/NiCT1029.jpg,NiCT,train
NiCT/NiCT1030.jpg,NiCT,train
NiCT/NiCT1048.jpg,NiCT,train
NiCT/NiCT1050.jpg,NiCT,train
NiCT/NiCT1052.jpg,NiCT,train
NiCT/NiCT1054.jpg,NiCT,train
NiCT/NiCT1055.jpg,NiCT,train
NiCT/NiCT1056.jpg,NiCT,train
NiCT/NiCT1057.jpg,NiCT,train
NiCT/NiCT1070.jpg,NiCT,train
NiCT/NiCT1072.jpg,NiCT,train
NiCT/NiCT1074.jpg,NiCT,train
NiCT/NiCT1076.jpg,NiCT,train
NiCT/NiCT1077.jpg,NiCT,train
NiCT/NiCT1078.jpg,NiCT,train
NiCT/NiCT1079.jpg,NiCT,train
NiCT/NiCT1096.jpg,NiCT,train
NiCT/NiCT1098.jpg,NiCT,train
NiCT/NiCT1100.jpg,NiCT,train
NiCT/NiCT1102.jpg,NiCT,train
NiCT/NiCT1103.jpg,NiCT,train
NiCT/NiCT1104.jpg,NiCT,train
NiCT/NiCT1105.jpg,NiCT,train
NiCT/NiCT1122.jpg,NiCT,train
NiCT/NiCT1124.jpg,NiCT,train
NiCT/NiCT1126.jpg,NiCT,train
NiCT/NiCT1128.jpg,NiCT,train
NiCT/NiCT1129.jpg,NiCT,train
NiCT/NiCT1130.jpg,NiCT,train
NiCT/NiCT1131.jpg,NiCT,train
NiCT/NiCT1148.jpg,NiCT,train
NiCT/NiCT1150.jpg,NiCT,train
NiCT/NiCT1152.jpg,NiCT,train
NiCT/NiCT1154.jpg,NiCT,train
NiCT/NiCT1155.jpg,NiCT,train
NiCT/NiCT1156.jpg,NiCT,train
NiCT/NiCT1157.jpg,NiCT,train
NiCT/NiCT1174.jpg,NiCT,train
NiCT/NiCT1176.jpg,NiCT,train
NiCT/NiCT1178.jpg,NiCT,train
NiCT/NiCT1180.jpg,NiCT,train
NiCT/NiCT1181.jpg,NiCT,train
NiCT/NiCT1182.jpg,NiCT,train
NiCT/NiCT1183.jpg,NiCT,train
NiCT/NiCT1200.jpg,NiCT,train
NiCT/NiCT1202.jpg,NiCT,train
NiCT/NiCT1204.jpg,NiCT,train
NiCT/NiCT1206.jpg,NiCT,train
NiCT/NiCT1207.jpg,NiCT,train
NiCT/NiCT1208.jpg,NiCT,train
NiCT/NiCT1209.jpg,NiCT,train
NiCT/NiCT1226.jpg,NiCT,train
NiCT/NiCT1228.jpg,NiCT,train
NiCT/NiCT1230.jpg,NiCT,train
NiCT/NiCT1232.jpg,NiCT,train
NiCT/NiCT1233.jpg,NiCT,train
NiCT/NiCT1234.jpg,NiCT,train
NiCT/NiCT1235.jpg,NiCT,train
NiCT/NiCT1251.jpg,NiCT,train
NiCT/NiCT1253.jpg,NiCT,train
NiCT/NiCT1254.jpg,NiCT,train
NiCT/NiCT1256.jpg,NiCT,train
NiCT/NiCT1271.jpg,NiCT,train
NiCT/NiCT1273.jpg,NiCT,train
NiCT/NiCT1274.jpg,NiCT,train
NiCT/NiCT1275.jpg,NiCT,train
NiCT/NiCT1291.jpg,NiCT,train
NiCT/NiCT1293.jpg,NiCT,train
NiCT/NiCT1294.jpg,NiCT,train
NiCT/NiCT1296.jpg,NiCT,train
NiCT/NiCT1311.jpg,NiCT,train
NiCT/NiCT1313.jpg,NiCT,train
NiCT/NiCT1328.jpg,NiCT,train
NiCT/NiCT1330.jpg,NiCT,train
NiCT/NiCT1344.jpg,NiCT,train
NiCT/NiCT1346.jpg,NiCT,train
NiCT/NiCT1361.jpg,NiCT,train
NiCT/NiCT1375.jpg,NiCT,train
NiCT/NiCT1388.jpg,NiCT,train
NiCT/NiCT1401.jpg,NiCT,train
NiCT/NiCT1414.jpg,NiCT,train
NiCT/NiCT1427.jpg,NiCT,train
NiCT/NiCT1440.jpg,NiCT,train
NiCT/NiCT1451.jpg,NiCT,train
NiCT/NiCT1453.jpg,NiCT,train
NiCT/NiCT1468.jpg,NiCT,train
NiCT/NiCT1474.jpg,NiCT,train
NiCT/NiCT1475.jpg,NiCT,train
NiCT/NiCT1481.jpg,NiCT,train
NiCT/NiCT1482.jpg,NiCT,train
NiCT/NiCT1487.jpg,NiCT,train
NiCT/NiCT1488.jpg,NiCT,train
NiCT/NiCT1492.jpg,NiCT,train
NiCT/NiCT1493.jpg,NiCT,train
NiCT/NiCT1497.jpg,NiCT,train
NiCT/NiCT1498.jpg,NiCT,train
NiCT/NiCT1502.jpg,NiCT,train
NiCT/NiCT1503.jpg,NiCT,train
NiCT/NiCT1507.jpg,NiCT,train
NiCT/NiCT1508.jpg,NiCT,train
NiCT/NiCT1511.jpg,NiCT,train
NiCT/NiCT1512.jpg,NiCT,train
NiCT/NiCT1515.jpg,NiCT,train
NiCT/NiCT1516.jpg,NiCT,train
NiCT/NiCT1519.jpg,NiCT,train
NiCT/NiCT1522.jpg,NiCT,train
NiCT/NiCT1585.jpg,NiCT,train
NiCT/NiCT1589.jpg,NiCT,train
NiCT/NiCT1591.jpg,NiCT,train
NiCT/NiCT1594.jpg,NiCT,train
NiCT/NiCT1596.jpg,NiCT,train
NiCT/NiCT1599.jpg,NiCT,train
NiCT/NiCT1601.jpg,NiCT,train
NiCT/NiCT1604.jpg,NiCT,train
NiCT/NiCT1606.jpg,NiCT,train
NiCT/NiCT1609.jpg,NiCT,train
NiCT/NiCT1611.jpg,NiCT,train
NiCT/NiCT1614.jpg,NiCT,train
NiCT/NiCT1616.jpg,NiCT,train
NiCT/NiCT1619.jpg,NiCT,train
NiCT/NiCT1621.jpg,NiCT,train
NiCT/NiCT1624.jpg,NiCT,train
NiCT/NiCT1626.jpg,NiCT,train
NiCT/NiCT1629.jpg,NiCT,train
NiCT/NiCT1631.jpg,NiCT,train
NiCT/NiCT1634.jpg,NiCT,train
NiCT/NiCT1636.jpg,NiCT,train
NiCT/NiCT1639.jpg,NiCT,train
NiCT/NiCT1641.jpg,NiCT,train
NiCT/NiCT1644.jpg,NiCT,train
NiCT/NiCT1646.jpg,NiCT,train
NiCT/NiCT1649.jpg,NiCT,train
NiCT/NiCT1650.jpg,NiCT,train
NiCT/NiCT1652.jpg,NiCT,train
NiCT/NiCT1655.jpg,NiCT,train
NiCT/NiCT1656.jpg,NiCT,train
NiCT/NiCT1657.jpg,NiCT,train
NiCT/NiCT1660.jpg,NiCT,train
NiCT/NiCT1663.jpg,NiCT,train
NiCT/NiCT1664.jpg,NiCT,train
NiCT/NiCT1665.jpg,NiCT,train
NiCT/NiCT1667.jpg,NiCT,train
NiCT/NiCT1668.jpg,NiCT,train
NiCT/NiCT1669.jpg,NiCT,train
NiCT/NiCT1672.jpg,NiCT,train
NiCT/NiCT1674.jpg,NiCT,train
NiCT/NiCT1675.jpg,NiCT,train
NiCT/NiCT1676.jpg,NiCT,train
NiCT/NiCT1679.jpg,NiCT,train
NiCT/NiCT1681.jpg,NiCT,train
NiCT/NiCT1682.jpg,NiCT,train
NiCT/NiCT1683.jpg,NiCT,train
NiCT/NiCT1684.jpg,NiCT,train
NiCT/NiCT1687.jpg,NiCT,train
NiCT/NiCT1689.jpg,NiCT,train
NiCT/NiCT1690.jpg,NiCT,train
NiCT/NiCT1691.jpg,NiCT,train
NiCT/NiCT1692.jpg,NiCT,train
NiCT/NiCT1693.jpg,NiCT,train
NiCT/NiCT1696.jpg,NiCT,train
NiCT/NiCT1698.jpg,NiCT,train
NiCT/NiCT1699.jpg,NiCT,train
NiCT/NiCT1700.jpg,NiCT,train
NiCT/NiCT1701.jpg,NiCT,train
NiCT/NiCT1704.jpg,NiCT,train
NiCT/NiCT1705.jpg,NiCT,train
NiCT/NiCT1706.jpg,NiCT,train
NiCT/NiCT1707.jpg,NiCT,train
NiCT/NiCT1708.jpg,NiCT,train
NiCT/NiCT1711.jpg,NiCT,train
NiCT/NiCT1712.jpg,NiCT,train
NiCT/NiCT1713.jpg,NiCT,train
NiCT/NiCT1714.jpg,NiCT,train
NiCT/NiCT1715.jpg,NiCT,train
NiCT/NiCT1716.jpg,NiCT,train
NiCT/NiCT1719.jpg,NiCT,train
NiCT/NiCT1720.jpg,NiCT,train
NiCT/NiCT1721.jpg,NiCT,train
NiCT/NiCT1722.jpg,NiCT,train
NiCT/NiCT1723.jpg,NiCT,train
NiCT/NiCT1724.jpg,NiCT,train
NiCT/NiCT1728.jpg,NiCT,train
NiCT/NiCT1729.jpg,NiCT,train
NiCT/NiCT1730.jpg,NiCT,train
NiCT/NiCT1731.jpg,NiCT,train
NiCT/NiCT1732.jpg,NiCT,train
NiCT/NiCT1733.jpg,NiCT,train
NiCT/NiCT1737.jpg,NiCT,train
NiCT/NiCT1738.jpg,NiCT,train
NiCT/NiCT1739.jpg,NiCT,train
NiCT/NiCT1740.jpg,NiCT,train
NiCT/NiCT1741.jpg,NiCT,train
NiCT/NiCT1742.jpg,NiCT,train
NiCT/NiCT1746.jpg,NiCT,train
NiCT/NiCT1747.jpg,NiCT,train
NiCT/NiCT1748.jpg,NiCT,train
NiCT/NiCT1749.jpg,NiCT,train
NiCT/NiCT1750.jpg,NiCT,train
NiCT/NiCT1751.jpg,NiCT,train
NiCT/NiCT1755.jpg,NiCT,train
NiCT/NiCT1756.jpg,NiCT,train
NiCT/NiCT1757.jpg,NiCT,train
NiCT/NiCT1758.jpg,NiCT,train
NiCT/NiCT1759.jpg,NiCT,train
NiCT/NiCT1760.jpg,NiCT,train
NiCT/NiCT1764.jpg,NiCT,train
NiCT/NiCT1765.jpg,NiCT,train
NiCT/NiCT1766.jpg,NiCT,train
NiCT/NiCT1767.jpg,NiCT,train
NiCT/NiCT1768.jpg,NiCT,train
NiCT/NiCT1769.jpg,NiCT,train
NiCT/NiCT1772.jpg,NiCT,train
NiCT/NiCT1773.jpg,NiCT,train
NiCT/NiCT1774.jpg,NiCT,train
NiCT/NiCT1775.jpg,NiCT,train
NiCT/NiCT1776.jpg,NiCT,train
NiCT/NiCT1777.jpg,NiCT,train
NiCT/NiCT1780.jpg,NiCT,train
NiCT/NiCT1781.jpg,NiCT,train
NiCT/NiCT1782.jpg,NiCT,train
NiCT/NiCT1783.jpg,NiCT,train
NiCT/NiCT1784.jpg,NiCT,train
NiCT/NiCT1785.jpg,NiCT,train
NiCT/NiCT1789.jpg,NiCT,train
NiCT/NiCT1790.jpg,NiCT,train
NiCT/NiCT1791.jpg,NiCT,train
NiCT/NiCT1792.jpg,NiCT,train
NiCT/NiCT1793.jpg,NiCT,train
NiCT/NiCT1794.jpg,NiCT,train
NiCT/NiCT1798.jpg,NiCT,train
NiCT/NiCT1799.jpg,NiCT,train
NiCT/NiCT1800.jpg,NiCT,train
NiCT/NiCT1801.jpg,NiCT,train
NiCT/NiCT1802.jpg,NiCT,train
NiCT/NiCT1803.jpg,NiCT,train
NiCT/NiCT1807.jpg,NiCT,train
NiCT/NiCT1808.jpg,NiCT,train
NiCT/NiCT1809.jpg,NiCT,train
NiCT/NiCT1810.jpg,NiCT,train
NiCT/NiCT1811.jpg,NiCT,train
NiCT/NiCT1812.jpg,NiCT,train
NiCT/NiCT1816.jpg,NiCT,train
NiCT/NiCT1817.jpg,NiCT,train
NiCT/NiCT1818.jpg,NiCT,train
NiCT/NiCT1819.jpg,NiCT,train
NiCT/NiCT1820.jpg,NiCT,train
NiCT/NiCT1821.jpg,NiCT,train
NiCT/NiCT1825.jpg,NiCT,train
NiCT/NiCT1826.jpg,NiCT,train
NiCT/NiCT1827.jpg,NiCT,train
NiCT/NiCT1828.jpg,NiCT,train
NiCT/NiCT1829.jpg,NiCT,train
NiCT/NiCT1830.jpg,NiCT,train
NiCT/NiCT1834.jpg,NiCT,train
NiCT/NiCT1835.jpg,NiCT,train
NiCT/NiCT1836.jpg,NiCT,train
NiCT/NiCT1837.jpg,NiCT,train
NiCT/NiCT1838.jpg,NiCT,train
NiCT/NiCT1839.jpg,NiCT,train
NiCT/NiCT1843.jpg,NiCT,train
NiCT/NiCT1844.jpg,NiCT,train
NiCT/NiCT1845.jpg,NiCT,train
NiCT/NiCT1846.jpg,NiCT,train
NiCT/NiCT1847.jpg,NiCT,train
NiCT/NiCT1848.jpg,NiCT,train
NiCT/NiCT1852.jpg,NiCT,train
NiCT/NiCT1853.jpg,NiCT,train
NiCT/NiCT1854.jpg,NiCT,train
NiCT/NiCT1855.jpg,NiCT,train
NiCT/NiCT1856.jpg,NiCT,train
NiCT/NiCT1857.jpg,NiCT,train
NiCT/NiCT1861.jpg,NiCT,train
NiCT/NiCT1862.jpg,NiCT,train
NiCT/NiCT1863.jpg,NiCT,train
NiCT/NiCT1864.jpg,NiCT,train
NiCT/NiCT1865.jpg,NiCT,train
NiCT/NiCT1866.jpg,NiCT,train
NiCT/NiCT1870.jpg,NiCT,train
NiCT/NiCT1871.jpg,NiCT,train
NiCT/NiCT1872.jpg,NiCT,train
NiCT/NiCT1873.jpg,NiCT,train
NiCT/NiCT1874.jpg,NiCT,train
NiCT/NiCT1875.jpg,NiCT,train
NiCT/NiCT1879.jpg,NiCT,train
NiCT/NiCT1880.jpg,NiCT,train
NiCT/NiCT1881.jpg,NiCT,train
NiCT/NiCT1882.jpg,NiCT,train
NiCT/NiCT1883.jpg,NiCT,train
NiCT/NiCT1884.jpg,NiCT,train
NiCT/NiCT1888.jpg,NiCT,train
NiCT/NiCT1889.jpg,NiCT,train
NiCT/NiCT1890.jpg,NiCT,train
NiCT/NiCT1891.jpg,NiCT,train
NiCT/NiCT1892.jpg,NiCT,train
NiCT/NiCT1893.jpg,NiCT,train
NiCT/NiCT1897.jpg,NiCT,train
NiCT/NiCT1898.jpg,NiCT,train
NiCT/NiCT1899.jpg,NiCT,train
NiCT/NiCT1900.jpg,NiCT,train
NiCT/NiCT1901.jpg,NiCT,train
NiCT/NiCT1902.jpg,NiCT,train
NiCT/NiCT1906.jpg,NiCT,train
NiCT/NiCT1908.jpg,NiCT,train
NiCT/NiCT1909.jpg,NiCT,train
NiCT/NiCT1910.jpg,NiCT,train
NiCT/NiCT1911.jpg,NiCT,train
NiCT/NiCT1912.jpg,NiCT,train
NiCT/NiCT1913.jpg,NiCT,train
NiCT/NiCT1917.jpg,NiCT,train
NiCT/NiCT1918.jpg,NiCT,train
NiCT/NiCT1919.jpg,NiCT,train
NiCT/NiCT1920.jpg,NiCT,train
NiCT/NiCT1921.jpg,NiCT,train
NiCT/NiCT1925.jpg,NiCT,train
NiCT/NiCT1926.jpg,NiCT,train
NiCT/NiCT1927.jpg,NiCT,train
NiCT/NiCT1928.jpg,NiCT,train
NiCT/NiCT1929.jpg,NiCT,train
NiCT/NiCT1930.jpg,NiCT,train
NiCT/NiCT1934.jpg,NiCT,train
NiCT/NiCT1935.jpg,NiCT,train
NiCT/NiCT1936.jpg,NiCT,train
NiCT/NiCT1937.jpg,NiCT,train
NiCT/NiCT1938.jpg,NiCT,train
NiCT/NiCT1.jpg,NiCT,train
NiCT/NiCT2.jpg,NiCT,train
NiCT/NiCT3.jpg,NiCT,train
NiCT/NiCT4.jpg,NiCT,train
NiCT/NiCT5.jpg,NiCT,train
NiCT/NiCT6.jpg,NiCT,train
NiCT/NiCT7.jpg,NiCT,train
NiCT/NiCT8.jpg,NiCT,train
NiCT/NiCT10.jpg,NiCT,train
NiCT/NiCT11.jpg,NiCT,train
NiCT/NiCT14.jpg,NiCT,train
NiCT/NiCT21.jpg,NiCT,train
NiCT/NiCT22.jpg,NiCT,train
NiCT/NiCT23.jpg,NiCT,train
NiCT/NiCT24.jpg,NiCT,train
NiCT/NiCT25.jpg,NiCT,train
NiCT/NiCT26.jpg,NiCT,train
NiCT/NiCT27.jpg,NiCT,train
NiCT/NiCT28.jpg,NiCT,train
NiCT/NiCT29.jpg,NiCT,train
NiCT/NiCT30.jpg,NiCT,train
NiCT/NiCT31.jpg,NiCT,train
NiCT/NiCT32.jpg,NiCT,train
NiCT/NiCT33.jpg,NiCT,train
NiCT/NiCT34.jpg,NiCT,train
NiCT/NiCT35.jpg,NiCT,train
NiCT/NiCT36.jpg,NiCT,train
NiCT/NiCT37.jpg,NiCT,train
NiCT/NiCT38.jpg,NiCT,train
NiCT/NiCT39.jpg,NiCT,train
NiCT/NiCT40.jpg,NiCT,train
NiCT/NiCT41.jpg,NiCT,train
NiCT/NiCT43.jpg,NiCT,train
NiCT/NiCT44.jpg,NiCT,train
NiCT/NiCT47.jpg,NiCT,train
NiCT/NiCT54.jpg,NiCT,train
NiCT/NiCT55.jpg,NiCT,train
NiCT/NiCT56.jpg,NiCT,train
NiCT/NiCT57.jpg,NiCT,train
NiCT/NiCT58.jpg,NiCT,train
NiCT/NiCT59.jpg,NiCT,train
NiCT/NiCT60.jpg,NiCT,train
NiCT/NiCT61.jpg,NiCT,train
NiCT/NiCT62.jpg,NiCT,train
NiCT/NiCT63.jpg,NiCT,train
NiCT/NiCT64.jpg,NiCT,train
NiCT/NiCT65.jpg,NiCT,train
NiCT/NiCT66.jpg,NiCT,train
NiCT/NiCT67.jpg,NiCT,train
NiCT/NiCT68.jpg,NiCT,train
NiCT/NiCT69.jpg,NiCT,train
NiCT/NiCT70.jpg,NiCT,train
NiCT/NiCT71.jpg,NiCT,train
NiCT/NiCT72.jpg,NiCT,train
NiCT/NiCT73.jpg,NiCT,train
NiCT/NiCT74.jpg,NiCT,train
NiCT/NiCT76.jpg,NiCT,train
NiCT/NiCT77.jpg,NiCT,train
NiCT/NiCT80.jpg,NiCT,train
NiCT/NiCT87.jpg,NiCT,train
NiCT/NiCT88.jpg,NiCT,train
NiCT/NiCT89.jpg,NiCT,train
NiCT/NiCT90.jpg,NiCT,train
NiCT/NiCT91.jpg,NiCT,train
NiCT/NiCT92.jpg,NiCT,train
NiCT/NiCT93.jpg,NiCT,train
NiCT/NiCT94.jpg,NiCT,train
NiCT/NiCT95.jpg,NiCT,train
NiCT/NiCT96.jpg,NiCT,train
NiCT/NiCT97.jpg,NiCT,train
NiCT/NiCT98.jpg,NiCT,train
NiCT/NiCT99.jpg,NiCT,train
NiCT/NiCT100.jpg,NiCT,train
NiCT/NiCT101.jpg,NiCT,train
NiCT/NiCT102.jpg,NiCT,train
NiCT/NiCT103.jpg,NiCT,train
NiCT/NiCT104.jpg,NiCT,train
NiCT/NiCT105.jpg,NiCT,train
NiCT/NiCT106.jpg,NiCT,train
NiCT/NiCT107.jpg,NiCT,train
NiCT/NiCT109.jpg,NiCT,train
NiCT/NiCT110.jpg,NiCT,train
NiCT/NiCT113.jpg,NiCT,train
NiCT/NiCT120.jpg,NiCT,train
NiCT/NiCT121.jpg,NiCT,train
NiCT/NiCT122.jpg,NiCT,train
NiCT/NiCT123.jpg,NiCT,train
NiCT/NiCT124.jpg,NiCT,train
NiCT/NiCT125.jpg,NiCT,train
NiCT/NiCT126.jpg,NiCT,train
NiCT/NiCT127.jpg,NiCT,train
NiCT/NiCT128.jpg,NiCT,train
NiCT/NiCT129.jpg,NiCT,train
NiCT/NiCT130.jpg,NiCT,train
NiCT/NiCT131.jpg,NiCT,train
NiCT/NiCT132.jpg,NiCT,train
NiCT/NiCT133.jpg,NiCT,train
NiCT/NiCT134.jpg,NiCT,train
NiCT/NiCT135.jpg,NiCT,train
NiCT/NiCT136.jpg,NiCT,train
NiCT/NiCT137.jpg,NiCT,train
NiCT/NiCT138.jpg,NiCT,train
NiCT/NiCT139.jpg,NiCT,train
NiCT/NiCT140.jpg,NiCT,train
NiCT/NiCT142.jpg,NiCT,train
NiCT/NiCT143.jpg,NiCT,train
NiCT/NiCT146.jpg,NiCT,train
NiCT/NiCT153.jpg,NiCT,train
NiCT/NiCT154.jpg,NiCT,train
NiCT/NiCT155.jpg,NiCT,train
NiCT/NiCT156.jpg,NiCT,train
NiCT/NiCT157.jpg,NiCT,train
NiCT/NiCT158.jpg,NiCT,train
NiCT/NiCT159.jpg,NiCT,train
NiCT/NiCT160.jpg,NiCT,train
NiCT/NiCT161.jpg,NiCT,train
NiCT/NiCT162.jpg,NiCT,train
NiCT/NiCT163.jpg,NiCT,train
NiCT/NiCT164.jpg,NiCT,train
NiCT/NiCT165.jpg,NiCT,train
NiCT/NiCT166.jpg,NiCT,train
NiCT/NiCT167.jpg,NiCT,train
NiCT/NiCT168.jpg,NiCT,train
NiCT/NiCT169.jpg,NiCT,train
NiCT/NiCT170.jpg,NiCT,train
NiCT/NiCT171.jpg,NiCT,train
NiCT/NiCT172.jpg,NiCT,train
NiCT/NiCT173.jpg,NiCT,train
NiCT/NiCT175.jpg,NiCT,train
NiCT/NiCT176.jpg,NiCT,train
NiCT/NiCT179.jpg,NiCT,train
NiCT/NiCT186.jpg,NiCT,train
NiCT/NiCT187.jpg,NiCT,train
NiCT/NiCT188.jpg,NiCT,train
NiCT/NiCT189.jpg,NiCT,train
NiCT/NiCT190.jpg,NiCT,train
NiCT/NiCT191.jpg,NiCT,train
NiCT/NiCT192.jpg,NiCT,train
NiCT/NiCT193.jpg,NiCT,train
NiCT/NiCT194.jpg,NiCT,train
NiCT/NiCT195.jpg,NiCT,train
NiCT/NiCT196.jpg,NiCT,train
NiCT/NiCT197.jpg,NiCT,train
NiCT/NiCT198.jpg,NiCT,train
NiCT/NiCT199.jpg,NiCT,train
NiCT/NiCT200.jpg,NiCT,train
NiCT/NiCT201.jpg,NiCT,train
NiCT/NiCT202.jpg,NiCT,train
NiCT/NiCT203.jpg,NiCT,train
NiCT/NiCT204.jpg,NiCT,train
NiCT/NiCT205.jpg,NiCT,train
NiCT/NiCT206.jpg,NiCT,train
NiCT/NiCT208.jpg,NiCT,train
NiCT/NiCT209.jpg,NiCT,train
NiCT/NiCT212.jpg,NiCT,train
NiCT/NiCT219.jpg,NiCT,train
NiCT/NiCT220.jpg,NiCT,train
NiCT/NiCT221.jpg,NiCT,train
NiCT/NiCT222.jpg,NiCT,train
NiCT/NiCT223.jpg,NiCT,train
NiCT/NiCT224.jpg,NiCT,train
NiCT/NiCT225.jpg,NiCT,train
NiCT/NiCT226.jpg,NiCT,train
NiCT/NiCT227.jpg,NiCT,train
NiCT/NiCT228.jpg,NiCT,train
NiCT/NiCT229.jpg,NiCT,train
NiCT/NiCT230.jpg,NiCT,train
NiCT/NiCT231.jpg,NiCT,train
NiCT/NiCT232.jpg,NiCT,train
NiCT/NiCT233.jpg,NiCT,train
NiCT/NiCT234.jpg,NiCT,train
NiCT/NiCT235.jpg,NiCT,train
NiCT/NiCT236.jpg,NiCT,train
NiCT/NiCT237.jpg,NiCT,train
NiCT/NiCT238.jpg,NiCT,train
NiCT/NiCT239.jpg,NiCT,train
NiCT/NiCT241.jpg,NiCT,train
NiCT/NiCT242.jpg,NiCT,train
NiCT/NiCT245.jpg,NiCT,train
NiCT/NiCT252.jpg,NiCT,train
NiCT/NiCT253.jpg,NiCT,train
NiCT/NiCT254.jpg,NiCT,train
NiCT/NiCT255.jpg,NiCT,train
NiCT/NiCT256.jpg,NiCT,train
NiCT/NiCT257.jpg,NiCT,train
NiCT/NiCT258.jpg,NiCT,train
NiCT/NiCT259.jpg,NiCT,train
NiCT/NiCT260.jpg,NiCT,train
NiCT/NiCT261.jpg,NiCT,train
NiCT/NiCT262.jpg,NiCT,train
NiCT/NiCT263.jpg,NiCT,train
NiCT/NiCT264.jpg,NiCT,train
NiCT/NiCT265.jpg,NiCT,train
NiCT/NiCT266.jpg,NiCT,train
NiCT/NiCT267.jpg,NiCT,train
NiCT/NiCT268.jpg,NiCT,train
NiCT/NiCT269.jpg,NiCT,train
NiCT/NiCT270.jpg,NiCT,train
NiCT/NiCT271.jpg,NiCT,train
NiCT/NiCT272.jpg,NiCT,train
NiCT/NiCT274.jpg,NiCT,train
NiCT/NiCT275.jpg,NiCT,train
NiCT/NiCT278.jpg,NiCT,train
NiCT/NiCT285.jpg,NiCT,train
NiCT/NiCT286.jpg,NiCT,train
NiCT/NiCT287.jpg,NiCT,train
NiCT/NiCT288.jpg,NiCT,train
NiCT/NiCT289.jpg,NiCT,train
NiCT/NiCT290.jpg,NiCT,train
NiCT/NiCT291.jpg,NiCT,train
NiCT/NiCT292.jpg,NiCT,train
NiCT/NiCT293.jpg,NiCT,train
NiCT/NiCT294.jpg,NiCT,train
NiCT/NiCT295.jpg,NiCT,train
NiCT/NiCT296.jpg,NiCT,train
NiCT/NiCT297.jpg,NiCT,train
NiCT/NiCT298.jpg,NiCT,train
NiCT/NiCT299.jpg,NiCT,train
NiCT/NiCT300.jpg,NiCT,train
NiCT/NiCT301.jpg,NiCT,train
NiCT/NiCT302.jpg,NiCT,train
NiCT/NiCT303.jpg,NiCT,train
NiCT/NiCT304.jpg,NiCT,train
NiCT/NiCT305.jpg,NiCT,train
NiCT/NiCT307.jpg,NiCT,train
NiCT/NiCT308.jpg,NiCT,train
NiCT/NiCT311.jpg,NiCT,train
NiCT/NiCT318.jpg,NiCT,train
NiCT/NiCT319.jpg,NiCT,train
NiCT/NiCT320.jpg,NiCT,train
NiCT/NiCT321.jpg,NiCT,train
NiCT/NiCT322.jpg,NiCT,train
NiCT/NiCT323.jpg,NiCT,train
NiCT/NiCT324.jpg,NiCT,train
NiCT/NiCT325.jpg,NiCT,train
NiCT/NiCT326.jpg,NiCT,train
NiCT/NiCT327.jpg,NiCT,train
NiCT/NiCT328.jpg,NiCT,train
NiCT/NiCT329.jpg,NiCT,train
NiCT/NiCT330.jpg,NiCT,train
NiCT/NiCT331.jpg,NiCT,train
NiCT/NiCT332.jpg,NiCT,train
NiCT/NiCT333.jpg,NiCT,train
NiCT/NiCT334.jpg,NiCT,train
NiCT/NiCT335.jpg,NiCT,train
NiCT/NiCT336.jpg,NiCT,train
NiCT/NiCT337.jpg,NiCT,train
NiCT/NiCT338.jpg,NiCT,train
NiCT/NiCT340.jpg,NiCT,train
NiCT/NiCT341.jpg,NiCT,train
NiCT/NiCT344.jpg,NiCT,train
NiCT/NiCT350.jpg,NiCT,train
NiCT/NiCT351.jpg,NiCT,train
NiCT/NiCT352.jpg,NiCT,train
NiCT/NiCT353.jpg,NiCT,train
NiCT/NiCT354.jpg,NiCT,train
NiCT/NiCT355.jpg,NiCT,train
NiCT/NiCT356.jpg,NiCT,train
NiCT/NiCT357.jpg,NiCT,train
NiCT/NiCT358.jpg,NiCT,train
NiCT/NiCT359.jpg,NiCT,train
NiCT/NiCT360.jpg,NiCT,train
NiCT/NiCT361.jpg,NiCT,train
NiCT/NiCT362.jpg,NiCT,train
NiCT/NiCT363.jpg,NiCT,train
NiCT/NiCT364.jpg,NiCT,train
NiCT/NiCT365.jpg,NiCT,train
NiCT/NiCT366.jpg,NiCT,train
NiCT/NiCT367.jpg,NiCT,train
NiCT/NiCT368.jpg,NiCT,train
NiCT/NiCT369.jpg,NiCT,train
NiCT/NiCT370.jpg,NiCT,train
NiCT/NiCT372.jpg,NiCT,train
NiCT/NiCT373.jpg,NiCT,train
NiCT/NiCT376.jpg,NiCT,train
NiCT/NiCT382.jpg,NiCT,train
NiCT/NiCT383.jpg,NiCT,train
NiCT/NiCT384.jpg,NiCT,train
NiCT/NiCT385.jpg,NiCT,train
NiCT/NiCT386.jpg,NiCT,train
NiCT/NiCT387.jpg,NiCT,train
NiCT/NiCT388.jpg,NiCT,train
NiCT/NiCT389.jpg,NiCT,train
NiCT/NiCT390.jpg,NiCT,train
NiCT/NiCT391.jpg,NiCT,train
NiCT/NiCT392.jpg,NiCT,train
NiCT/NiCT393.jpg,NiCT,train
NiCT/NiCT394.jpg,NiCT,train
NiCT/NiCT395.jpg,NiCT,train
NiCT/NiCT396.jpg,NiCT,train
NiCT/NiCT397.jpg,NiCT,train
NiCT/NiCT398.jpg,NiCT,train
NiCT/NiCT399.jpg,NiCT,train
NiCT/NiCT400.jpg,NiCT,train
NiCT/NiCT401.jpg,NiCT,train
NiCT/NiCT402.jpg,NiCT,train
NiCT/NiCT404.jpg,NiCT,train
NiCT/NiCT405.jpg,NiCT,train
NiCT/NiCT408.jpg,NiCT,train
NiCT/NiCT414.jpg,NiCT,train
NiCT/NiCT415.jpg,NiCT,train
NiCT/NiCT416.jpg,NiCT,train
NiCT/NiCT417.jpg,NiCT,train
NiCT/NiCT418.jpg,NiCT,train
NiCT/NiCT419.jpg,NiCT,train
NiCT/NiCT420.jpg,NiCT,train
NiCT/NiCT421.jpg,NiCT,train
NiCT/NiCT422.jpg,NiCT,train
NiCT/NiCT423.jpg,NiCT,train
NiCT/NiCT424.jpg,NiCT,train
NiCT/NiCT425.jpg,NiCT,train
NiCT/NiCT426.jpg,NiCT,train
NiCT/NiCT427.jpg,NiCT,train
NiCT/NiCT428.jpg,NiCT,train
NiCT/NiCT429.jpg,NiCT,train
NiCT/NiCT430.jpg,NiCT,train
NiCT/NiCT431.jpg,NiCT,train
NiCT/NiCT432.jpg,NiCT,train
NiCT/NiCT433.jpg,NiCT,train
NiCT/NiCT434.jpg,NiCT,train
NiCT/NiCT436.jpg,NiCT,train
NiCT/NiCT437.jpg,NiCT,train
NiCT/NiCT439.jpg,NiCT,train
NiCT/NiCT445.jpg,NiCT,train
NiCT/NiCT446.jpg,NiCT,train
NiCT/NiCT447.jpg,NiCT,train
NiCT/NiCT448.jpg,NiCT,train
NiCT/NiCT449.jpg,NiCT,train
NiCT/NiCT450.jpg,NiCT,train
NiCT/NiCT451.jpg,NiCT,train
NiCT/NiCT452.jpg,NiCT,train
NiCT/NiCT453.jpg,NiCT,train
NiCT/NiCT454.jpg,NiCT,train
NiCT/NiCT455.jpg,NiCT,train
NiCT/NiCT456.jpg,NiCT,train
NiCT/NiCT457.jpg,NiCT,train
NiCT/NiCT458.jpg,NiCT,train
NiCT/NiCT459.jpg,NiCT,train
NiCT/NiCT460.jpg,NiCT,train
NiCT/NiCT461.jpg,NiCT,train
NiCT/NiCT462.jpg,NiCT,train
NiCT/NiCT463.jpg,NiCT,train
NiCT/NiCT464.jpg,NiCT,train
NiCT/NiCT465.jpg,NiCT,train
NiCT/NiCT467.jpg,NiCT,train
NiCT/NiCT468.jpg,NiCT,train
NiCT/NiCT470.jpg,NiCT,train
NiCT/NiCT476.jpg,NiCT,train
NiCT/NiCT477.jpg,NiCT,train
NiCT/NiCT478.jpg,NiCT,train
NiCT/NiCT479.jpg,NiCT,train
NiCT/NiCT480.jpg,NiCT,train
NiCT/NiCT481.jpg,NiCT,train
NiCT/NiCT482.jpg,NiCT,train
NiCT/NiCT483.jpg,NiCT,train
NiCT/NiCT484.jpg,NiCT,train
NiCT/NiCT485.jpg,NiCT,train
NiCT/NiCT486.jpg,NiCT,train
NiCT/NiCT487.jpg,NiCT,train
NiCT/NiCT488.jpg,NiCT,train
NiCT/NiCT489.jpg,NiCT,train
NiCT/NiCT490.jpg,NiCT,train
NiCT/NiCT491.jpg,NiCT,train
NiCT/NiCT492.jpg,NiCT,train
NiCT/NiCT493.jpg,NiCT,train
NiCT/NiCT494.jpg,NiCT,train
NiCT/NiCT495.jpg,NiCT,train
NiCT/NiCT496.jpg,NiCT,train
NiCT/NiCT498.jpg,NiCT,train
NiCT/NiCT499.jpg,NiCT,train
NiCT/NiCT501.jpg,NiCT,train
NiCT/NiCT507.jpg,NiCT,train
NiCT/NiCT508.jpg,NiCT,train
NiCT/NiCT509.jpg,NiCT,train
NiCT/NiCT510.jpg,NiCT,train
NiCT/NiCT511.jpg,NiCT,train
NiCT/NiCT512.jpg,NiCT,train
NiCT/NiCT513.jpg,NiCT,train
NiCT/NiCT514.jpg,NiCT,train
NiCT/NiCT515.jpg,NiCT,train
NiCT/NiCT516.jpg,NiCT,train
NiCT/NiCT517.jpg,NiCT,train
NiCT/NiCT518.jpg,NiCT,train
NiCT/NiCT519.jpg,NiCT,train
NiCT/NiCT520.jpg,NiCT,train
NiCT/NiCT521.jpg,NiCT,train
NiCT/NiCT522.jpg,NiCT,train
NiCT/NiCT523.jpg,NiCT,train
NiCT/NiCT524.jpg,NiCT,train
NiCT/NiCT525.jpg,NiCT,train
NiCT/NiCT526.jpg,NiCT,train
NiCT/NiCT527.jpg,NiCT,train
NiCT/NiCT529.jpg,NiCT,train
NiCT/NiCT530.jpg,NiCT,train
NiCT/NiCT532.jpg,NiCT,train
NiCT/NiCT538.jpg,NiCT,train
NiCT/NiCT539.jpg,NiCT,train
NiCT/NiCT540.jpg,NiCT,train
NiCT/NiCT541.jpg,NiCT,train
NiCT/NiCT542.jpg,NiCT,train
NiCT/NiCT543.jpg,NiCT,train
NiCT/NiCT544.jpg,NiCT,train
NiCT/NiCT545.jpg,NiCT,train
NiCT/NiCT546.jpg,NiCT,train
NiCT/NiCT547.jpg,NiCT,train
NiCT/NiCT548.jpg,NiCT,train
NiCT/NiCT549.jpg,NiCT,train
NiCT/NiCT550.jpg,NiCT,train
NiCT/NiCT551.jpg,NiCT,train
NiCT/NiCT552.jpg,NiCT,train
NiCT/NiCT553.jpg,NiCT,train
NiCT/NiCT554.jpg,NiCT,train
NiCT/NiCT555.jpg,NiCT,train
NiCT/NiCT556.jpg,NiCT,train
NiCT/NiCT557.jpg,NiCT,train
NiCT/NiCT558.jpg,NiCT,train
NiCT/NiCT560.jpg,NiCT,train
NiCT/NiCT561.jpg,NiCT,train
NiCT/NiCT563.jpg,NiCT,train
NiCT/NiCT569.jpg,NiCT,train
NiCT/NiCT570.jpg,NiCT,train
NiCT/NiCT571.jpg,NiCT,train
NiCT/NiCT572.jpg,NiCT,train
NiCT/NiCT573.jpg,NiCT,train
NiCT/NiCT574.jpg,NiCT,train
NiCT/NiCT575.jpg,NiCT,train
NiCT/NiCT576.jpg,NiCT,train
NiCT/NiCT577.jpg,NiCT,train
NiCT/NiCT578.jpg,NiCT,train
NiCT/NiCT579.jpg,NiCT,train
NiCT/NiCT580.jpg,NiCT,train
NiCT/NiCT581.jpg,NiCT,train
NiCT/NiCT582.jpg,NiCT,train
NiCT/NiCT583.jpg,NiCT,train
NiCT/NiCT584.jpg,NiCT,train
NiCT/NiCT585.jpg,NiCT,train
NiCT/NiCT586.jpg,NiCT,train
NiCT/NiCT587.jpg,NiCT,train
NiCT/NiCT588.jpg,NiCT,train
NiCT/NiCT589.jpg,NiCT,train
NiCT/NiCT591.jpg,NiCT,train
NiCT/NiCT592.jpg,NiCT,train
NiCT/NiCT594.jpg,NiCT,train
NiCT/NiCT600.jpg,NiCT,train
NiCT/NiCT601.jpg,NiCT,train
NiCT/NiCT602.jpg,NiCT,train
NiCT/NiCT603.jpg,NiCT,train
NiCT/NiCT604.jpg,NiCT,train
NiCT/NiCT605.jpg,NiCT,train
NiCT/NiCT606.jpg,NiCT,train
NiCT/NiCT607.jpg,NiCT,train
NiCT/NiCT608.jpg,NiCT,train
NiCT/NiCT609.jpg,NiCT,train
NiCT/NiCT610.jpg,NiCT,train
NiCT/NiCT611.jpg,NiCT,train
NiCT/NiCT612.jpg,NiCT,train
NiCT/NiCT613.jpg,NiCT,train
NiCT/NiCT614.jpg,NiCT,train
NiCT/NiCT615.jpg,NiCT,train
NiCT/NiCT616.jpg,NiCT,train
NiCT/NiCT617.jpg,NiCT,train
NiCT/NiCT618.jpg,NiCT,train
NiCT/NiCT619.jpg,NiCT,train
NiCT/NiCT620.jpg,NiCT,train
NiCT/NiCT622.jpg,NiCT,train
NiCT/NiCT623.jpg,NiCT,train
NiCT/NiCT625.jpg,NiCT,train
NiCT/NiCT631.jpg,NiCT,train
NiCT/NiCT632.jpg,NiCT,train
NiCT/NiCT633.jpg,NiCT,train
NiCT/NiCT634.jpg,NiCT,train
NiCT/NiCT635.jpg,NiCT,train
NiCT/NiCT636.jpg,NiCT,train
NiCT/NiCT637.jpg,NiCT,train
NiCT/NiCT638.jpg,NiCT,train
NiCT/NiCT639.jpg,NiCT,train
NiCT/NiCT640.jpg,NiCT,train
NiCT/NiCT641.jpg,NiCT,train
NiCT/NiCT642.jpg,NiCT,train
NiCT/NiCT643.jpg,NiCT,train
NiCT/NiCT645.jpg,NiCT,train
NiCT/NiCT647.jpg,NiCT,train
NiCT/NiCT653.jpg,NiCT,train
NiCT/NiCT654.jpg,NiCT,train
NiCT/NiCT655.jpg,NiCT,train
NiCT/NiCT656.jpg,NiCT,train
NiCT/NiCT657.jpg,NiCT,train
NiCT/NiCT658.jpg,NiCT,train
NiCT/NiCT659.jpg,NiCT,train
NiCT/NiCT660.jpg,NiCT,train
NiCT/NiCT661.jpg,NiCT,train
NiCT/NiCT662.jpg,NiCT,train
NiCT/NiCT663.jpg,NiCT,train
NiCT/NiCT664.jpg,NiCT,train
NiCT/NiCT665.jpg,NiCT,train
NiCT/NiCT666.jpg,NiCT,train
NiCT/NiCT668.jpg,NiCT,train
NiCT/NiCT669.jpg,NiCT,train
NiCT/NiCT671.jpg,NiCT,train
NiCT/NiCT677.jpg,NiCT,train
NiCT/NiCT678.jpg,NiCT,train
NiCT/NiCT679.jpg,NiCT,train
NiCT/NiCT680.jpg,NiCT,train
NiCT/NiCT681.jpg,NiCT,train
NiCT/NiCT682.jpg,NiCT,train
NiCT/NiCT683.jpg,NiCT,train
NiCT/NiCT684.jpg,NiCT,train
NiCT/NiCT685.jpg,NiCT,train
NiCT/NiCT686.jpg,NiCT,train
NiCT/NiCT687.jpg,NiCT,train
NiCT/NiCT688.jpg,NiCT,train
NiCT/NiCT689.jpg,NiCT,train
NiCT/NiCT690.jpg,NiCT,train
NiCT/NiCT691.jpg,NiCT,train
NiCT/NiCT692.jpg,NiCT,train
NiCT/NiCT693.jpg,NiCT,train
NiCT/NiCT694.jpg,NiCT,train
NiCT/NiCT695.jpg,NiCT,train
NiCT/NiCT696.jpg,NiCT,train
NiCT/NiCT697.jpg,NiCT,train
NiCT/NiCT699.jpg,NiCT,train
NiCT/NiCT700.jpg,NiCT,train
NiCT/NiCT702.jpg,NiCT,train
NiCT/NiCT708.jpg,NiCT,train
NiCT/NiCT709.jpg,NiCT,train
NiCT/NiCT710.jpg,NiCT,train
NiCT/NiCT711.jpg,NiCT,train
NiCT/NiCT712.jpg,NiCT,train
NiCT/NiCT713.jpg,NiCT,train
NiCT/NiCT714.jpg,NiCT,train
NiCT/NiCT715.jpg,NiCT,train
NiCT/NiCT716.jpg,NiCT,train
NiCT/NiCT717.jpg,NiCT,train
NiCT/NiCT718.jpg,NiCT,train
NiCT/NiCT719.jpg,NiCT,train
NiCT/NiCT720.jpg,NiCT,train
NiCT/NiCT721.jpg,NiCT,train
NiCT/NiCT722.jpg,NiCT,train
NiCT/NiCT723.jpg,NiCT,train
NiCT/NiCT724.jpg,NiCT,train
NiCT/NiCT725.jpg,NiCT,train
NiCT/NiCT726.jpg,NiCT,train
NiCT/NiCT727.jpg,NiCT,train
NiCT/NiCT729.jpg,NiCT,train
NiCT/NiCT731.jpg,NiCT,train
NiCT/NiCT732.jpg,NiCT,train
NiCT/NiCT738.jpg,NiCT,train
NiCT/NiCT739.jpg,NiCT,train
NiCT/NiCT740.jpg,NiCT,train
NiCT/NiCT741.jpg,NiCT,train
NiCT/NiCT742.jpg,NiCT,train
NiCT/NiCT743.jpg,NiCT,train
NiCT/NiCT744.jpg,NiCT,train
NiCT/NiCT745.jpg,NiCT,train
NiCT/NiCT746.jpg,NiCT,train
NiCT/NiCT747.jpg,NiCT,train
NiCT/NiCT748.jpg,NiCT,train
NiCT/NiCT749.jpg,NiCT,train
NiCT/NiCT750.jpg,NiCT,train
NiCT/NiCT751.jpg,NiCT,train
NiCT/NiCT752.jpg,NiCT,train
NiCT/NiCT753.jpg,NiCT,train
NiCT/NiCT754.jpg,NiCT,train
NiCT/NiCT755.jpg,NiCT,train
NiCT/NiCT756.jpg,NiCT,train
NiCT/NiCT757.jpg,NiCT,train
NiCT/NiCT759.jpg,NiCT,train
NiCT/NiCT761.jpg,NiCT,train
NiCT/NiCT762.jpg,NiCT,train
NiCT/NiCT768.jpg,NiCT,train
NiCT/NiCT769.jpg,NiCT,train
NiCT/NiCT770.jpg,NiCT,train
NiCT/NiCT771.jpg,NiCT,train
NiCT/NiCT772.jpg,NiCT,train
NiCT/NiCT773.jpg,NiCT,train
NiCT/NiCT774.jpg,NiCT,train
NiCT/NiCT775.jpg,NiCT,train
NiCT/NiCT776.jpg,NiCT,train
NiCT/NiCT777.jpg,NiCT,train
NiCT/NiCT778.jpg,NiCT,train
NiCT/NiCT779.jpg,NiCT,train
NiCT/NiCT780.jpg,NiCT,train
NiCT/NiCT781.jpg,NiCT,train
NiCT/NiCT782.jpg,NiCT,train
NiCT/NiCT783.jpg,NiCT,train
NiCT/NiCT784.jpg,NiCT,train
NiCT/NiCT785.jpg,NiCT,train
NiCT/NiCT786.jpg,NiCT,train
NiCT/NiCT787.jpg,NiCT,train
NiCT/NiCT789.jpg,NiCT,train
NiCT/NiCT791.jpg,NiCT,train
NiCT/NiCT792.jpg,NiCT,train
NiCT/NiCT798.jpg,NiCT,train
NiCT/NiCT799.jpg,NiCT,train
NiCT/NiCT800.jpg,NiCT,train
NiCT/NiCT801.jpg,NiCT,train
NiCT/NiCT802.jpg,NiCT,train
NiCT/NiCT803.jpg,NiCT,train
NiCT/NiCT804.jpg,NiCT,train
NiCT/NiCT805.jpg,NiCT,train
NiCT/NiCT806.jpg,NiCT,train
NiCT/NiCT807.jpg,NiCT,train
NiCT/NiCT808.jpg,NiCT,train
NiCT/NiCT809.jpg,NiCT,train
NiCT/NiCT810.jpg,NiCT,train
NiCT/NiCT811.jpg,NiCT,train
NiCT/NiCT812.jpg,NiCT,train
NiCT/NiCT813.jpg,NiCT,train
NiCT/NiCT814.jpg,NiCT,train
NiCT/NiCT815.jpg,NiCT,train
NiCT/NiCT816.jpg,NiCT,train
NiCT/NiCT817.jpg,NiCT,train
NiCT/NiCT819.jpg,NiCT,train
NiCT/NiCT821.jpg,NiCT,train
NiCT/NiCT822.jpg,NiCT,train
NiCT/NiCT828.jpg,NiCT,train
NiCT/NiCT829.jpg,NiCT,train
NiCT/NiCT830.jpg,NiCT,train
NiCT/NiCT831.jpg,NiCT,train
NiCT/NiCT832.jpg,NiCT,train
NiCT/NiCT833.jpg,NiCT,train
NiCT/NiCT834.jpg,NiCT,train
NiCT/NiCT835.jpg,NiCT,train
NiCT/NiCT836.jpg,NiCT,train
NiCT/NiCT837.jpg,NiCT,train
NiCT/NiCT838.jpg,NiCT,train
NiCT/NiCT839.jpg,NiCT,train
NiCT/NiCT840.jpg,NiCT,train
NiCT/NiCT841.jpg,NiCT,train
NiCT/NiCT842.jpg,NiCT,train
NiCT/NiCT843.jpg,NiCT,train
NiCT/NiCT844.jpg,NiCT,train
NiCT/NiCT845.jpg,NiCT,train
NiCT/NiCT846.jpg,NiCT,train
NiCT/NiCT847.jpg,NiCT,train
NiCT/NiCT849.jpg,NiCT,train
NiCT/NiCT851.jpg,NiCT,train
NiCT/NiCT852.jpg,NiCT,train
NiCT/NiCT858.jpg,NiCT,train
NiCT/NiCT859.jpg,NiCT,train
NiCT/NiCT860.jpg,NiCT,train
NiCT/NiCT861.jpg,NiCT,train
NiCT/NiCT862.jpg,NiCT,train
NiCT/NiCT863.jpg,NiCT,train
NiCT/NiCT864.jpg,NiCT,train
NiCT/NiCT865.jpg,NiCT,train
NiCT/NiCT866.jpg,NiCT,train
NiCT/NiCT867.jpg,NiCT,train
NiCT/NiCT868.jpg,NiCT,train
NiCT/NiCT869.jpg,NiCT,train
NiCT/NiCT870.jpg,NiCT,train
NiCT/NiCT871.jpg,NiCT,train
NiCT/NiCT872.jpg,NiCT,train
NiCT/NiCT873.jpg,NiCT,train
NiCT/NiCT874.jpg,NiCT,train
NiCT/NiCT875.jpg,NiCT,train
NiCT/NiCT876.jpg,NiCT,train
NiCT/NiCT877.jpg,NiCT,train
NiCT/NiCT879.jpg,NiCT,train
NiCT/NiCT881.jpg,NiCT,train
NiCT/NiCT882.jpg,NiCT,train
NiCT/NiCT888.jpg,NiCT,train
NiCT/NiCT889.jpg,NiCT,train
NiCT/NiCT890.jpg,NiCT,train
NiCT/NiCT891.jpg,NiCT,train
NiCT/NiCT892.jpg,NiCT,train
NiCT/NiCT893.jpg,NiCT,train
NiCT/NiCT894.jpg,NiCT,train
NiCT/NiCT895.jpg,NiCT,train
NiCT/NiCT896.jpg,NiCT,train
NiCT/NiCT897.jpg,NiCT,train
NiCT/NiCT898.jpg,NiCT,train
NiCT/NiCT899.jpg,NiCT,train
NiCT/NiCT900.jpg,NiCT,train
NiCT/NiCT901.jpg,NiCT,train
NiCT/NiCT902.jpg,NiCT,train
NiCT/NiCT903.jpg,NiCT,train
NiCT/NiCT904.jpg,NiCT,train
NiCT/NiCT905.jpg,NiCT,train
NiCT/NiCT906.jpg,NiCT,train
NiCT/NiCT907.jpg,NiCT,train
NiCT/NiCT909.jpg,NiCT,train
NiCT/NiCT911.jpg,NiCT,train
NiCT/NiCT912.jpg,NiCT,train
NiCT/NiCT918.jpg,NiCT,train
NiCT/NiCT919.jpg,NiCT,train
NiCT/NiCT920.jpg,NiCT,train
NiCT/NiCT921.jpg,NiCT,train
NiCT/NiCT922.jpg,NiCT,train
NiCT/NiCT923.jpg,NiCT,train
NiCT/NiCT924.jpg,NiCT,train
NiCT/NiCT925.jpg,NiCT,train
NiCT/NiCT926.jpg,NiCT,train
NiCT/NiCT927.jpg,NiCT,train
NiCT/NiCT928.jpg,NiCT,train
NiCT/NiCT929.jpg,NiCT,train
NiCT/NiCT930.jpg,NiCT,train
NiCT/NiCT931.jpg,NiCT,train
NiCT/NiCT932.jpg,NiCT,train
NiCT/NiCT933.jpg,NiCT,train
NiCT/NiCT934.jpg,NiCT,train
NiCT/NiCT935.jpg,NiCT,train
NiCT/NiCT936.jpg,NiCT,train
NiCT/NiCT938.jpg,NiCT,train
NiCT/NiCT940.jpg,NiCT,train
NiCT/NiCT941.jpg,NiCT,train
NiCT/NiCT947.jpg,NiCT,train
NiCT/NiCT948.jpg,NiCT,train
NiCT/NiCT949.jpg,NiCT,train
NiCT/NiCT950.jpg,NiCT,train
NiCT/NiCT951.jpg,NiCT,train
NiCT/NiCT952.jpg,NiCT,train
NiCT/NiCT953.jpg,NiCT,train
NiCT/NiCT954.jpg,NiCT,train
NiCT/NiCT955.jpg,NiCT,train
NiCT/NiCT956.jpg,NiCT,train
NiCT/NiCT957.jpg,NiCT,train
NiCT/NiCT958.jpg,NiCT,train
NiCT/NiCT959.jpg,NiCT,train
NiCT/NiCT960.jpg,NiCT,train
NiCT/NiCT961.jpg,NiCT,train
NiCT/NiCT962.jpg,NiCT,train
NiCT/NiCT963.jpg,NiCT,train
NiCT/NiCT964.jpg,NiCT,train
NiCT/NiCT966.jpg,NiCT,train
NiCT/NiCT968.jpg,NiCT,train
NiCT/NiCT970.jpg,NiCT,train
NiCT/NiCT975.jpg,NiCT,train
NiCT/NiCT976.jpg,NiCT,train
NiCT/NiCT977.jpg,NiCT,train
NiCT/NiCT978.jpg,NiCT,train
NiCT/NiCT979.jpg,NiCT,train
NiCT/NiCT980.jpg,NiCT,train
NiCT/NiCT981.jpg,NiCT,train
NiCT/NiCT982.jpg,NiCT,train
NiCT/NiCT983.jpg,NiCT,train
NiCT/NiCT984.jpg,NiCT,train
NiCT/NiCT985.jpg,NiCT,train
NiCT/NiCT986.jpg,NiCT,train
NiCT/NiCT987.jpg,NiCT,train
NiCT/NiCT988.jpg,NiCT,train
NiCT/NiCT989.jpg,NiCT,train
NiCT/NiCT990.jpg,NiCT,train
NiCT/NiCT991.jpg,NiCT,train
NiCT/NiCT992.jpg,NiCT,train
NiCT/NiCT994.jpg,NiCT,train
NiCT/NiCT996.jpg,NiCT,train
NiCT/NiCT998.jpg,NiCT,train
NiCT/NiCT1003.jpg,NiCT,train
NiCT/NiCT1004.jpg,NiCT,train
NiCT/NiCT1005.jpg,NiCT,train
NiCT/NiCT1006.jpg,NiCT,train
NiCT/NiCT1007.jpg,NiCT,train
NiCT/NiCT1008.jpg,NiCT,train
NiCT/NiCT1009.jpg,NiCT,train
NiCT/NiCT1010.jpg,NiCT,train
NiCT/NiCT1011.jpg,NiCT,train
NiCT/NiCT1012.jpg,NiCT,train
NiCT/NiCT1013.jpg,NiCT,train
NiCT/NiCT1014.jpg,NiCT,train
NiCT/NiCT1015.jpg,NiCT,train
NiCT/NiCT1016.jpg,NiCT,train
NiCT/NiCT1017.jpg,NiCT,train
NiCT/NiCT1018.jpg,NiCT,train
NiCT/NiCT1019.jpg,NiCT,train
NiCT/NiCT1020.jpg,NiCT,train
NiCT/NiCT1022.jpg,NiCT,train
NiCT/NiCT1024.jpg,NiCT,train
NiCT/NiCT1026.jpg,NiCT,train
NiCT/NiCT1031.jpg,NiCT,train
NiCT/NiCT1032.jpg,NiCT,train
NiCT/NiCT1033.jpg,NiCT,train
NiCT/NiCT1034.jpg,NiCT,train
NiCT/NiCT1035.jpg,NiCT,train
NiCT/NiCT1036.jpg,NiCT,train
NiCT/NiCT1037.jpg,NiCT,train
NiCT/NiCT1038.jpg,NiCT,train
NiCT/NiCT1039.jpg,NiCT,train
NiCT/NiCT1040.jpg,NiCT,train
NiCT/NiCT1041.jpg,NiCT,train
NiCT/NiCT1042.jpg,NiCT,train
NiCT/NiCT1043.jpg,NiCT,train
NiCT/NiCT1044.jpg,NiCT,train
NiCT/NiCT1045.jpg,NiCT,train
NiCT/NiCT1046.jpg,NiCT,train
NiCT/NiCT1047.jpg,NiCT,train
NiCT/NiCT1049.jpg,NiCT,train
NiCT/NiCT1051.jpg,NiCT,train
NiCT/NiCT1053.jpg,NiCT,train
NiCT/NiCT1058.jpg,NiCT,train
NiCT/NiCT1059.jpg,NiCT,train
NiCT/NiCT1060.jpg,NiCT,train
NiCT/NiCT1061.jpg,NiCT,train
NiCT/NiCT1062.jpg,NiCT,train
NiCT/NiCT1063.jpg,NiCT,train
NiCT/NiCT1064.jpg,NiCT,train
NiCT/NiCT1065.jpg,NiCT,train
NiCT/NiCT1066.jpg,NiCT,train
NiCT/NiCT1067.jpg,NiCT,train
NiCT/NiCT1068.jpg,NiCT,train
NiCT/NiCT1069.jpg,NiCT,train
NiCT/NiCT1071.jpg,NiCT,train
NiCT/NiCT1073.jpg,NiCT,train
NiCT/NiCT1075.jpg,NiCT,train
NiCT/NiCT1080.jpg,NiCT,train
NiCT/NiCT1081.jpg,NiCT,train
NiCT/NiCT1082.jpg,NiCT,train
NiCT/NiCT1083.jpg,NiCT,train
NiCT/NiCT1084.jpg,NiCT,train
NiCT/NiCT1085.jpg,NiCT,train
NiCT/NiCT1086.jpg,NiCT,train
NiCT/NiCT1087.jpg,NiCT,train
NiCT/NiCT1088.jpg,NiCT,train
NiCT/NiCT1089.jpg,NiCT,train
NiCT/NiCT1090.jpg,NiCT,train
NiCT/NiCT1091.jpg,NiCT,train
NiCT/NiCT1092.jpg,NiCT,train
NiCT/NiCT1093.jpg,NiCT,train
NiCT/NiCT1094.jpg,NiCT,train
NiCT/NiCT1095.jpg,NiCT,train
NiCT/NiCT1097.jpg,NiCT,train
NiCT/NiCT1099.jpg,NiCT,train
NiCT/NiCT1101.jpg,NiCT,train
NiCT/NiCT1106.jpg,NiCT,train
NiCT/NiCT1107.jpg,NiCT,train
NiCT/NiCT1108.jpg,NiCT,train
NiCT/NiCT1109.jpg,NiCT,train
NiCT/NiCT1110.jpg,NiCT,train
NiCT/NiCT1111.jpg,NiCT,train
NiCT/NiCT1112.jpg,NiCT,train
NiCT/NiCT1113.jpg,NiCT,train
NiCT/NiCT1114.jpg,NiCT,train
NiCT/NiCT1115.jpg,NiCT,train
NiCT/NiCT1116.jpg,NiCT,train
NiCT/NiCT1117.jpg,NiCT,train
NiCT/NiCT1118.jpg,NiCT,train
NiCT/NiCT1119.jpg,NiCT,train
NiCT/NiCT1120.jpg,NiCT,train
NiCT/NiCT1121.jpg,NiCT,train
NiCT/NiCT1123.jpg,NiCT,train
NiCT/NiCT1125.jpg,NiCT,train
NiCT/NiCT1127.jpg,NiCT,train
NiCT/NiCT1132.jpg,NiCT,train
NiCT/NiCT1133.jpg,NiCT,train
NiCT/NiCT1134.jpg,NiCT,train
NiCT/NiCT1135.jpg,NiCT,train
NiCT/NiCT1136.jpg,NiCT,train
NiCT/NiCT1137.jpg,NiCT,train
NiCT/NiCT1138.jpg,NiCT,train
NiCT/NiCT1139.jpg,NiCT,train
NiCT/NiCT1140.jpg,NiCT,train
NiCT/NiCT1141.jpg,NiCT,train
NiCT/NiCT1142.jpg,NiCT,train
NiCT/NiCT1143.jpg,NiCT,train
NiCT/NiCT1144.jpg,NiCT,train
NiCT/NiCT1145.jpg,NiCT,train
NiCT/NiCT1146.jpg,NiCT,train
NiCT/NiCT1147.jpg,NiCT,train
NiCT/NiCT1149.jpg,NiCT,train
NiCT/NiCT1151.jpg,NiCT,train
NiCT/NiCT1153.jpg,NiCT,train
NiCT/NiCT1158.jpg,NiCT,train
NiCT/NiCT1159.jpg,NiCT,train
NiCT/NiCT1160.jpg,NiCT,train
NiCT/NiCT1161.jpg,NiCT,train
NiCT/NiCT1162.jpg,NiCT,train
NiCT/NiCT1163.jpg,NiCT,train
NiCT/NiCT1164.jpg,NiCT,train
NiCT/NiCT1165.jpg,NiCT,train
NiCT/NiCT1166.jpg,NiCT,train
NiCT/NiCT1167.jpg,NiCT,train
NiCT/NiCT1168.jpg,NiCT,train
NiCT/NiCT1169.jpg,NiCT,train
NiCT/NiCT1170.jpg,NiCT,train
NiCT/NiCT1171.jpg,NiCT,train
NiCT/NiCT1172.jpg,NiCT,train
NiCT/NiCT1173.jpg,NiCT,train
NiCT/NiCT1175.jpg,NiCT,train
NiCT/NiCT1177.jpg,NiCT,train
NiCT/NiCT1179.jpg,NiCT,train
NiCT/NiCT1184.jpg,NiCT,train
NiCT/NiCT1185.jpg,NiCT,train
NiCT/NiCT1186.jpg,NiCT,train
NiCT/NiCT1187.jpg,NiCT,train
NiCT/NiCT1188.jpg,NiCT,train
NiCT/NiCT1189.jpg,NiCT,train
NiCT/NiCT1190.jpg,NiCT,train
NiCT/NiCT1191.jpg,NiCT,train
NiCT/NiCT1192.jpg,NiCT,train
NiCT/NiCT1193.jpg,NiCT,train
NiCT/NiCT1194.jpg,NiCT,train
NiCT/NiCT1195.jpg,NiCT,train
NiCT/NiCT1196.jpg,NiCT,train
NiCT/NiCT1197.jpg,NiCT,train
NiCT/NiCT1198.jpg,NiCT,train
NiCT/NiCT1199.jpg,NiCT,train
NiCT/NiCT1201.jpg,NiCT,train
NiCT/NiCT1203.jpg,NiCT,train
NiCT/NiCT1205.jpg,NiCT,train
NiCT/NiCT1210.jpg,NiCT,train
NiCT/NiCT1211.jpg,NiCT,train
NiCT/NiCT1212.jpg,NiCT,train
NiCT/NiCT1213.jpg,NiCT,train
NiCT/NiCT1214.jpg,NiCT,train
NiCT/NiCT1215.jpg,NiCT,train
NiCT/NiCT1216.jpg,NiCT,train
NiCT/NiCT1217.jpg,NiCT,train
NiCT/NiCT1218.jpg,NiCT,train
NiCT/NiCT1219.jpg,NiCT,train
NiCT/NiCT1220.jpg,NiCT,train
NiCT/NiCT1221.jpg,NiCT,train
NiCT/NiCT1222.jpg,NiCT,train
NiCT/NiCT1223.jpg,NiCT,train
NiCT/NiCT1224.jpg,NiCT,train
NiCT/NiCT1225.jpg,NiCT,train
NiCT/NiCT1227.jpg,NiCT,train
NiCT/NiCT1229.jpg,NiCT,train
NiCT/NiCT1231.jpg,NiCT,train
NiCT/NiCT1236.jpg,NiCT,train
NiCT/NiCT1237.jpg,NiCT,train
NiCT/NiCT1238.jpg,NiCT,train
NiCT/NiCT1239.jpg,NiCT,train
NiCT/NiCT1240.jpg,NiCT,train
NiCT/NiCT1241.jpg,NiCT,train
NiCT/NiCT1242.jpg,NiCT,train
NiCT/NiCT1243.jpg,NiCT,train
NiCT/NiCT1244.jpg,NiCT,train
NiCT/NiCT1245.jpg,NiCT,train
NiCT/NiCT1246.jpg,NiCT,train
NiCT/NiCT1247.jpg,NiCT,train
NiCT/NiCT1248.jpg,NiCT,train
NiCT/NiCT1249.jpg,NiCT,train
NiCT/NiCT1250.jpg,NiCT,train
NiCT/NiCT1252.jpg,NiCT,train
NiCT/NiCT1255.jpg,NiCT,train
NiCT/NiCT1257.jpg,NiCT,train
NiCT/NiCT1258.jpg,NiCT,train
NiCT/NiCT1259.jpg,NiCT,train
NiCT/NiCT1260.jpg,NiCT,train
NiCT/NiCT1261.jpg,NiCT,train
NiCT/NiCT1262.jpg,NiCT,train
NiCT/NiCT1263.jpg,NiCT,train
NiCT/NiCT1264.jpg,NiCT,train
NiCT/NiCT1265.jpg,NiCT,train
NiCT/NiCT1266.jpg,NiCT,train
NiCT/NiCT1267.jpg,NiCT,train
NiCT/NiCT1268.jpg,NiCT,train
NiCT/NiCT1269.jpg,NiCT,train
NiCT/NiCT1270.jpg,NiCT,train
NiCT/NiCT1272.jpg,NiCT,train
NiCT/NiCT1276.jpg,NiCT,train
NiCT/NiCT1277.jpg,NiCT,train
NiCT/NiCT1278.jpg,NiCT,train
NiCT/NiCT1279.jpg,NiCT,train
NiCT/NiCT1280.jpg,NiCT,train
NiCT/NiCT1281.jpg,NiCT,train
NiCT/NiCT1282.jpg,NiCT,train
NiCT/NiCT1283.jpg,NiCT,train
NiCT/NiCT1284.jpg,NiCT,train
NiCT/NiCT1285.jpg,NiCT,train
NiCT/NiCT1286.jpg,NiCT,train
NiCT/NiCT1287.jpg,NiCT,train
NiCT/NiCT1288.jpg,NiCT,train
NiCT/NiCT1289.jpg,NiCT,train
NiCT/NiCT1290.jpg,NiCT,train
NiCT/NiCT1292.jpg,NiCT,train
NiCT/NiCT1295.jpg,NiCT,train
NiCT/NiCT1297.jpg,NiCT,train
NiCT/NiCT1298.jpg,NiCT,train
NiCT/NiCT1299.jpg,NiCT,train
NiCT/NiCT1300.jpg,NiCT,train
NiCT/NiCT1301.jpg,NiCT,train
NiCT/NiCT1302.jpg,NiCT,train
NiCT/NiCT1303.jpg,NiCT,train
NiCT/NiCT1304.jpg,NiCT,train
NiCT/NiCT1305.jpg,NiCT,train
NiCT/NiCT1306.jpg,NiCT,train
NiCT/NiCT1307.jpg,NiCT,train
NiCT/NiCT1308.jpg,NiCT,train
NiCT/NiCT1309.jpg,NiCT,train
NiCT/NiCT1310.jpg,NiCT,train
NiCT/NiCT1312.jpg,NiCT,train
NiCT/NiCT1314.jpg,NiCT,train
NiCT/NiCT1315.jpg,NiCT,train
NiCT/NiCT1316.jpg,NiCT,train
NiCT/NiCT1317.jpg,NiCT,train
NiCT/NiCT1318.jpg,NiCT,train
NiCT/NiCT1319.jpg,NiCT,train
NiCT/NiCT1320.jpg,NiCT,train
NiCT/NiCT1321.jpg,NiCT,train
NiCT/NiCT1322.jpg,NiCT,train
NiCT/NiCT1323.jpg,NiCT,train
NiCT/NiCT1324.jpg,NiCT,train
NiCT/NiCT1325.jpg,NiCT,train
NiCT/NiCT1326.jpg,NiCT,train
NiCT/NiCT1327.jpg,NiCT,train
NiCT/NiCT1329.jpg,NiCT,train
NiCT/NiCT1331.jpg,NiCT,train
NiCT/NiCT1332.jpg,NiCT,train
NiCT/NiCT1333.jpg,NiCT,train
NiCT/NiCT1334.jpg,NiCT,train
NiCT/NiCT1335.jpg,NiCT,train
NiCT/NiCT1336.jpg,NiCT,train
NiCT/NiCT1337.jpg,NiCT,train
NiCT/NiCT1338.jpg,NiCT,train
NiCT/NiCT1339.jpg,NiCT,train
NiCT/NiCT1340.jpg,NiCT,train
NiCT/NiCT1341.jpg,NiCT,train
NiCT/NiCT1342.jpg,NiCT,train
NiCT/NiCT1343.jpg,NiCT,train
NiCT/NiCT1345.jpg,NiCT,train
NiCT/NiCT1347.jpg,NiCT,train
NiCT/NiCT1348.jpg,NiCT,train
NiCT/NiCT1349.jpg,NiCT,train
NiCT/NiCT1350.jpg,NiCT,train
NiCT/NiCT1351.jpg,NiCT,train
NiCT/NiCT1352.jpg,NiCT,train
NiCT/NiCT1353.jpg,NiCT,train
NiCT/NiCT1354.jpg,NiCT,train
NiCT/NiCT1355.jpg,NiCT,train
NiCT/NiCT1356.jpg,NiCT,train
NiCT/NiCT1357.jpg,NiCT,train
NiCT/NiCT1358.jpg,NiCT,train
NiCT/NiCT1359.jpg,NiCT,train
NiCT/NiCT1360.jpg,NiCT,train
NiCT/NiCT1362.jpg,NiCT,train
NiCT/NiCT1363.jpg,NiCT,train
NiCT/NiCT1364.jpg,NiCT,train
NiCT/NiCT1365.jpg,NiCT,train
NiCT/NiCT1366.jpg,NiCT,train
NiCT/NiCT1367.jpg,NiCT,train
NiCT/NiCT1368.jpg,NiCT,train
NiCT/NiCT1369.jpg,NiCT,train
NiCT/NiCT1370.jpg,NiCT,train
NiCT/NiCT1371.jpg,NiCT,train
NiCT/NiCT1372.jpg,NiCT,train
NiCT/NiCT1373.jpg,NiCT,train
NiCT/NiCT1374.jpg,NiCT,train
NiCT/NiCT1376.jpg,NiCT,train
NiCT/NiCT1377.jpg,NiCT,train
NiCT/NiCT1378.jpg,NiCT,train
NiCT/NiCT1379.jpg,NiCT,train
NiCT/NiCT1380.jpg,NiCT,train
NiCT/NiCT1381.jpg,NiCT,train
NiCT/NiCT1382.jpg,NiCT,train
NiCT/NiCT1383.jpg,NiCT,train
NiCT/NiCT1384.jpg,NiCT,train
NiCT/NiCT1385.jpg,NiCT,train
NiCT/NiCT1386.jpg,NiCT,train
NiCT/NiCT1387.jpg,NiCT,train
NiCT/NiCT1389.jpg,NiCT,train
NiCT/NiCT1390.jpg,NiCT,train
NiCT/NiCT1391.jpg,NiCT,train
NiCT/NiCT1392.jpg,NiCT,train
NiCT/NiCT1393.jpg,NiCT,train
NiCT/NiCT1394.jpg,NiCT,train
NiCT/NiCT1395.jpg,NiCT,train
NiCT/NiCT1396.jpg,NiCT,train
NiCT/NiCT1397.jpg,NiCT,train
NiCT/NiCT1398.jpg,NiCT,train
NiCT/NiCT1399.jpg,NiCT,train
NiCT/NiCT1400.jpg,NiCT,train
NiCT/NiCT1402.jpg,NiCT,train
NiCT/NiCT1403.jpg,NiCT,train
NiCT/NiCT1404.jpg,NiCT,train
NiCT/NiCT1405.jpg,NiCT,train
NiCT/NiCT1406.jpg,NiCT,train
NiCT/NiCT1407.jpg,NiCT,train
NiCT/NiCT1408.jpg,NiCT,train
NiCT/NiCT1409.jpg,NiCT,train
NiCT/NiCT1410.jpg,NiCT,train
NiCT/NiCT1411.jpg,NiCT,train
NiCT/NiCT1412.jpg,NiCT,train
NiCT/NiCT1413.jpg,NiCT,train
NiCT/NiCT1415.jpg,NiCT,train
NiCT/NiCT1416.jpg,NiCT,train
NiCT/NiCT1417.jpg,NiCT,train
NiCT/NiCT1418.jpg,NiCT,train
NiCT/NiCT1419.jpg,NiCT,train
NiCT/NiCT1420.jpg,NiCT,train
NiCT/NiCT1421.jpg,NiCT,train
NiCT/NiCT1422.jpg,NiCT,train
NiCT/NiCT1423.jpg,NiCT,train
NiCT/NiCT1424.jpg,NiCT,train
NiCT/NiCT1425.jpg,NiCT,train
NiCT/NiCT1426.jpg,NiCT,train
NiCT/NiCT1428.jpg,NiCT,train
NiCT/NiCT1429.jpg,NiCT,train
NiCT/NiCT1430.jpg,NiCT,train
NiCT/NiCT1431.jpg,NiCT,train
NiCT/NiCT1432.jpg,NiCT,train
NiCT/NiCT1433.jpg,NiCT,train
NiCT/NiCT1434.jpg,NiCT,train
NiCT/NiCT1435.jpg,NiCT,train
NiCT/NiCT1436.jpg,NiCT,train
NiCT/NiCT1437.jpg,NiCT,train
NiCT/NiCT1438.jpg,NiCT,train
NiCT/NiCT1439.jpg,NiCT,train
NiCT/NiCT1441.jpg,NiCT,train
NiCT/NiCT1442.jpg,NiCT,train
NiCT/NiCT1443.jpg,NiCT,train
NiCT/NiCT1444.jpg,NiCT,train
NiCT/NiCT1445.jpg,NiCT,train
NiCT/NiCT1446.jpg,NiCT,train
NiCT/NiCT1447.jpg,NiCT,train
NiCT/NiCT1448.jpg,NiCT,train
NiCT/NiCT1449.jpg,NiCT,train
NiCT/NiCT1450.jpg,NiCT,train
NiCT/NiCT1452.jpg,NiCT,train
NiCT/NiCT1454.jpg,NiCT,train
NiCT/NiCT1455.jpg,NiCT,train
NiCT/NiCT1456.jpg,NiCT,train
NiCT/NiCT1457.jpg,NiCT,train
NiCT/NiCT1458.jpg,NiCT,train
NiCT/NiCT1459.jpg,NiCT,train
NiCT/NiCT1460.jpg,NiCT,train
NiCT/NiCT1461.jpg,NiCT,train
NiCT/NiCT1462.jpg,NiCT,train
NiCT/NiCT1463.jpg,NiCT,train
NiCT/NiCT1464.jpg,NiCT,train
NiCT/NiCT1465.jpg,NiCT,train
NiCT/NiCT1466.jpg,NiCT,train
NiCT/NiCT1467.jpg,NiCT,train
NiCT/NiCT1469.jpg,NiCT,train
NiCT/NiCT1470.jpg,NiCT,train
NiCT/NiCT1471.jpg,NiCT,train
NiCT/NiCT1472.jpg,NiCT,train
NiCT/NiCT1473.jpg,NiCT,train
NiCT/NiCT1476.jpg,NiCT,train
NiCT/NiCT1477.jpg,NiCT,train
NiCT/NiCT1478.jpg,NiCT,train
NiCT/NiCT1479.jpg,NiCT,train
NiCT/NiCT1480.jpg,NiCT,train
NiCT/NiCT1483.jpg,NiCT,train
NiCT/NiCT1484.jpg,NiCT,train
NiCT/NiCT1485.jpg,NiCT,train
NiCT/NiCT1486.jpg,NiCT,train
NiCT/NiCT1489.jpg,NiCT,train
NiCT/NiCT1490.jpg,NiCT,train
NiCT/NiCT1491.jpg,NiCT,train
NiCT/NiCT1494.jpg,NiCT,train
NiCT/NiCT1495.jpg,NiCT,train
NiCT/NiCT1496.jpg,NiCT,train
NiCT/NiCT1499.jpg,NiCT,train
NiCT/NiCT1500.jpg,NiCT,train
NiCT/NiCT1501.jpg,NiCT,train
NiCT/NiCT1504.jpg,NiCT,train
NiCT/NiCT1505.jpg,NiCT,train
NiCT/NiCT1506.jpg,NiCT,train
NiCT/NiCT1509.jpg,NiCT,train
NiCT/NiCT1510.jpg,NiCT,train
NiCT/NiCT1513.jpg,NiCT,train
NiCT/NiCT1514.jpg,NiCT,train
NiCT/NiCT1517.jpg,NiCT,train
NiCT/NiCT1518.jpg,NiCT,train
NiCT/NiCT1520.jpg,NiCT,train
NiCT/NiCT1521.jpg,NiCT,train
NiCT/NiCT1523.jpg,NiCT,train
NiCT/NiCT1524.jpg,NiCT,train
NiCT/NiCT1525.jpg,NiCT,train
NiCT/NiCT1526.jpg,NiCT,train
NiCT/NiCT1527.jpg,NiCT,train
NiCT/NiCT1528.jpg,NiCT,train
NiCT/NiCT1529.jpg,NiCT,train
NiCT/NiCT1530.jpg,NiCT,train
NiCT/NiCT1531.jpg,NiCT,train
NiCT/NiCT1532.jpg,NiCT,train
NiCT/NiCT1533.jpg,NiCT,train
NiCT/NiCT1534.jpg,NiCT,train
NiCT/NiCT1535.jpg,NiCT,train
NiCT/NiCT1536.jpg,NiCT,train
NiCT/NiCT1537.jpg,NiCT,train
NiCT/NiCT1538.jpg,NiCT,train
NiCT/NiCT1539.jpg,NiCT,train
NiCT/NiCT1540.jpg,NiCT,train
NiCT/NiCT1541.jpg,NiCT,train
NiCT/NiCT1542.jpg,NiCT,train
NiCT/NiCT1543.jpg,NiCT,train
NiCT/NiCT1544.jpg,NiCT,train
NiCT/NiCT1545.jpg,NiCT,train
NiCT/NiCT1546.jpg,NiCT,train
NiCT/NiCT1547.jpg,NiCT,train
NiCT/NiCT1548.jpg,NiCT,train
NiCT/NiCT1549.jpg,NiCT,train
NiCT/NiCT1550.jpg,NiCT,train
NiCT/NiCT1551.jpg,NiCT,train
NiCT/NiCT1552.jpg,NiCT,train
NiCT/NiCT1553.jpg,NiCT,train
NiCT/NiCT1554.jpg,NiCT,train
NiCT/NiCT1555.jpg,NiCT,train
NiCT/NiCT1556.jpg,NiCT,train
NiCT/NiCT1557.jpg,NiCT,train
NiCT/NiCT1558.jpg,NiCT,train
NiCT/NiCT1559.jpg,NiCT,train
NiCT/NiCT1560.jpg,NiCT,train
NiCT/NiCT1561.jpg,NiCT,train
NiCT/NiCT1562.jpg,NiCT,train
NiCT/NiCT1563.jpg,NiCT,train
NiCT/NiCT1564.jpg,NiCT,train
NiCT/NiCT1565.jpg,NiCT,train
NiCT/NiCT1566.jpg,NiCT,train
NiCT/NiCT1567.jpg,NiCT,train
NiCT/NiCT1568.jpg,NiCT,train
NiCT/NiCT1569.jpg,NiCT,train
NiCT/NiCT1570.jpg,NiCT,train
NiCT/NiCT1571.jpg,NiCT,train
NiCT/NiCT1572.jpg,NiCT,train
NiCT/NiCT1573.jpg,NiCT,train
NiCT/NiCT1574.jpg,NiCT,train
NiCT/NiCT1575.jpg,NiCT,train
NiCT/NiCT1576.jpg,NiCT,train
NiCT/NiCT1577.jpg,NiCT,train
NiCT/NiCT1578.jpg,NiCT,train
NiCT/NiCT1579.jpg,NiCT,train
NiCT/NiCT1580.jpg,NiCT,train
NiCT/NiCT1581.jpg,NiCT,train
NiCT/NiCT1582.jpg,NiCT,train
NiCT/NiCT1583.jpg,NiCT,train
NiCT/NiCT1584.jpg,NiCT,train
NiCT/NiCT1586.jpg,NiCT,train
NiCT/NiCT1587.jpg,NiCT,train
NiCT/NiCT1588.jpg,NiCT,train
NiCT/NiCT1590.jpg,NiCT,train
NiCT/NiCT1592.jpg,NiCT,train
NiCT/NiCT1593.jpg,NiCT,train
NiCT/NiCT1595.jpg,NiCT,train
NiCT/NiCT1597.jpg,NiCT,train
NiCT/NiCT1598.jpg,NiCT,train
NiCT/NiCT1600.jpg,NiCT,train
NiCT/NiCT1602.jpg,NiCT,train
NiCT/NiCT1603.jpg,NiCT,train
NiCT/NiCT1605.jpg,NiCT,train
NiCT/NiCT1607.jpg,NiCT,train
NiCT/NiCT1608.jpg,NiCT,train
NiCT/NiCT1610.jpg,NiCT,train
NiCT/NiCT1612.jpg,NiCT,train
NiCT/NiCT1613.jpg,NiCT,train
NiCT/NiCT1615.jpg,NiCT,train
NiCT/NiCT1617.jpg,NiCT,train
NiCT/NiCT1618.jpg,NiCT,train
NiCT/NiCT1620.jpg,NiCT,train
NiCT/NiCT1622.jpg,NiCT,train
NiCT/NiCT1623.jpg,NiCT,train
NiCT/NiCT1625.jpg,NiCT,train
NiCT/NiCT1627.jpg,NiCT,train
NiCT/NiCT1628.jpg,NiCT,train
NiCT/NiCT1630.jpg,NiCT,train
NiCT/NiCT1632.jpg,NiCT,train
NiCT/NiCT1633.jpg,NiCT,train
NiCT/NiCT1635.jpg,NiCT,train
NiCT/NiCT1637.jpg,NiCT,train
NiCT/NiCT1638.jpg,NiCT,train
NiCT/NiCT1640.jpg,NiCT,train
NiCT/NiCT1642.jpg,NiCT,train
NiCT/NiCT1643.jpg,NiCT,train
NiCT/NiCT1645.jpg,NiCT,train
NiCT/NiCT1647.jpg,NiCT,train
NiCT/NiCT1648.jpg,NiCT,train
NiCT/NiCT1651.jpg,NiCT,train
NiCT/NiCT1653.jpg,NiCT,train
NiCT/NiCT1654.jpg,NiCT,train
NiCT/NiCT1658.jpg,NiCT,train
NiCT/NiCT1659.jpg,NiCT,train
NiCT/NiCT1661.jpg,NiCT,train
NiCT/NiCT1662.jpg,NiCT,train
NiCT/NiCT1666.jpg,NiCT,train
NiCT/NiCT1670.jpg,NiCT,train
NiCT/NiCT1671.jpg,NiCT,train
NiCT/NiCT1673.jpg,NiCT,train
NiCT/NiCT1677.jpg,NiCT,train
NiCT/NiCT1678.jpg,NiCT,train
NiCT/NiCT1680.jpg,NiCT,train
NiCT/NiCT1685.jpg,NiCT,train
NiCT/NiCT1686.jpg,NiCT,train
NiCT/NiCT1688.jpg,NiCT,train
NiCT/NiCT1694.jpg,NiCT,train
NiCT/NiCT1695.jpg,NiCT,train
NiCT/NiCT1697.jpg,NiCT,train
NiCT/NiCT1702.jpg,NiCT,train
NiCT/NiCT1703.jpg,NiCT,train
NiCT/NiCT1709.jpg,NiCT,train
NiCT/NiCT1710.jpg,NiCT,train
NiCT/NiCT1717.jpg,NiCT,train
NiCT/NiCT1718.jpg,NiCT,train
NiCT/NiCT1725.jpg,NiCT,train
NiCT/NiCT1726.jpg,NiCT,train
NiCT/NiCT1727.jpg,NiCT,train
NiCT/NiCT1734.jpg,NiCT,train
NiCT/NiCT1735.jpg,NiCT,train
NiCT/NiCT1736.jpg,NiCT,train
NiCT/NiCT1743.jpg,NiCT,train
NiCT/NiCT1744.jpg,NiCT,train
NiCT/NiCT1745.jpg,NiCT,train
NiCT/NiCT1752.jpg,NiCT,train
NiCT/NiCT1753.jpg,NiCT,train
NiCT/NiCT1754.jpg,NiCT,train
NiCT/NiCT1761.jpg,NiCT,train
NiCT/NiCT1762.jpg,NiCT,train
NiCT/NiCT1763.jpg,NiCT,train
NiCT/NiCT1770.jpg,NiCT,train
NiCT/NiCT1771.jpg,NiCT,train
NiCT/NiCT1778.jpg,NiCT,train
NiCT/NiCT1779.jpg,NiCT,train
NiCT/NiCT1786.jpg,NiCT,train
NiCT/NiCT1787.jpg,NiCT,train
NiCT/NiCT1788.jpg,NiCT,train
NiCT/NiCT1795.jpg,NiCT,train
NiCT/NiCT1796.jpg,NiCT,train
NiCT/NiCT1797.jpg,NiCT,train
NiCT/NiCT1804.jpg,NiCT,train
NiCT/NiCT1805.jpg,NiCT,train
NiCT/NiCT1806.jpg,NiCT,train
NiCT/NiCT1813.jpg,NiCT,train
NiCT/NiCT1814.jpg,NiCT,train
NiCT/NiCT1815.jpg,NiCT,train
NiCT/NiCT1822.jpg,NiCT,train
NiCT/NiCT1823.jpg,NiCT,train
NiCT/NiCT1824.jpg,NiCT,train
NiCT/NiCT1831.jpg,NiCT,train
NiCT/NiCT1832.jpg,NiCT,train
NiCT/NiCT1833.jpg,NiCT,train
NiCT/NiCT1840.jpg,NiCT,train
NiCT/NiCT1841.jpg,NiCT,train
NiCT/NiCT1842.jpg,NiCT,train
NiCT/NiCT1849.jpg,NiCT,train
NiCT/NiCT1850.jpg,NiCT,train
NiCT/NiCT1851.jpg,NiCT,train
NiCT/NiCT1858.jpg,NiCT,train
NiCT/NiCT1859.jpg,NiCT,train
NiCT/NiCT1860.jpg,NiCT,train
NiCT/NiCT1867.jpg,NiCT,train
NiCT/NiCT1868.jpg,NiCT,train
NiCT/NiCT1869.jpg,NiCT,train
NiCT/NiCT1876.jpg,NiCT,train
NiCT/NiCT1877.jpg,NiCT,train
NiCT/NiCT1878.jpg,NiCT,train
NiCT/NiCT1885.jpg,NiCT,train
NiCT/NiCT1886.jpg,NiCT,train
NiCT/NiCT1887.jpg,NiCT,train
NiCT/NiCT1894.jpg,NiCT,train
NiCT/NiCT1895.jpg,NiCT,train
NiCT/NiCT1896.jpg,NiCT,train
NiCT/NiCT1903.jpg,NiCT,train
NiCT/NiCT1904.jpg,NiCT,train
NiCT/NiCT1905.jpg,NiCT,train
NiCT/NiCT1907.jpg,NiCT,train
NiCT/NiCT1914.jpg,NiCT,train
NiCT/NiCT1915.jpg,NiCT,train
NiCT/NiCT1916.jpg,NiCT,train
NiCT/NiCT1922.jpg,NiCT,train
NiCT/NiCT1923.jpg,NiCT,train
NiCT/NiCT1924.jpg,NiCT,train
NiCT/NiCT1931.jpg,NiCT,train
NiCT/NiCT1932.jpg,NiCT,train
NiCT/NiCT1933.jpg,NiCT,train
NiCT/NiCT1940.jpg,NiCT,train
NiCT/NiCT1941.jpg,NiCT,train
NiCT/NiCT1942.jpg,NiCT,train
NiCT/NiCT1949.jpg,NiCT,train
NiCT/NiCT1950.jpg,NiCT,train
NiCT/NiCT1951.jpg,NiCT,train
NiCT/NiCT1958.jpg,NiCT,train
NiCT/NiCT1959.jpg,NiCT,train
NiCT/NiCT1966.jpg,NiCT,train
NiCT/NiCT1967.jpg,NiCT,train
NiCT/NiCT1974.jpg,NiCT,train
NiCT/NiCT1975.jpg,NiCT,train
NiCT/NiCT1982.jpg,NiCT,train
NiCT/NiCT1983.jpg,NiCT,train
NiCT/NiCT1991.jpg,NiCT,train
NiCT/NiCT1992.jpg,NiCT,train
NiCT/NiCT2000.jpg,NiCT,train
NiCT/NiCT2001.jpg,NiCT,train
NiCT/NiCT2008.jpg,NiCT,train
NiCT/NiCT2009.jpg,NiCT,train
NiCT/NiCT2016.jpg,NiCT,train
NiCT/NiCT2017.jpg,NiCT,train
NiCT/NiCT2024.jpg,NiCT,train
NiCT/NiCT2025.jpg,NiCT,train
NiCT/NiCT2032.jpg,NiCT,train
NiCT/NiCT2033.jpg,NiCT,train
NiCT/NiCT2040.jpg,NiCT,train
NiCT/NiCT2041.jpg,NiCT,train
NiCT/NiCT2048.jpg,NiCT,train
NiCT/NiCT2049.jpg,NiCT,train
NiCT/NiCT2056.jpg,NiCT,train
NiCT/NiCT2057.jpg,NiCT,train
NiCT/NiCT2064.jpg,NiCT,train
NiCT/NiCT2065.jpg,NiCT,train
NiCT/NiCT2072.jpg,NiCT,train
NiCT/NiCT2073.jpg,NiCT,train
NiCT/NiCT2080.jpg,NiCT,train
NiCT/NiCT2081.jpg,NiCT,train
NiCT/NiCT2088.jpg,NiCT,train
NiCT/NiCT2089.jpg,NiCT,train
NiCT/NiCT2096.jpg,NiCT,train
NiCT/NiCT2097.jpg,NiCT,train
NiCT/NiCT2103.jpg,NiCT,train
NiCT/NiCT2104.jpg,NiCT,train
NiCT/NiCT2110.jpg,NiCT,train
NiCT/NiCT2111.jpg,NiCT,train
NiCT/NiCT2117.jpg,NiCT,train
NiCT/NiCT2118.jpg,NiCT,train
NiCT/NiCT2124.jpg,NiCT,train
NiCT/NiCT2125.jpg,NiCT,train
NiCT/NiCT2131.jpg,NiCT,train
NiCT/NiCT2132.jpg,NiCT,train
NiCT/NiCT2138.jpg,NiCT,train
NiCT/NiCT2139.jpg,NiCT,train
NiCT/NiCT2145.jpg,NiCT,train
NiCT/NiCT2146.jpg,NiCT,train
NiCT/NiCT2152.jpg,NiCT,train
NiCT/NiCT2153.jpg,NiCT,train
NiCT/NiCT2158.jpg,NiCT,train
NiCT/NiCT2159.jpg,NiCT,train
NiCT/NiCT2165.jpg,NiCT,train
NiCT/NiCT2166.jpg,NiCT,train
NiCT/NiCT2167.jpg,NiCT,train
NiCT/NiCT2168.jpg,NiCT,train
NiCT/NiCT2173.jpg,NiCT,train
NiCT/NiCT2174.jpg,NiCT,train
NiCT/NiCT2175.jpg,NiCT,train
NiCT/NiCT2176.jpg,NiCT,train
NiCT/NiCT2181.jpg,NiCT,train
NiCT/NiCT2182.jpg,NiCT,train
NiCT/NiCT2183.jpg,NiCT,train
NiCT/NiCT2184.jpg,NiCT,train
NiCT/NiCT2187.jpg,NiCT,train
NiCT/NiCT2188.jpg,NiCT,train
NiCT/NiCT2189.jpg,NiCT,train
NiCT/NiCT2190.jpg,NiCT,train
NiCT/NiCT2191.jpg,NiCT,train
NiCT/NiCT2194.jpg,NiCT,train
NiCT/NiCT2195.jpg,NiCT,train
NiCT/NiCT2196.jpg,NiCT,train
NiCT/NiCT2197.jpg,NiCT,train
NiCT/NiCT2198.jpg,NiCT,train
NiCT/NiCT2201.jpg,NiCT,train
NiCT/NiCT2202.jpg,NiCT,train
NiCT/NiCT2203.jpg,NiCT,train
NiCT/NiCT2204.jpg,NiCT,train
NiCT/NiCT2205.jpg,NiCT,train
NiCT/NiCT2208.jpg,NiCT,train
NiCT/NiCT2209.jpg,NiCT,train
NiCT/NiCT2210.jpg,NiCT,train
NiCT/NiCT2211.jpg,NiCT,train
NiCT/NiCT2212.jpg,NiCT,train
NiCT/NiCT2215.jpg,NiCT,train
NiCT/NiCT2216.jpg,NiCT,train
NiCT/NiCT2217.jpg,NiCT,train
NiCT/NiCT2218.jpg,NiCT,train
NiCT/NiCT2219.jpg,NiCT,train
NiCT/NiCT2222.jpg,NiCT,train
NiCT/NiCT2223.jpg,NiCT,train
NiCT/NiCT2224.jpg,NiCT,train
NiCT/NiCT2225.jpg,NiCT,train
NiCT/NiCT2226.jpg,NiCT,train
NiCT/NiCT2229.jpg,NiCT,train
NiCT/NiCT2230.jpg,NiCT,train
NiCT/NiCT2231.jpg,NiCT,train
NiCT/NiCT2232.jpg,NiCT,train
NiCT/NiCT2233.jpg,NiCT,train
NiCT/NiCT2236.jpg,NiCT,train
NiCT/NiCT2237.jpg,NiCT,train
NiCT/NiCT2238.jpg,NiCT,train
NiCT/NiCT2239.jpg,NiCT,train
NiCT/NiCT2240.jpg,NiCT,train
NiCT/NiCT2243.jpg,NiCT,train
NiCT/NiCT2244.jpg,NiCT,train
NiCT/NiCT2245.jpg,NiCT,train
NiCT/NiCT2246.jpg,NiCT,train
NiCT/NiCT2247.jpg,NiCT,train
NiCT/NiCT2250.jpg,NiCT,train
NiCT/NiCT2251.jpg,NiCT,train
NiCT/NiCT2252.jpg,NiCT,train
NiCT/NiCT2253.jpg,NiCT,train
NiCT/NiCT2254.jpg,NiCT,train
NiCT/NiCT2257.jpg,NiCT,train
NiCT/NiCT2258.jpg,NiCT,train
NiCT/NiCT2259.jpg,NiCT,train
NiCT/NiCT2260.jpg,NiCT,train
NiCT/NiCT2261.jpg,NiCT,train
NiCT/NiCT2264.jpg,NiCT,train
NiCT/NiCT2265.jpg,NiCT,train
NiCT/NiCT2266.jpg,NiCT,train
NiCT/NiCT2267.jpg,NiCT,train
NiCT/NiCT2268.jpg,NiCT,train
NiCT/NiCT2271.jpg,NiCT,train
NiCT/NiCT2272.jpg,NiCT,train
NiCT/NiCT2273.jpg,NiCT,train
NiCT/NiCT2274.jpg,NiCT,train
NiCT/NiCT2275.jpg,NiCT,train
NiCT/NiCT2278.jpg,NiCT,train
NiCT/NiCT2279.jpg,NiCT,train
NiCT/NiCT2280.jpg,NiCT,train
NiCT/NiCT2281.jpg,NiCT,train
NiCT/NiCT2282.jpg,NiCT,train
NiCT/NiCT2283.jpg,NiCT,train
NiCT/NiCT2286.jpg,NiCT,train
NiCT/NiCT2287.jpg,NiCT,train
NiCT/NiCT2288.jpg,NiCT,train
NiCT/NiCT2289.jpg,NiCT,train
NiCT/NiCT2290.jpg,NiCT,train
NiCT/NiCT2291.jpg,NiCT,train
NiCT/NiCT2294.jpg,NiCT,train
NiCT/NiCT2295.jpg,NiCT,train
NiCT/NiCT2296.jpg,NiCT,train
NiCT/NiCT2297.jpg,NiCT,train
NiCT/NiCT2298.jpg,NiCT,train
NiCT/NiCT2299.jpg,NiCT,train
NiCT/NiCT2302.jpg,NiCT,train
NiCT/NiCT2303.jpg,NiCT,train
NiCT/NiCT2304.jpg,NiCT,train
NiCT/NiCT2305.jpg,NiCT,train
NiCT/NiCT2306.jpg,NiCT,train
NiCT/NiCT2307.jpg,NiCT,train
NiCT/NiCT2310.jpg,NiCT,train
NiCT/NiCT2311.jpg,NiCT,train
NiCT/NiCT2312.jpg,NiCT,train
NiCT/NiCT2313.jpg,NiCT,train
NiCT/NiCT2314.jpg,NiCT,train
NiCT/NiCT2315.jpg,NiCT,train
NiCT/NiCT2316.jpg,NiCT,train
NiCT/NiCT2319.jpg,NiCT,train
NiCT/NiCT2320.jpg,NiCT,train
NiCT/NiCT2321.jpg,NiCT,train
NiCT/NiCT2322.jpg,NiCT,train
NiCT/NiCT2323.jpg,NiCT,train
NiCT/NiCT2324.jpg,NiCT,train
NiCT/NiCT2325.jpg,NiCT,train
NiCT/NiCT2328.jpg,NiCT,train
NiCT/NiCT2329.jpg,NiCT,train
NiCT/NiCT2330.jpg,NiCT,train
NiCT/NiCT2331.jpg,NiCT,train
NiCT/NiCT2332.jpg,NiCT,train
NiCT/NiCT2333.jpg,NiCT,train
NiCT/NiCT2334.jpg,NiCT,train
NiCT/NiCT2337.jpg,NiCT,train
NiCT/NiCT2338.jpg,NiCT,train
NiCT/NiCT2339.jpg,NiCT,train
NiCT/NiCT2340.jpg,NiCT,train
NiCT/NiCT2341.jpg,NiCT,train
NiCT/NiCT2342.jpg,NiCT,train
NiCT/NiCT2343.jpg,NiCT,train
NiCT/NiCT2344.jpg,NiCT,train
NiCT/NiCT2345.jpg,NiCT,train
NiCT/NiCT2346.jpg,NiCT,train
NiCT/NiCT2347.jpg,NiCT,train
NiCT/NiCT2350.jpg,NiCT,train
NiCT/NiCT2351.jpg,NiCT,train
NiCT/NiCT2352.jpg,NiCT,train
NiCT/NiCT2353.jpg,NiCT,train
NiCT/NiCT2354.jpg,NiCT,train
NiCT/NiCT2355.jpg,NiCT,train
NiCT/NiCT2356.jpg,NiCT,train
NiCT/NiCT2357.jpg,NiCT,train
NiCT/NiCT2358.jpg,NiCT,train
NiCT/NiCT2361.jpg,NiCT,train
NiCT/NiCT2362.jpg,NiCT,train
NiCT/NiCT2363.jpg,NiCT,train
NiCT/NiCT2364.jpg,NiCT,train
NiCT/NiCT2365.jpg,NiCT,train
NiCT/NiCT2366.jpg,NiCT,train
NiCT/NiCT2367.jpg,NiCT,train
NiCT/NiCT2368.jpg,NiCT,train
NiCT/NiCT2369.jpg,NiCT,train
NiCT/NiCT2372.jpg,NiCT,train
NiCT/NiCT2373.jpg,NiCT,train
NiCT/NiCT2374.jpg,NiCT,train
NiCT/NiCT2375.jpg,NiCT,train
NiCT/NiCT2376.jpg,NiCT,train
NiCT/NiCT2377.jpg,NiCT,train
NiCT/NiCT2378.jpg,NiCT,train
NiCT/NiCT2379.jpg,NiCT,train
NiCT/NiCT2381.jpg,NiCT,train
NiCT/NiCT2382.jpg,NiCT,train
NiCT/NiCT2383.jpg,NiCT,train
NiCT/NiCT2384.jpg,NiCT,train
NiCT/NiCT2385.jpg,NiCT,train
NiCT/NiCT2386.jpg,NiCT,train
NiCT/NiCT2387.jpg,NiCT,train
NiCT/NiCT2388.jpg,NiCT,train
NiCT/NiCT2389.jpg,NiCT,train
NiCT/NiCT2391.jpg,NiCT,train
NiCT/NiCT2392.jpg,NiCT,train
NiCT/NiCT2393.jpg,NiCT,train
NiCT/NiCT2394.jpg,NiCT,train
NiCT/NiCT2395.jpg,NiCT,train
NiCT/NiCT2396.jpg,NiCT,train
NiCT/NiCT2397.jpg,NiCT,train
NiCT/NiCT2398.jpg,NiCT,train
NiCT/NiCT2399.jpg,NiCT,train
NiCT/NiCT2401.jpg,NiCT,train
NiCT/NiCT2402.jpg,NiCT,train
NiCT/NiCT2403.jpg,NiCT,train
NiCT/NiCT2404.jpg,NiCT,train
NiCT/NiCT2405.jpg,NiCT,train
NiCT/NiCT2406.jpg,NiCT,train
NiCT/NiCT2407.jpg,NiCT,train
NiCT/NiCT2408.jpg,NiCT,train
NiCT/NiCT2409.jpg,NiCT,train
NiCT/NiCT2411.jpg,NiCT,train
NiCT/NiCT2412.jpg,NiCT,train
NiCT/NiCT2413.jpg,NiCT,train
NiCT/NiCT2414.jpg,NiCT,train
NiCT/NiCT2415.jpg,NiCT,train
NiCT/NiCT2416.jpg,NiCT,train
NiCT/NiCT2417.jpg,NiCT,train
NiCT/NiCT2418.jpg,NiCT,train
NiCT/NiCT2420.jpg,NiCT,train
NiCT/NiCT2421.jpg,NiCT,train
NiCT/NiCT2422.jpg,NiCT,train
NiCT/NiCT2423.jpg,NiCT,train
NiCT/NiCT2424.jpg,NiCT,train
NiCT/NiCT2425.jpg,NiCT,train
NiCT/NiCT2426.jpg,NiCT,train
NiCT/NiCT2427.jpg,NiCT,train
NiCT/NiCT2429.jpg,NiCT,train
NiCT/NiCT2430.jpg,NiCT,train
NiCT/NiCT2431.jpg,NiCT,train
NiCT/NiCT2432.jpg,NiCT,train
NiCT/NiCT2433.jpg,NiCT,train
NiCT/NiCT2434.jpg,NiCT,train
NiCT/NiCT2435.jpg,NiCT,train
NiCT/NiCT2437.jpg,NiCT,train
NiCT/NiCT2438.jpg,NiCT,train
NiCT/NiCT2439.jpg,NiCT,train
NiCT/NiCT2440.jpg,NiCT,train
NiCT/NiCT2441.jpg,NiCT,train
NiCT/NiCT2442.jpg,NiCT,train
NiCT/NiCT2443.jpg,NiCT,train
NiCT/NiCT2445.jpg,NiCT,train
NiCT/NiCT2446.jpg,NiCT,train
NiCT/NiCT2447.jpg,NiCT,train
NiCT/NiCT2448.jpg,NiCT,train
NiCT/NiCT2449.jpg,NiCT,train
NiCT/NiCT2450.jpg,NiCT,train
NiCT/NiCT2451.jpg,NiCT,train
NiCT/NiCT2453.jpg,NiCT,train
NiCT/NiCT2454.jpg,NiCT,train
NiCT/NiCT2455.jpg,NiCT,train
NiCT/NiCT2456.jpg,NiCT,train
NiCT/NiCT2457.jpg,NiCT,train
NiCT/NiCT2458.jpg,NiCT,train
NiCT/NiCT2459.jpg,NiCT,train
NiCT/NiCT2461.jpg,NiCT,train
NiCT/NiCT2462.jpg,NiCT,train
NiCT/NiCT2463.jpg,NiCT,train
NiCT/NiCT2464.jpg,NiCT,train
NiCT/NiCT2465.jpg,NiCT,train
NiCT/NiCT2466.jpg,NiCT,train
NiCT/NiCT2467.jpg,NiCT,train
NiCT/NiCT2469.jpg,NiCT,train
NiCT/NiCT2470.jpg,NiCT,train
NiCT/NiCT2471.jpg,NiCT,train
NiCT/NiCT2472.jpg,NiCT,train
NiCT/NiCT2473.jpg,NiCT,train
NiCT/NiCT2474.jpg,NiCT,train
NiCT/NiCT2475.jpg,NiCT,train
NiCT/NiCT2476.jpg,NiCT,train
NiCT/NiCT2478.jpg,NiCT,train
NiCT/NiCT2479.jpg,NiCT,train
NiCT/NiCT2480.jpg,NiCT,train
NiCT/NiCT2481.jpg,NiCT,train
NiCT/NiCT2482.jpg,NiCT,train
NiCT/NiCT2483.jpg,NiCT,train
NiCT/NiCT2484.jpg,NiCT,train
NiCT/NiCT2485.jpg,NiCT,train
NiCT/NiCT2487.jpg,NiCT,train
NiCT/NiCT2488.jpg,NiCT,train
NiCT/NiCT2489.jpg,NiCT,train
NiCT/NiCT2490.jpg,NiCT,train
NiCT/NiCT2491.jpg,NiCT,train
NiCT/NiCT2492.jpg,NiCT,train
NiCT/NiCT2493.jpg,NiCT,train
NiCT/NiCT2494.jpg,NiCT,train
NiCT/NiCT2496.jpg,NiCT,train
NiCT/NiCT2497.jpg,NiCT,train
NiCT/NiCT2498.jpg,NiCT,train
NiCT/NiCT2499.jpg,NiCT,train
NiCT/NiCT2500.jpg,NiCT,train
NiCT/NiCT2501.jpg,NiCT,train
NiCT/NiCT2502.jpg,NiCT,train
NiCT/NiCT2503.jpg,NiCT,train
NiCT/NiCT2505.jpg,NiCT,train
NiCT/NiCT2506.jpg,NiCT,train
NiCT/NiCT2507.jpg,NiCT,train
NiCT/NiCT2508.jpg,NiCT,train
NiCT/NiCT2509.jpg,NiCT,train
NiCT/NiCT2510.jpg,NiCT,train
NiCT/NiCT2511.jpg,NiCT,train
NiCT/NiCT2512.jpg,NiCT,train
NiCT/NiCT2514.jpg,NiCT,train
NiCT/NiCT2515.jpg,NiCT,train
NiCT/NiCT2516.jpg,NiCT,train
NiCT/NiCT2517.jpg,NiCT,train
NiCT/NiCT2518.jpg,NiCT,train
NiCT/NiCT2519.jpg,NiCT,train
NiCT/NiCT2520.jpg,NiCT,train
NiCT/NiCT2521.jpg,NiCT,train
NiCT/NiCT2523.jpg,NiCT,train
NiCT/NiCT2524.jpg,NiCT,train
NiCT/NiCT2525.jpg,NiCT,train
NiCT/NiCT2526.jpg,NiCT,train
NiCT/NiCT2527.jpg,NiCT,train
NiCT/NiCT2528.jpg,NiCT,train
NiCT/NiCT2529.jpg,NiCT,train
NiCT/NiCT2530.jpg,NiCT,train
NiCT/NiCT2532.jpg,NiCT,train
NiCT/NiCT2533.jpg,NiCT,train
NiCT/NiCT2534.jpg,NiCT,train
NiCT/NiCT2535.jpg,NiCT,train
NiCT/NiCT2536.jpg,NiCT,train
NiCT/NiCT2537.jpg,NiCT,train
NiCT/NiCT2538.jpg,NiCT,train
NiCT/NiCT2539.jpg,NiCT,train
NiCT/NiCT2540.jpg,NiCT,train
NiCT/NiCT2541.jpg,NiCT,train
NiCT/NiCT2543.jpg,NiCT,train
NiCT/NiCT2544.jpg,NiCT,train
NiCT/NiCT2545.jpg,NiCT,train
NiCT/NiCT2546.jpg,NiCT,train
NiCT/NiCT2547.jpg,NiCT,train
NiCT/NiCT2548.jpg,NiCT,train
NiCT/NiCT2549.jpg,NiCT,train
NiCT/NiCT2550.jpg,NiCT,train
NiCT/NiCT2551.jpg,NiCT,train
NiCT/NiCT2553.jpg,NiCT,train
NiCT/NiCT2554.jpg,NiCT,train
NiCT/NiCT2555.jpg,NiCT,train
NiCT/NiCT2556.jpg,NiCT,train
NiCT/NiCT2557.jpg,NiCT,train
NiCT/NiCT2558.jpg,NiCT,train
NiCT/NiCT2559.jpg,NiCT,train
NiCT/NiCT2560.jpg,NiCT,train
NiCT/NiCT2561.jpg,NiCT,train
NiCT/NiCT2562.jpg,NiCT,train
NiCT/NiCT2563.jpg,NiCT,train
NiCT/NiCT2565.jpg,NiCT,train
NiCT/NiCT2566.jpg,NiCT,train
NiCT/NiCT2567.jpg,NiCT,train
NiCT/NiCT2568.jpg,NiCT,train
NiCT/NiCT2569.jpg,NiCT,train
NiCT/NiCT2570.jpg,NiCT,train
NiCT/NiCT2571.jpg,NiCT,train
NiCT/NiCT2572.jpg,NiCT,train
NiCT/NiCT2573.jpg,NiCT,train
NiCT/NiCT2574.jpg,NiCT,train
NiCT/NiCT2576.jpg,NiCT,train
NiCT/NiCT2577.jpg,NiCT,train
NiCT/NiCT2578.jpg,NiCT,train
NiCT/NiCT2579.jpg,NiCT,train
NiCT/NiCT2580.jpg,NiCT,train
NiCT/NiCT2581.jpg,NiCT,train
NiCT/NiCT2582.jpg,NiCT,train
NiCT/NiCT2583.jpg,NiCT,train
NiCT/NiCT2584.jpg,NiCT,train
NiCT/NiCT2586.jpg,NiCT,train
NiCT/NiCT2587.jpg,NiCT,train
NiCT/NiCT2588.jpg,NiCT,train
NiCT/NiCT2589.jpg,NiCT,train
NiCT/NiCT2590.jpg,NiCT,train
NiCT/NiCT2591.jpg,NiCT,train
NiCT/NiCT2592.jpg,NiCT,train
NiCT/NiCT2593.jpg,NiCT,train
NiCT/NiCT2594.jpg,NiCT,train
NiCT/NiCT2596.jpg,NiCT,train
NiCT/NiCT2597.jpg,NiCT,train
NiCT/NiCT2598.jpg,NiCT,train
NiCT/NiCT2599.jpg,NiCT,train
NiCT/NiCT2600.jpg,NiCT,train
NiCT/NiCT2601.jpg,NiCT,train
NiCT/NiCT2602.jpg,NiCT,train
NiCT/NiCT2603.jpg,NiCT,train
NiCT/NiCT2604.jpg,NiCT,train
NiCT/NiCT2606.jpg,NiCT,train
NiCT/NiCT2607.jpg,NiCT,train
NiCT/NiCT2608.jpg,NiCT,train
NiCT/NiCT2609.jpg,NiCT,train
NiCT/NiCT2610.jpg,NiCT,train
NiCT/NiCT2611.jpg,NiCT,train
NiCT/NiCT2612.jpg,NiCT,train
NiCT/NiCT2613.jpg,NiCT,train
NiCT/NiCT2614.jpg,NiCT,train
NiCT/NiCT2616.jpg,NiCT,train
NiCT/NiCT2617.jpg,NiCT,train
NiCT/NiCT2618.jpg,NiCT,train
NiCT/NiCT2619.jpg,NiCT,train
NiCT/NiCT2620.jpg,NiCT,train
NiCT/NiCT2621.jpg,NiCT,train
NiCT/NiCT2622.jpg,NiCT,train
NiCT/NiCT2623.jpg,NiCT,train
NiCT/NiCT2624.jpg,NiCT,train
NiCT/NiCT2626.jpg,NiCT,train
NiCT/NiCT2627.jpg,NiCT,train
NiCT/NiCT2628.jpg,NiCT,train
NiCT/NiCT2629.jpg,NiCT,train
NiCT/NiCT2630.jpg,NiCT,train
NiCT/NiCT2631.jpg,NiCT,train
NiCT/NiCT2632.jpg,NiCT,train
NiCT/NiCT2633.jpg,NiCT,train
NiCT/NiCT2634.jpg,NiCT,train
NiCT/NiCT2636.jpg,NiCT,train
NiCT/NiCT2637.jpg,NiCT,train
NiCT/NiCT2638.jpg,NiCT,train
NiCT/NiCT2639.jpg,NiCT,train
NiCT/NiCT2640.jpg,NiCT,train
NiCT/NiCT2641.jpg,NiCT,train
NiCT/NiCT2642.jpg,NiCT,train
NiCT/NiCT2643.jpg,NiCT,train
NiCT/NiCT2644.jpg,NiCT,train
NiCT/NiCT2645.jpg,NiCT,train
NiCT/NiCT2646.jpg,NiCT,train
NiCT/NiCT2647.jpg,NiCT,train
NiCT/NiCT2648.jpg,NiCT,train
NiCT/NiCT2649.jpg,NiCT,train
NiCT/NiCT2650.jpg,NiCT,train
NiCT/NiCT2651.jpg,NiCT,train
NiCT/NiCT2652.jpg,NiCT,train
NiCT/NiCT2653.jpg,NiCT,train
NiCT/NiCT2654.jpg,NiCT,train
NiCT/NiCT2655.jpg,NiCT,train
NiCT/NiCT2656.jpg,NiCT,train
NiCT/NiCT2657.jpg,NiCT,train
NiCT/NiCT2658.jpg,NiCT,train
NiCT/NiCT2659.jpg,NiCT,train
NiCT/NiCT2660.jpg,NiCT,train
NiCT/NiCT2661.jpg,NiCT,train
NiCT/NiCT2662.jpg,NiCT,train
NiCT/NiCT2663.jpg,NiCT,train
NiCT/NiCT2664.jpg,NiCT,train
NiCT/NiCT2665.jpg,NiCT,train
NiCT/NiCT2666.jpg,NiCT,train
NiCT/NiCT2667.jpg,NiCT,train
NiCT/NiCT2668.jpg,NiCT,train
NiCT/NiCT2669.jpg,NiCT,train
NiCT/NiCT2670.jpg,NiCT,train
NiCT/NiCT2671.jpg,NiCT,train
NiCT/NiCT2672.jpg,NiCT,train
NiCT/NiCT2673.jpg,NiCT,train
NiCT/NiCT2674.jpg,NiCT,train
NiCT/NiCT2675.jpg,NiCT,train
NiCT/NiCT2676.jpg,NiCT,train
NiCT/NiCT2677.jpg,NiCT,train
NiCT/NiCT2678.jpg,NiCT,train
NiCT/NiCT2679.jpg,NiCT,train
NiCT/NiCT2680.jpg,NiCT,train
NiCT/NiCT2681.jpg,NiCT,train
NiCT/NiCT2682.jpg,NiCT,train
NiCT/NiCT2683.jpg,NiCT,train
NiCT/NiCT2684.jpg,NiCT,train
NiCT/NiCT2685.jpg,NiCT,train
NiCT/NiCT2686.jpg,NiCT,train
NiCT/NiCT2687.jpg,NiCT,train
NiCT/NiCT2688.jpg,NiCT,train
NiCT/NiCT2689.jpg,NiCT,train
NiCT/NiCT2690.jpg,NiCT,train
NiCT/NiCT2691.jpg,NiCT,train
NiCT/NiCT2692.jpg,NiCT,train
NiCT/NiCT2693.jpg,NiCT,train
NiCT/NiCT2694.jpg,NiCT,train
NiCT/NiCT2695.jpg,NiCT,train
NiCT/NiCT2696.jpg,NiCT,train
NiCT/NiCT2697.jpg,NiCT,train
NiCT/NiCT2698.jpg,NiCT,train
NiCT/NiCT2699.jpg,NiCT,train
NiCT/NiCT2700.jpg,NiCT,train
NiCT/NiCT2701.jpg,NiCT,train
NiCT/NiCT2702.jpg,NiCT,train
NiCT/NiCT2703.jpg,NiCT,train
NiCT/NiCT2704.jpg,NiCT,train
NiCT/NiCT2705.jpg,NiCT,train
NiCT/NiCT2706.jpg,NiCT,train
NiCT/NiCT2707.jpg,NiCT,train
NiCT/NiCT2708.jpg,NiCT,train
NiCT/NiCT2709.jpg,NiCT,train
NiCT/NiCT2710.jpg,NiCT,train
NiCT/NiCT2711.jpg,NiCT,train
NiCT/NiCT2712.jpg,NiCT,train
NiCT/NiCT2713.jpg,NiCT,train
NiCT/NiCT2714.jpg,NiCT,train
NiCT/NiCT2715.jpg,NiCT,train
NiCT/NiCT2716.jpg,NiCT,train
NiCT/NiCT2717.jpg,NiCT,train
NiCT/NiCT2718.jpg,NiCT,train
NiCT/NiCT2719.jpg,NiCT,train
NiCT/NiCT2720.jpg,NiCT,train
NiCT/NiCT2721.jpg,NiCT,train
NiCT/NiCT2722.jpg,NiCT,train
NiCT/NiCT2723.jpg,NiCT,train
NiCT/NiCT2724.jpg,NiCT,train
NiCT/NiCT2725.jpg,NiCT,train
NiCT/NiCT2726.jpg,NiCT,train
NiCT/NiCT2727.jpg,NiCT,train
NiCT/NiCT2728.jpg,NiCT,train
NiCT/NiCT2729.jpg,NiCT,train
NiCT/NiCT2730.jpg,NiCT,train
NiCT/NiCT2731.jpg,NiCT,train
NiCT/NiCT2732.jpg,NiCT,train
NiCT/NiCT2733.jpg,NiCT,train
NiCT/NiCT2734.jpg,NiCT,train
NiCT/NiCT2735.jpg,NiCT,train
NiCT/NiCT2736.jpg,NiCT,train
NiCT/NiCT2737.jpg,NiCT,train
NiCT/NiCT2738.jpg,NiCT,train
NiCT/NiCT2739.jpg,NiCT,train
NiCT/NiCT2740.jpg,NiCT,train
NiCT/NiCT2741.jpg,NiCT,train
NiCT/NiCT2742.jpg,NiCT,train
NiCT/NiCT2743.jpg,NiCT,train
NiCT/NiCT2744.jpg,NiCT,train
NiCT/NiCT2745.jpg,NiCT,train
NiCT/NiCT2746.jpg,NiCT,train
NiCT/NiCT2747.jpg,NiCT,train
NiCT/NiCT2748.jpg,NiCT,train
NiCT/NiCT2749.jpg,NiCT,train
NiCT/NiCT2750.jpg,NiCT,train
NiCT/NiCT2751.jpg,NiCT,train
NiCT/NiCT2752.jpg,NiCT,train
NiCT/NiCT2753.jpg,NiCT,train
NiCT/NiCT2754.jpg,NiCT,train
NiCT/NiCT2755.jpg,NiCT,train
NiCT/NiCT2756.jpg,NiCT,train
NiCT/NiCT2757.jpg,NiCT,train
NiCT/NiCT2758.jpg,NiCT,train
NiCT/NiCT2759.jpg,NiCT,train
NiCT/NiCT2760.jpg,NiCT,train
NiCT/NiCT2761.jpg,NiCT,train
NiCT/NiCT2762.jpg,NiCT,train
NiCT/NiCT2763.jpg,NiCT,train
NiCT/NiCT2764.jpg,NiCT,train
NiCT/NiCT2765.jpg,NiCT,train
NiCT/NiCT2766.jpg,NiCT,train
NiCT/NiCT2767.jpg,NiCT,train
NiCT/NiCT2768.jpg,NiCT,train
NiCT/NiCT2769.jpg,NiCT,train
NiCT/NiCT2770.jpg,NiCT,train
NiCT/NiCT2771.jpg,NiCT,train
NiCT/NiCT2772.jpg,NiCT,train
NiCT/NiCT2773.jpg,NiCT,train
NiCT/NiCT2774.jpg,NiCT,train
NiCT/NiCT2775.jpg,NiCT,train
NiCT/NiCT2776.jpg,NiCT,train
NiCT/NiCT2777.jpg,NiCT,train
NiCT/NiCT2778.jpg,NiCT,train
NiCT/NiCT2779.jpg,NiCT,train
NiCT/NiCT2780.jpg,NiCT,train
NiCT/NiCT2781.jpg,NiCT,train
NiCT/NiCT2782.jpg,NiCT,train
NiCT/NiCT2783.jpg,NiCT,train
NiCT/NiCT2784.jpg,NiCT,train
NiCT/NiCT2785.jpg,NiCT,train
NiCT/NiCT2786.jpg,NiCT,train
NiCT/NiCT2787.jpg,NiCT,train
NiCT/NiCT2788.jpg,NiCT,train
NiCT/NiCT2789.jpg,NiCT,train
NiCT/NiCT2790.jpg,NiCT,train
NiCT/NiCT2791.jpg,NiCT,train
NiCT/NiCT2792.jpg,NiCT,train
NiCT/NiCT2793.jpg,NiCT,train
NiCT/NiCT2794.jpg,NiCT,train
NiCT/NiCT2795.jpg,NiCT,train
NiCT/NiCT2796.jpg,NiCT,train
NiCT/NiCT2797.jpg,NiCT,train
NiCT/NiCT2798.jpg,NiCT,train
NiCT/NiCT2799.jpg,NiCT,train
NiCT/NiCT2800.jpg,NiCT,train
NiCT/NiCT2801.jpg,NiCT,train
NiCT/NiCT2802.jpg,NiCT,train
NiCT/NiCT2803.jpg,NiCT,train
NiCT/NiCT2804.jpg,NiCT,train
NiCT/NiCT2805.jpg,NiCT,train
NiCT/NiCT2806.jpg,NiCT,train
NiCT/NiCT2807.jpg,NiCT,train
NiCT/NiCT2808.jpg,NiCT,train
NiCT/NiCT2809.jpg,NiCT,train
NiCT/NiCT2810.jpg,NiCT,train
NiCT/NiCT2811.jpg,NiCT,train
NiCT/NiCT2812.jpg,NiCT,train
NiCT/NiCT2813.jpg,NiCT,train
NiCT/NiCT2814.jpg,NiCT,train
NiCT/NiCT2815.jpg,NiCT,train
NiCT/NiCT2816.jpg,NiCT,train
NiCT/NiCT2817.jpg,NiCT,train
NiCT/NiCT2818.jpg,NiCT,train
NiCT/NiCT2819.jpg,NiCT,train
NiCT/NiCT2820.jpg,NiCT,train
NiCT/NiCT2821.jpg,NiCT,train
NiCT/NiCT2822.jpg,NiCT,train
NiCT/NiCT2823.jpg,NiCT,train
NiCT/NiCT2824.jpg,NiCT,train
NiCT/NiCT2825.jpg,NiCT,train
NiCT/NiCT2826.jpg,NiCT,train
NiCT/NiCT2827.jpg,NiCT,train
NiCT/NiCT2828.jpg,NiCT,train
NiCT/NiCT2829.jpg,NiCT,train
NiCT/NiCT2830.jpg,NiCT,train
NiCT/NiCT2831.jpg,NiCT,train
NiCT/NiCT2832.jpg,NiCT,train
NiCT/NiCT2833.jpg,NiCT,train
NiCT/NiCT2834.jpg,NiCT,train
NiCT/NiCT2835.jpg,NiCT,train
NiCT/NiCT2836.jpg,NiCT,train
NiCT/NiCT2837.jpg,NiCT,train
NiCT/NiCT2838.jpg,NiCT,train
NiCT/NiCT2839.jpg,NiCT,train
NiCT/NiCT2840.jpg,NiCT,train
NiCT/NiCT2841.jpg,NiCT,train
NiCT/NiCT2842.jpg,NiCT,train
NiCT/NiCT2843.jpg,NiCT,train
NiCT/NiCT2844.jpg,NiCT,train
NiCT/NiCT2845.jpg,NiCT,train
NiCT/NiCT2846.jpg,NiCT,train
NiCT/NiCT2847.jpg,NiCT,train
NiCT/NiCT2848.jpg,NiCT,train
NiCT/NiCT2849.jpg,NiCT,train
NiCT/NiCT2850.jpg,NiCT,train
NiCT/NiCT2851.jpg,NiCT,train
NiCT/NiCT2852.jpg,NiCT,train
NiCT/NiCT2853.jpg,NiCT,train
NiCT/NiCT2854.jpg,NiCT,train
NiCT/NiCT2855.jpg,NiCT,train
NiCT/NiCT2856.jpg,NiCT,train
NiCT/NiCT2857.jpg,NiCT,train
NiCT/NiCT2858.jpg,NiCT,train
NiCT/NiCT2859.jpg,NiCT,train
NiCT/NiCT2860.jpg,NiCT,train
NiCT/NiCT2861.jpg,NiCT,train
NiCT/NiCT2862.jpg,NiCT,train
NiCT/NiCT2863.jpg,NiCT,train
NiCT/NiCT2864.jpg,NiCT,train
NiCT/NiCT2865.jpg,NiCT,train
NiCT/NiCT2866.jpg,NiCT,train
NiCT/NiCT2867.jpg,NiCT,train
NiCT/NiCT2868.jpg,NiCT,train
NiCT/NiCT2869.jpg,NiCT,train
NiCT/NiCT2870.jpg,NiCT,train
NiCT/NiCT2871.jpg,NiCT,train
NiCT/NiCT2872.jpg,NiCT,train
NiCT/NiCT2873.jpg,NiCT,train
NiCT/NiCT2874.jpg,NiCT,train
NiCT/NiCT2875.jpg,NiCT,train
NiCT/NiCT2876.jpg,NiCT,train
NiCT/NiCT2877.jpg,NiCT,train
NiCT/NiCT2878.jpg,NiCT,train
NiCT/NiCT2879.jpg,NiCT,train
NiCT/NiCT2880.jpg,NiCT,train
NiCT/NiCT2881.jpg,NiCT,train
NiCT/NiCT2882.jpg,NiCT,train
NiCT/NiCT2883.jpg,NiCT,train
NiCT/NiCT2884.jpg,NiCT,train
NiCT/NiCT2885.jpg,NiCT,train
NiCT/NiCT2886.jpg,NiCT,train
NiCT/NiCT2887.jpg,NiCT,train
NiCT/NiCT2888.jpg,NiCT,train
NiCT/NiCT2889.jpg,NiCT,train
NiCT/NiCT2890.jpg,NiCT,train
NiCT/NiCT2891.jpg,NiCT,train
NiCT/NiCT2892.jpg,NiCT,train
NiCT/NiCT2893.jpg,NiCT,train
NiCT/NiCT2894.jpg,NiCT,train
NiCT/NiCT2895.jpg,NiCT,train
NiCT/NiCT2896.jpg,NiCT,train
NiCT/NiCT2897.jpg,NiCT,train
NiCT/NiCT2898.jpg,NiCT,train
NiCT/NiCT2899.jpg,NiCT,train
NiCT/NiCT2900.jpg,NiCT,train
NiCT/NiCT2901.jpg,NiCT,train
NiCT/NiCT2902.jpg,NiCT,train
NiCT/NiCT2903.jpg,NiCT,train
NiCT/NiCT2904.jpg,NiCT,train
NiCT/NiCT2905.jpg,NiCT,train
NiCT/NiCT2906.jpg,NiCT,train
NiCT/NiCT2907.jpg,NiCT,train
NiCT/NiCT2908.jpg,NiCT,train
NiCT/NiCT2909.jpg,NiCT,train
NiCT/NiCT2910.jpg,NiCT,train
NiCT/NiCT2911.jpg,NiCT,train
NiCT/NiCT2912.jpg,NiCT,train
NiCT/NiCT2913.jpg,NiCT,train
NiCT/NiCT2914.jpg,NiCT,train
NiCT/NiCT2915.jpg,NiCT,train
NiCT/NiCT2916.jpg,NiCT,train
NiCT/NiCT2917.jpg,NiCT,train
NiCT/NiCT2918.jpg,NiCT,train
NiCT/NiCT2919.jpg,NiCT,train
NiCT/NiCT2920.jpg,NiCT,train
NiCT/NiCT2921.jpg,NiCT,train
NiCT/NiCT2922.jpg,NiCT,train
NiCT/NiCT2923.jpg,NiCT,train
NiCT/NiCT2924.jpg,NiCT,train
NiCT/NiCT2925.jpg,NiCT,train
NiCT/NiCT2926.jpg,NiCT,train
NiCT/NiCT2927.jpg,NiCT,train
NiCT/NiCT2928.jpg,NiCT,train
NiCT/NiCT2929.jpg,NiCT,train
NiCT/NiCT2930.jpg,NiCT,train
NiCT/NiCT2931.jpg,NiCT,train
NiCT/NiCT2932.jpg,NiCT,train
NiCT/NiCT2933.jpg,NiCT,train
NiCT/NiCT2934.jpg,NiCT,train
NiCT/NiCT2935.jpg,NiCT,train
NiCT/NiCT2936.jpg,NiCT,train
NiCT/NiCT2937.jpg,NiCT,train
NiCT/NiCT2938.jpg,NiCT,train
NiCT/NiCT2939.jpg,NiCT,train
NiCT/NiCT2940.jpg,NiCT,train
NiCT/NiCT2941.jpg,NiCT,train
NiCT/NiCT2942.jpg,NiCT,train
NiCT/NiCT2943.jpg,NiCT,train
NiCT/NiCT2944.jpg,NiCT,train
NiCT/NiCT2945.jpg,NiCT,train
NiCT/NiCT2946.jpg,NiCT,train
NiCT/NiCT2947.jpg,NiCT,train
NiCT/NiCT2948.jpg,NiCT,train
NiCT/NiCT2949.jpg,NiCT,train
NiCT/NiCT2950.jpg,NiCT,train
NiCT/NiCT2951.jpg,NiCT,train
NiCT/NiCT2952.jpg,NiCT,train
NiCT/NiCT2953.jpg,NiCT,train
NiCT/NiCT2954.jpg,NiCT,train
NiCT/NiCT2955.jpg,NiCT,train
NiCT/NiCT2956.jpg,NiCT,train
NiCT/NiCT2957.jpg,NiCT,train
NiCT/NiCT2958.jpg,NiCT,train
NiCT/NiCT2959.jpg,NiCT,train
NiCT/NiCT2960.jpg,NiCT,train
NiCT/NiCT2961.jpg,NiCT,train
NiCT/NiCT2962.jpg,NiCT,train
NiCT/NiCT2963.jpg,NiCT,train
NiCT/NiCT2964.jpg,NiCT,train
NiCT/NiCT2965.jpg,NiCT,train
NiCT/NiCT2966.jpg,NiCT,train
NiCT/NiCT2967.jpg,NiCT,train
NiCT/NiCT2968.jpg,NiCT,train
NiCT/NiCT2969.jpg,NiCT,train
NiCT/NiCT2970.jpg,NiCT,train
NiCT/NiCT2971.jpg,NiCT,train
NiCT/NiCT2972.jpg,NiCT,train
NiCT/NiCT2973.jpg,NiCT,train
NiCT/NiCT2974.jpg,NiCT,train
NiCT/NiCT2975.jpg,NiCT,train
NiCT/NiCT2976.jpg,NiCT,train
NiCT/NiCT2977.jpg,NiCT,train
NiCT/NiCT2978.jpg,NiCT,train
NiCT/NiCT2979.jpg,NiCT,train
NiCT/NiCT2980.jpg,NiCT,train
NiCT/NiCT2981.jpg,NiCT,train
NiCT/NiCT2982.jpg,NiCT,train
NiCT/NiCT2983.jpg,NiCT,train
NiCT/NiCT2984.jpg,NiCT,train
NiCT/NiCT2985.jpg,NiCT,train
NiCT/NiCT2986.jpg,NiCT,train
NiCT/NiCT2987.jpg,NiCT,train
NiCT/NiCT2988.jpg,NiCT,train
NiCT/NiCT2989.jpg,NiCT,train
NiCT/NiCT2990.jpg,NiCT,train
NiCT/NiCT2991.jpg,NiCT,train
NiCT/NiCT2992.jpg,NiCT,train
NiCT/NiCT2993.jpg,NiCT,train
NiCT/NiCT2994.jpg,NiCT,train
NiCT/NiCT2995.jpg,NiCT,train
NiCT/NiCT2996.jpg,NiCT,train
NiCT/NiCT2997.jpg,NiCT,train
NiCT/NiCT2998.jpg,NiCT,train
NiCT/NiCT2999.jpg,NiCT,train
NiCT/NiCT3000.jpg,NiCT,train
NiCT/NiCT3001.jpg,NiCT,train
NiCT/NiCT3002.jpg,NiCT,train
NiCT/NiCT3003.jpg,NiCT,train
NiCT/NiCT3004.jpg,NiCT,train
NiCT/NiCT3005.jpg,NiCT,train
NiCT/NiCT3006.jpg,NiCT,train
NiCT/NiCT3007.jpg,NiCT,train
NiCT/NiCT3008.jpg,NiCT,train
NiCT/NiCT3009.jpg,NiCT,train
NiCT/NiCT3010.jpg,NiCT,train
NiCT/NiCT3011.jpg,NiCT,train
NiCT/NiCT3012.jpg,NiCT,train
NiCT/NiCT3013.jpg,NiCT,train
NiCT/NiCT3014.jpg,NiCT,train
NiCT/NiCT3015.jpg,NiCT,train
NiCT/NiCT3016.jpg,NiCT,train
NiCT/NiCT3017.jpg,NiCT,train
NiCT/NiCT3018.jpg,NiCT,train
NiCT/NiCT3019.jpg,NiCT,train
NiCT/NiCT3020.jpg,NiCT,train
NiCT/NiCT3021.jpg,NiCT,train
NiCT/NiCT3022.jpg,NiCT,train
NiCT/NiCT3023.jpg,NiCT,train
NiCT/NiCT3024.jpg,NiCT,train
NiCT/NiCT3025.jpg,NiCT,train
NiCT/NiCT3026.jpg,NiCT,train
NiCT/NiCT3027.jpg,NiCT,train
NiCT/NiCT3028.jpg,NiCT,train
NiCT/NiCT3029.jpg,NiCT,train
NiCT/NiCT3030.jpg,NiCT,train
NiCT/NiCT3031.jpg,NiCT,train
NiCT/NiCT3032.jpg,NiCT,train
NiCT/NiCT3033.jpg,NiCT,train
NiCT/NiCT3034.jpg,NiCT,train
NiCT/NiCT3035.jpg,NiCT,train
NiCT/NiCT3036.jpg,NiCT,train
NiCT/NiCT3037.jpg,NiCT,train
NiCT/NiCT3038.jpg,NiCT,train
NiCT/NiCT3039.jpg,NiCT,train
NiCT/NiCT3040.jpg,NiCT,train
NiCT/NiCT3041.jpg,NiCT,train
NiCT/NiCT3042.jpg,NiCT,train
NiCT/NiCT3043.jpg,NiCT,train
NiCT/NiCT3044.jpg,NiCT,train
NiCT/NiCT3045.jpg,NiCT,train
NiCT/NiCT3046.jpg,NiCT,train
NiCT/NiCT3047.jpg,NiCT,train
NiCT/NiCT3048.jpg,NiCT,train
NiCT/NiCT3049.jpg,NiCT,train
NiCT/NiCT3050.jpg,NiCT,train
NiCT/NiCT3051.jpg,NiCT,train
NiCT/NiCT3052.jpg,NiCT,train
NiCT/NiCT3053.jpg,NiCT,train
NiCT/NiCT3054.jpg,NiCT,train
NiCT/NiCT3055.jpg,NiCT,train
NiCT/NiCT3056.jpg,NiCT,train
NiCT/NiCT3057.jpg,NiCT,train
NiCT/NiCT3058.jpg,NiCT,train
NiCT/NiCT3059.jpg,NiCT,train
NiCT/NiCT3060.jpg,NiCT,train
NiCT/NiCT3061.jpg,NiCT,train
NiCT/NiCT3062.jpg,NiCT,train
NiCT/NiCT3063.jpg,NiCT,train
NiCT/NiCT3064.jpg,NiCT,train
NiCT/NiCT3065.jpg,NiCT,train
NiCT/NiCT3066.jpg,NiCT,train
NiCT/NiCT3067.jpg,NiCT,train
NiCT/NiCT3068.jpg,NiCT,train
NiCT/NiCT3069.jpg,NiCT,train
NiCT/NiCT3070.jpg,NiCT,train
NiCT/NiCT3071.jpg,NiCT,train
NiCT/NiCT3072.jpg,NiCT,train
NiCT/NiCT3073.jpg,NiCT,train
NiCT/NiCT3074.jpg,NiCT,train
NiCT/NiCT3075.jpg,NiCT,train
NiCT/NiCT3076.jpg,NiCT,train
NiCT/NiCT3077.jpg,NiCT,train
NiCT/NiCT3078.jpg,NiCT,train
NiCT/NiCT3079.jpg,NiCT,train
NiCT/NiCT3080.jpg,NiCT,train
NiCT/NiCT3081.jpg,NiCT,train
NiCT/NiCT3082.jpg,NiCT,train
NiCT/NiCT3083.jpg,NiCT,train
NiCT/NiCT3084.jpg,NiCT,train
NiCT/NiCT3085.jpg,NiCT,train
NiCT/NiCT3086.jpg,NiCT,train
NiCT/NiCT3087.jpg,NiCT,train
NiCT/NiCT3088.jpg,NiCT,train
NiCT/NiCT3089.jpg,NiCT,train
NiCT/NiCT3090.jpg,NiCT,train
NiCT/NiCT3091.jpg,NiCT,train
NiCT/NiCT3092.jpg,NiCT,train
NiCT/NiCT3093.jpg,NiCT,train
NiCT/NiCT3094.jpg,NiCT,train
NiCT/NiCT3095.jpg,NiCT,train
NiCT/NiCT3096.jpg,NiCT,train
NiCT/NiCT3097.jpg,NiCT,train
NiCT/NiCT3098.jpg,NiCT,train
NiCT/NiCT3099.jpg,NiCT,train
NiCT/NiCT3100.jpg,NiCT,train
NiCT/NiCT3101.jpg,NiCT,train
NiCT/NiCT3102.jpg,NiCT,train
NiCT/NiCT3103.jpg,NiCT,train
NiCT/NiCT3104.jpg,NiCT,train
NiCT/NiCT3105.jpg,NiCT,train
NiCT/NiCT3106.jpg,NiCT,train
NiCT/NiCT3107.jpg,NiCT,train
NiCT/NiCT3108.jpg,NiCT,train
NiCT/NiCT3109.jpg,NiCT,train
NiCT/NiCT3110.jpg,NiCT,train
NiCT/NiCT3111.jpg,NiCT,train
NiCT/NiCT3112.jpg,NiCT,train
NiCT/NiCT3113.jpg,NiCT,train
NiCT/NiCT3114.jpg,NiCT,train
NiCT/NiCT3115.jpg,NiCT,train
NiCT/NiCT3116.jpg,NiCT,train
NiCT/NiCT3117.jpg,NiCT,train
NiCT/NiCT3118.jpg,NiCT,train
NiCT/NiCT3119.jpg,NiCT,train
NiCT/NiCT3120.jpg,NiCT,train
NiCT/NiCT3121.jpg,NiCT,train
NiCT/NiCT3122.jpg,NiCT,train
NiCT/NiCT3123.jpg,NiCT,train
NiCT/NiCT3124.jpg,NiCT,train
NiCT/NiCT3125.jpg,NiCT,train
NiCT/NiCT3126.jpg,NiCT,train
NiCT/NiCT3127.jpg,NiCT,train
NiCT/NiCT3128.jpg,NiCT,train
NiCT/NiCT3129.jpg,NiCT,train
NiCT/NiCT3130.jpg,NiCT,train
NiCT/NiCT3131.jpg,NiCT,train
NiCT/NiCT3132.jpg,NiCT,train
NiCT/NiCT3133.jpg,NiCT,train
NiCT/NiCT3134.jpg,NiCT,train
NiCT/NiCT3135.jpg,NiCT,train
NiCT/NiCT3136.jpg,NiCT,train
NiCT/NiCT3137.jpg,NiCT,train
NiCT/NiCT3138.jpg,NiCT,train
NiCT/NiCT3139.jpg,NiCT,train
NiCT/NiCT3140.jpg,NiCT,train
NiCT/NiCT3141.jpg,NiCT,train
NiCT/NiCT3142.jpg,NiCT,train
NiCT/NiCT3143.jpg,NiCT,train
NiCT/NiCT3144.jpg,NiCT,train
NiCT/NiCT3145.jpg,NiCT,train
NiCT/NiCT3146.jpg,NiCT,train
NiCT/NiCT3147.jpg,NiCT,train
NiCT/NiCT3148.jpg,NiCT,train
NiCT/NiCT3149.jpg,NiCT,train
NiCT/NiCT3150.jpg,NiCT,train
NiCT/NiCT3151.jpg,NiCT,train
NiCT/NiCT3152.jpg,NiCT,train
NiCT/NiCT3153.jpg,NiCT,train
NiCT/NiCT3154.jpg,NiCT,train
NiCT/NiCT3155.jpg,NiCT,train
NiCT/NiCT3156.jpg,NiCT,train
NiCT/NiCT3157.jpg,NiCT,train
NiCT/NiCT3158.jpg,NiCT,train
NiCT/NiCT3159.jpg,NiCT,train
NiCT/NiCT3160.jpg,NiCT,train
NiCT/NiCT3161.jpg,NiCT,train
NiCT/NiCT3162.jpg,NiCT,train
NiCT/NiCT3163.jpg,NiCT,train
NiCT/NiCT3164.jpg,NiCT,train
NiCT/NiCT3165.jpg,NiCT,train
NiCT/NiCT3166.jpg,NiCT,train
NiCT/NiCT3167.jpg,NiCT,train
NiCT/NiCT3168.jpg,NiCT,train
NiCT/NiCT3169.jpg,NiCT,train
NiCT/NiCT3170.jpg,NiCT,train
NiCT/NiCT3171.jpg,NiCT,train
NiCT/NiCT3172.jpg,NiCT,train
NiCT/NiCT3173.jpg,NiCT,train
NiCT/NiCT3174.jpg,NiCT,train
NiCT/NiCT3175.jpg,NiCT,train
NiCT/NiCT3176.jpg,NiCT,train
NiCT/NiCT3177.jpg,NiCT,train
NiCT/NiCT3178.jpg,NiCT,train
NiCT/NiCT3179.jpg,NiCT,train
NiCT/NiCT3180.jpg,NiCT,train
NiCT/NiCT3181.jpg,NiCT,train
NiCT/NiCT3182.jpg,NiCT,train
NiCT/NiCT3183.jpg,NiCT,train
NiCT/NiCT3184.jpg,NiCT,train
NiCT/NiCT3185.jpg,NiCT,train
NiCT/NiCT3186.jpg,NiCT,train
NiCT/NiCT3187.jpg,NiCT,train
NiCT/NiCT3188.jpg,NiCT,train
NiCT/NiCT3189.jpg,NiCT,train
NiCT/NiCT3190.jpg,NiCT,train
NiCT/NiCT3191.jpg,NiCT,train
NiCT/NiCT3192.jpg,NiCT,train
NiCT/NiCT3193.jpg,NiCT,train
NiCT/NiCT3194.jpg,NiCT,train
NiCT/NiCT3195.jpg,NiCT,train
NiCT/NiCT3196.jpg,NiCT,train
NiCT/NiCT3197.jpg,NiCT,train
NiCT/NiCT3198.jpg,NiCT,train
NiCT/NiCT3199.jpg,NiCT,train
NiCT/NiCT3200.jpg,NiCT,train
NiCT/NiCT3201.jpg,NiCT,train
NiCT/NiCT3202.jpg,NiCT,train
NiCT/NiCT3203.jpg,NiCT,train
NiCT/NiCT3204.jpg,NiCT,train
NiCT/NiCT3205.jpg,NiCT,train
NiCT/NiCT3206.jpg,NiCT,train
NiCT/NiCT3207.jpg,NiCT,train
NiCT/NiCT3208.jpg,NiCT,train
NiCT/NiCT3209.jpg,NiCT,train
NiCT/NiCT3210.jpg,NiCT,train
NiCT/NiCT3211.jpg,NiCT,train
NiCT/NiCT3212.jpg,NiCT,train
NiCT/NiCT3213.jpg,NiCT,train
NiCT/NiCT3214.jpg,NiCT,train
NiCT/NiCT3215.jpg,NiCT,train
NiCT/NiCT3216.jpg,NiCT,train
NiCT/NiCT3217.jpg,NiCT,train
NiCT/NiCT3218.jpg,NiCT,train
NiCT/NiCT3219.jpg,NiCT,train
NiCT/NiCT3220.jpg,NiCT,train
NiCT/NiCT3221.jpg,NiCT,train
NiCT/NiCT3222.jpg,NiCT,train
NiCT/NiCT3223.jpg,NiCT,train
NiCT/NiCT3224.jpg,NiCT,train
NiCT/NiCT3225.jpg,NiCT,train
NiCT/NiCT3226.jpg,NiCT,train
NiCT/NiCT3227.jpg,NiCT,train
NiCT/NiCT3228.jpg,NiCT,train
NiCT/NiCT3229.jpg,NiCT,train
NiCT/NiCT3230.jpg,NiCT,train
NiCT/NiCT3231.jpg,NiCT,train
NiCT/NiCT3232.jpg,NiCT,train
NiCT/NiCT3233.jpg,NiCT,train
NiCT/NiCT3234.jpg,NiCT,train
NiCT/NiCT3235.jpg,NiCT,train
NiCT/NiCT3236.jpg,NiCT,train
NiCT/NiCT3237.jpg,NiCT,train
NiCT/NiCT3238.jpg,NiCT,train
NiCT/NiCT3239.jpg,NiCT,train
NiCT/NiCT3240.jpg,NiCT,train
NiCT/NiCT3241.jpg,NiCT,train
NiCT/NiCT3242.jpg,NiCT,train
NiCT/NiCT3243.jpg,NiCT,train
NiCT/NiCT3244.jpg,NiCT,train
NiCT/NiCT3245.jpg,NiCT,train
NiCT/NiCT3246.jpg,NiCT,train
NiCT/NiCT3247.jpg,NiCT,train
NiCT/NiCT3248.jpg,NiCT,train
NiCT/NiCT3249.jpg,NiCT,train
NiCT/NiCT3250.jpg,NiCT,train
NiCT/NiCT3251.jpg,NiCT,train
NiCT/NiCT3252.jpg,NiCT,train
NiCT/NiCT3253.jpg,NiCT,train
NiCT/NiCT3254.jpg,NiCT,train
NiCT/NiCT3255.jpg,NiCT,train
NiCT/NiCT3256.jpg,NiCT,train
NiCT/NiCT3257.jpg,NiCT,train
NiCT/NiCT3258.jpg,NiCT,train
NiCT/NiCT3259.jpg,NiCT,train
NiCT/NiCT3260.jpg,NiCT,train
NiCT/NiCT3261.jpg,NiCT,train
NiCT/NiCT3262.jpg,NiCT,train
NiCT/NiCT3263.jpg,NiCT,train
NiCT/NiCT3264.jpg,NiCT,train
NiCT/NiCT3265.jpg,NiCT,train
NiCT/NiCT3266.jpg,NiCT,train
NiCT/NiCT3267.jpg,NiCT,train
NiCT/NiCT3268.jpg,NiCT,train
NiCT/NiCT3269.jpg,NiCT,train
NiCT/NiCT3270.jpg,NiCT,train
NiCT/NiCT3271.jpg,NiCT,train
NiCT/NiCT3272.jpg,NiCT,train
NiCT/NiCT3273.jpg,NiCT,train
NiCT/NiCT3274.jpg,NiCT,train
NiCT/NiCT3275.jpg,NiCT,train
NiCT/NiCT3276.jpg,NiCT,train
NiCT/NiCT3277.jpg,NiCT,train
NiCT/NiCT3278.jpg,NiCT,train
NiCT/NiCT3279.jpg,NiCT,train
NiCT/NiCT3280.jpg,NiCT,train
NiCT/NiCT3281.jpg,NiCT,train
NiCT/NiCT3282.jpg,NiCT,train
NiCT/NiCT3283.jpg,NiCT,train
NiCT/NiCT3284.jpg,NiCT,train
NiCT/NiCT3285.jpg,NiCT,train
NiCT/NiCT3286.jpg,NiCT,train
NiCT/NiCT3287.jpg,NiCT,train
NiCT/NiCT3288.jpg,NiCT,train
NiCT/NiCT3289.jpg,NiCT,train
NiCT/NiCT3290.jpg,NiCT,train
NiCT/NiCT3291.jpg,NiCT,train
NiCT/NiCT3292.jpg,NiCT,train
NiCT/NiCT3293.jpg,NiCT,train
NiCT/NiCT3294.jpg,NiCT,train
NiCT/NiCT3295.jpg,NiCT,train
NiCT/NiCT3296.jpg,NiCT,train
NiCT/NiCT3297.jpg,NiCT,train
NiCT/NiCT3298.jpg,NiCT,train
NiCT/NiCT3299.jpg,NiCT,train
NiCT/NiCT3300.jpg,NiCT,train
NiCT/NiCT3301.jpg,NiCT,train
NiCT/NiCT3302.jpg,NiCT,train
NiCT/NiCT3303.jpg,NiCT,train
NiCT/NiCT3304.jpg,NiCT,train
NiCT/NiCT3305.jpg,NiCT,train
NiCT/NiCT3306.jpg,NiCT,train
NiCT/NiCT3307.jpg,NiCT,train
NiCT/NiCT3308.jpg,NiCT,train
NiCT/NiCT3309.jpg,NiCT,train
NiCT/NiCT3310.jpg,NiCT,train
NiCT/NiCT3311.jpg,NiCT,train
NiCT/NiCT3312.jpg,NiCT,train
NiCT/NiCT3313.jpg,NiCT,train
NiCT/NiCT3314.jpg,NiCT,train
NiCT/NiCT3315.jpg,NiCT,train
NiCT/NiCT3316.jpg,NiCT,train
NiCT/NiCT3317.jpg,NiCT,train
NiCT/NiCT3318.jpg,NiCT,train
NiCT/NiCT3319.jpg,NiCT,train
NiCT/NiCT3320.jpg,NiCT,train
NiCT/NiCT3321.jpg,NiCT,train
NiCT/NiCT3322.jpg,NiCT,train
NiCT/NiCT3323.jpg,NiCT,train
NiCT/NiCT3324.jpg,NiCT,train
NiCT/NiCT3325.jpg,NiCT,train
NiCT/NiCT3326.jpg,NiCT,train
NiCT/NiCT3327.jpg,NiCT,train
NiCT/NiCT3328.jpg,NiCT,train
NiCT/NiCT3329.jpg,NiCT,train
NiCT/NiCT3330.jpg,NiCT,train
NiCT/NiCT3331.jpg,NiCT,train
NiCT/NiCT3332.jpg,NiCT,train
NiCT/NiCT3333.jpg,NiCT,train
NiCT/NiCT3334.jpg,NiCT,train
NiCT/NiCT3335.jpg,NiCT,train
NiCT/NiCT3336.jpg,NiCT,train
NiCT/NiCT3337.jpg,NiCT,train
NiCT/NiCT3338.jpg,NiCT,train
NiCT/NiCT3339.jpg,NiCT,train
NiCT/NiCT3340.jpg,NiCT,train
NiCT/NiCT3341.jpg,NiCT,train
NiCT/NiCT3342.jpg,NiCT,train
NiCT/NiCT3343.jpg,NiCT,train
NiCT/NiCT3344.jpg,NiCT,train
NiCT/NiCT3345.jpg,NiCT,train
NiCT/NiCT3346.jpg,NiCT,train
NiCT/NiCT3347.jpg,NiCT,train
NiCT/NiCT3348.jpg,NiCT,train
NiCT/NiCT3349.jpg,NiCT,train
NiCT/NiCT3350.jpg,NiCT,train
NiCT/NiCT3351.jpg,NiCT,train
NiCT/NiCT3352.jpg,NiCT,train
NiCT/NiCT3353.jpg,NiCT,train
NiCT/NiCT3354.jpg,NiCT,train
NiCT/NiCT3355.jpg,NiCT,train
NiCT/NiCT3356.jpg,NiCT,train
NiCT/NiCT3357.jpg,NiCT,train
NiCT/NiCT3358.jpg,NiCT,train
NiCT/NiCT3359.jpg,NiCT,train
NiCT/NiCT3360.jpg,NiCT,train
NiCT/NiCT3361.jpg,NiCT,train
NiCT/NiCT3362.jpg,NiCT,train
NiCT/NiCT3363.jpg,NiCT,train
NiCT/NiCT3364.jpg,NiCT,train
NiCT/NiCT3365.jpg,NiCT,train
NiCT/NiCT3366.jpg,NiCT,train
NiCT/NiCT3367.jpg,NiCT,train
NiCT/NiCT3368.jpg,NiCT,train
NiCT/NiCT3369.jpg,NiCT,train
NiCT/NiCT3370.jpg,NiCT,train
NiCT/NiCT3371.jpg,NiCT,train
NiCT/NiCT3372.jpg,NiCT,train
NiCT/NiCT3373.jpg,NiCT,train
NiCT/NiCT3374.jpg,NiCT,train
NiCT/NiCT3375.jpg,NiCT,train
NiCT/NiCT3376.jpg,NiCT,train
NiCT/NiCT3377.jpg,NiCT,train
NiCT/NiCT3378.jpg,NiCT,train
NiCT/NiCT3379.jpg,NiCT,train
NiCT/NiCT3380.jpg,NiCT,train
NiCT/NiCT3381.jpg,NiCT,train
NiCT/NiCT3382.jpg,NiCT,train
NiCT/NiCT3383.jpg,NiCT,train
NiCT/NiCT3384.jpg,NiCT,train
NiCT/NiCT3385.jpg,NiCT,train
NiCT/NiCT3386.jpg,NiCT,train
NiCT/NiCT3387.jpg,NiCT,train
NiCT/NiCT3388.jpg,NiCT,train
NiCT/NiCT3389.jpg,NiCT,train
NiCT/NiCT3390.jpg,NiCT,train
NiCT/NiCT3391.jpg,NiCT,train
NiCT/NiCT3392.jpg,NiCT,train
NiCT/NiCT3393.jpg,NiCT,train
NiCT/NiCT3394.jpg,NiCT,train
NiCT/NiCT3395.jpg,NiCT,train
NiCT/NiCT3396.jpg,NiCT,train
NiCT/NiCT3397.jpg,NiCT,train
NiCT/NiCT3398.jpg,NiCT,train
NiCT/NiCT3399.jpg,NiCT,train
NiCT/NiCT3400.jpg,NiCT,train
NiCT/NiCT3401.jpg,NiCT,train
NiCT/NiCT3402.jpg,NiCT,train
NiCT/NiCT3403.jpg,NiCT,train
NiCT/NiCT3404.jpg,NiCT,train
NiCT/NiCT3405.jpg,NiCT,train
NiCT/NiCT3406.jpg,NiCT,train
NiCT/NiCT3407.jpg,NiCT,train
NiCT/NiCT3408.jpg,NiCT,train
NiCT/NiCT3409.jpg,NiCT,train
NiCT/NiCT3410.jpg,NiCT,train
NiCT/NiCT3411.jpg,NiCT,train
NiCT/NiCT3412.jpg,NiCT,train
NiCT/NiCT3413.jpg,NiCT,train
NiCT/NiCT3414.jpg,NiCT,train
NiCT/NiCT3415.jpg,NiCT,train
NiCT/NiCT3416.jpg,NiCT,train
NiCT/NiCT3417.jpg,NiCT,train
NiCT/NiCT3418.jpg,NiCT,train
NiCT/NiCT3419.jpg,NiCT,train
NiCT/NiCT3420.jpg,NiCT,train
NiCT/NiCT3421.jpg,NiCT,train
NiCT/NiCT3422.jpg,NiCT,train
NiCT/NiCT3423.jpg,NiCT,train
NiCT/NiCT3424.jpg,NiCT,train
NiCT/NiCT3425.jpg,NiCT,train
NiCT/NiCT3426.jpg,NiCT,train
NiCT/NiCT3427.jpg,NiCT,train
NiCT/NiCT3428.jpg,NiCT,train
NiCT/NiCT3429.jpg,NiCT,train
NiCT/NiCT3430.jpg,NiCT,train
NiCT/NiCT3431.jpg,NiCT,train
NiCT/NiCT3432.jpg,NiCT,train
NiCT/NiCT3433.jpg,NiCT,train
NiCT/NiCT3434.jpg,NiCT,train
NiCT/NiCT3435.jpg,NiCT,train
NiCT/NiCT3436.jpg,NiCT,train
NiCT/NiCT3437.jpg,NiCT,train
NiCT/NiCT3438.jpg,NiCT,train
NiCT/NiCT3439.jpg,NiCT,train
NiCT/NiCT3440.jpg,NiCT,train
NiCT/NiCT3441.jpg,NiCT,train
NiCT/NiCT3442.jpg,NiCT,train
NiCT/NiCT3443.jpg,NiCT,train
NiCT/NiCT3444.jpg,NiCT,train
NiCT/NiCT3445.jpg,NiCT,train
NiCT/NiCT3446.jpg,NiCT,train
NiCT/NiCT3447.jpg,NiCT,train
NiCT/NiCT3448.jpg,NiCT,train
NiCT/NiCT3449.jpg,NiCT,train
NiCT/NiCT3450.jpg,NiCT,train
NiCT/NiCT3451.jpg,NiCT,train
NiCT/NiCT3452.jpg,NiCT,train
NiCT/NiCT3453.jpg,NiCT,train
NiCT/NiCT3454.jpg,NiCT,train
NiCT/NiCT3455.jpg,NiCT,train
NiCT/NiCT3456.jpg,NiCT,train
NiCT/NiCT3457.jpg,NiCT,train
NiCT/NiCT3458.jpg,NiCT,train
NiCT/NiCT3459.jpg,NiCT,train
NiCT/NiCT3460.jpg,NiCT,train
NiCT/NiCT3461.jpg,NiCT,train
NiCT/NiCT3462.jpg,NiCT,train
NiCT/NiCT3463.jpg,NiCT,train
NiCT/NiCT3464.jpg,NiCT,train
NiCT/NiCT3465.jpg,NiCT,train
NiCT/NiCT3466.jpg,NiCT,train
NiCT/NiCT3467.jpg,NiCT,train
NiCT/NiCT3468.jpg,NiCT,train
NiCT/NiCT3469.jpg,NiCT,train
NiCT/NiCT3470.jpg,NiCT,train
NiCT/NiCT3471.jpg,NiCT,train
NiCT/NiCT3472.jpg,NiCT,train
NiCT/NiCT3473.jpg,NiCT,train
NiCT/NiCT3474.jpg,NiCT,train
NiCT/NiCT3475.jpg,NiCT,train
NiCT/NiCT3476.jpg,NiCT,train
NiCT/NiCT3477.jpg,NiCT,train
NiCT/NiCT3478.jpg,NiCT,train
NiCT/NiCT3479.jpg,NiCT,train
NiCT/NiCT3480.jpg,NiCT,train
NiCT/NiCT3481.jpg,NiCT,train
NiCT/NiCT3482.jpg,NiCT,train
NiCT/NiCT3483.jpg,NiCT,train
NiCT/NiCT3484.jpg,NiCT,train
NiCT/NiCT3485.jpg,NiCT,train
NiCT/NiCT3486.jpg,NiCT,train
NiCT/NiCT3487.jpg,NiCT,train
NiCT/NiCT3488.jpg,NiCT,train
NiCT/NiCT3489.jpg,NiCT,train
NiCT/NiCT3490.jpg,NiCT,train
NiCT/NiCT3491.jpg,NiCT,train
NiCT/NiCT3492.jpg,NiCT,train
NiCT/NiCT3493.jpg,NiCT,train
NiCT/NiCT3494.jpg,NiCT,train
NiCT/NiCT3495.jpg,NiCT,train
NiCT/NiCT3496.jpg,NiCT,train
NiCT/NiCT3497.jpg,NiCT,train
NiCT/NiCT3498.jpg,NiCT,train
NiCT/NiCT3499.jpg,NiCT,train
NiCT/NiCT3500.jpg,NiCT,train
NiCT/NiCT3501.jpg,NiCT,train
NiCT/NiCT3502.jpg,NiCT,train
NiCT/NiCT3503.jpg,NiCT,train
NiCT/NiCT3504.jpg,NiCT,train
NiCT/NiCT3505.jpg,NiCT,train
NiCT/NiCT3506.jpg,NiCT,train
NiCT/NiCT3507.jpg,NiCT,train
NiCT/NiCT3508.jpg,NiCT,train
NiCT/NiCT3509.jpg,NiCT,train
NiCT/NiCT3510.jpg,NiCT,train
NiCT/NiCT3511.jpg,NiCT,train
NiCT/NiCT3512.jpg,NiCT,train
NiCT/NiCT3513.jpg,NiCT,train
NiCT/NiCT3514.jpg,NiCT,train
NiCT/NiCT3515.jpg,NiCT,train
NiCT/NiCT3516.jpg,NiCT,train
NiCT/NiCT3517.jpg,NiCT,train
NiCT/NiCT3518.jpg,NiCT,train
NiCT/NiCT3519.jpg,NiCT,train
NiCT/NiCT3520.jpg,NiCT,train
NiCT/NiCT3521.jpg,NiCT,train
NiCT/NiCT3522.jpg,NiCT,train
NiCT/NiCT3523.jpg,NiCT,train
NiCT/NiCT3524.jpg,NiCT,train
NiCT/NiCT3525.jpg,NiCT,train
NiCT/NiCT3526.jpg,NiCT,train
NiCT/NiCT3527.jpg,NiCT,train
NiCT/NiCT3528.jpg,NiCT,train
NiCT/NiCT3529.jpg,NiCT,train
NiCT/NiCT3530.jpg,NiCT,train
NiCT/NiCT3531.jpg,NiCT,train
NiCT/NiCT3532.jpg,NiCT,train
NiCT/NiCT3533.jpg,NiCT,train
NiCT/NiCT3534.jpg,NiCT,train
NiCT/NiCT3535.jpg,NiCT,train
NiCT/NiCT3536.jpg,NiCT,train
NiCT/NiCT3537.jpg,NiCT,train
NiCT/NiCT3538.jpg,NiCT,train
NiCT/NiCT3539.jpg,NiCT,train
NiCT/NiCT3540.jpg,NiCT,train
NiCT/NiCT3541.jpg,NiCT,train
NiCT/NiCT3542.jpg,NiCT,train
NiCT/NiCT3543.jpg,NiCT,train
NiCT/NiCT3544.jpg,NiCT,train
NiCT/NiCT3545.jpg,NiCT,train
NiCT/NiCT3546.jpg,NiCT,train
NiCT/NiCT3547.jpg,NiCT,train
NiCT/NiCT3548.jpg,NiCT,train
NiCT/NiCT3549.jpg,NiCT,train
NiCT/NiCT3550.jpg,NiCT,train
NiCT/NiCT3551.jpg,NiCT,train
NiCT/NiCT3552.jpg,NiCT,train
NiCT/NiCT3553.jpg,NiCT,train
NiCT/NiCT3554.jpg,NiCT,train
NiCT/NiCT3555.jpg,NiCT,train
NiCT/NiCT3556.jpg,NiCT,train
NiCT/NiCT3557.jpg,NiCT,train
NiCT/NiCT3558.jpg,NiCT,train
NiCT/NiCT3559.jpg,NiCT,train
NiCT/NiCT3560.jpg,NiCT,train
NiCT/NiCT3561.jpg,NiCT,train
NiCT/NiCT3562.jpg,NiCT,train
NiCT/NiCT3563.jpg,NiCT,train
NiCT/NiCT3564.jpg,NiCT,train
NiCT/NiCT3565.jpg,NiCT,train
NiCT/NiCT3566.jpg,NiCT,train
NiCT/NiCT3567.jpg,NiCT,train
NiCT/NiCT3568.jpg,NiCT,train
NiCT/NiCT3569.jpg,NiCT,train
NiCT/NiCT3570.jpg,NiCT,train
NiCT/NiCT3571.jpg,NiCT,train
NiCT/NiCT3572.jpg,NiCT,train
NiCT/NiCT3573.jpg,NiCT,train
NiCT/NiCT3574.jpg,NiCT,train
NiCT/NiCT3575.jpg,NiCT,train
NiCT/NiCT3576.jpg,NiCT,train
NiCT/NiCT3577.jpg,NiCT,train
NiCT/NiCT3578.jpg,NiCT,train
NiCT/NiCT3579.jpg,NiCT,train
NiCT/NiCT3580.jpg,NiCT,train
NiCT/NiCT3581.jpg,NiCT,train
NiCT/NiCT3582.jpg,NiCT,train
NiCT/NiCT3583.jpg,NiCT,train
NiCT/NiCT3584.jpg,NiCT,train
NiCT/NiCT3585.jpg,NiCT,train
NiCT/NiCT3586.jpg,NiCT,train
NiCT/NiCT3587.jpg,NiCT,train
NiCT/NiCT3588.jpg,NiCT,train
NiCT/NiCT3589.jpg,NiCT,train
NiCT/NiCT3590.jpg,NiCT,train
NiCT/NiCT3591.jpg,NiCT,train
NiCT/NiCT3592.jpg,NiCT,train
NiCT/NiCT3593.jpg,NiCT,train
NiCT/NiCT3594.jpg,NiCT,train
NiCT/NiCT3595.jpg,NiCT,train
NiCT/NiCT3596.jpg,NiCT,train
NiCT/NiCT3597.jpg,NiCT,train
NiCT/NiCT3598.jpg,NiCT,train
NiCT/NiCT3599.jpg,NiCT,train
NiCT/NiCT3600.jpg,NiCT,train
NiCT/NiCT3601.jpg,NiCT,train
NiCT/NiCT3602.jpg,NiCT,train
NiCT/NiCT3603.jpg,NiCT,train
NiCT/NiCT3604.jpg,NiCT,train
NiCT/NiCT3605.jpg,NiCT,train
NiCT/NiCT3606.jpg,NiCT,train
NiCT/NiCT3607.jpg,NiCT,train
NiCT/NiCT3608.jpg,NiCT,train
NiCT/NiCT3609.jpg,NiCT,train
NiCT/NiCT3610.jpg,NiCT,train
NiCT/NiCT3611.jpg,NiCT,train
NiCT/NiCT3612.jpg,NiCT,train
NiCT/NiCT3613.jpg,NiCT,train
NiCT/NiCT3614.jpg,NiCT,train
NiCT/NiCT3615.jpg,NiCT,train
NiCT/NiCT3616.jpg,NiCT,train
NiCT/NiCT3617.jpg,NiCT,train
NiCT/NiCT3618.jpg,NiCT,train
NiCT/NiCT3619.jpg,NiCT,train
NiCT/NiCT3620.jpg,NiCT,train
NiCT/NiCT3621.jpg,NiCT,train
NiCT/NiCT3622.jpg,NiCT,train
NiCT/NiCT3623.jpg,NiCT,train
NiCT/NiCT3624.jpg,NiCT,train
NiCT/NiCT3625.jpg,NiCT,train
NiCT/NiCT3626.jpg,NiCT,train
NiCT/NiCT3627.jpg,NiCT,train
NiCT/NiCT3628.jpg,NiCT,train
NiCT/NiCT3629.jpg,NiCT,train
NiCT/NiCT3630.jpg,NiCT,train
NiCT/NiCT3631.jpg,NiCT,train
NiCT/NiCT3632.jpg,NiCT,train
NiCT/NiCT3633.jpg,NiCT,train
NiCT/NiCT3634.jpg,NiCT,train
NiCT/NiCT3635.jpg,NiCT,train
NiCT/NiCT3636.jpg,NiCT,train
NiCT/NiCT3637.jpg,NiCT,train
NiCT/NiCT3638.jpg,NiCT,train
NiCT/NiCT3639.jpg,NiCT,train
NiCT/NiCT3640.jpg,NiCT,train
NiCT/NiCT3641.jpg,NiCT,train
NiCT/NiCT3642.jpg,NiCT,train
NiCT/NiCT3643.jpg,NiCT,train
NiCT/NiCT3644.jpg,NiCT,train
NiCT/NiCT3645.jpg,NiCT,train
NiCT/NiCT3646.jpg,NiCT,train
NiCT/NiCT3647.jpg,NiCT,train
NiCT/NiCT3648.jpg,NiCT,train
NiCT/NiCT3649.jpg,NiCT,train
NiCT/NiCT3650.jpg,NiCT,train
NiCT/NiCT3651.jpg,NiCT,train
NiCT/NiCT3652.jpg,NiCT,train
NiCT/NiCT3653.jpg,NiCT,train
NiCT/NiCT3654.jpg,NiCT,train
NiCT/NiCT3655.jpg,NiCT,train
NiCT/NiCT3656.jpg,NiCT,train
NiCT/NiCT3657.jpg,NiCT,train
NiCT/NiCT3658.jpg,NiCT,train
NiCT/NiCT3659.jpg,NiCT,train
NiCT/NiCT3660.jpg,NiCT,train
NiCT/NiCT3661.jpg,NiCT,train
NiCT/NiCT3662.jpg,NiCT,train
NiCT/NiCT3663.jpg,NiCT,train
NiCT/NiCT3664.jpg,NiCT,train
NiCT/NiCT3665.jpg,NiCT,train
NiCT/NiCT3666.jpg,NiCT,train
NiCT/NiCT3667.jpg,NiCT,train
NiCT/NiCT3668.jpg,NiCT,train
NiCT/NiCT3669.jpg,NiCT,train
NiCT/NiCT3670.jpg,NiCT,train
NiCT/NiCT3671.jpg,NiCT,train
NiCT/NiCT3672.jpg,NiCT,train
NiCT/NiCT3673.jpg,NiCT,train
NiCT/NiCT3674.jpg,NiCT,train
NiCT/NiCT3675.jpg,NiCT,train
NiCT/NiCT3676.jpg,NiCT,train
NiCT/NiCT3677.jpg,NiCT,train
NiCT/NiCT3678.jpg,NiCT,train
NiCT/NiCT3679.jpg,NiCT,train
NiCT/NiCT3680.jpg,NiCT,train
NiCT/NiCT3681.jpg,NiCT,train
NiCT/NiCT3682.jpg,NiCT,train
NiCT/NiCT3683.jpg,NiCT,train
NiCT/NiCT3684.jpg,NiCT,train
NiCT/NiCT3685.jpg,NiCT,train
NiCT/NiCT3686.jpg,NiCT,train
NiCT/NiCT3687.jpg,NiCT,train
NiCT/NiCT3688.jpg,NiCT,train
NiCT/NiCT3689.jpg,NiCT,train
NiCT/NiCT3690.jpg,NiCT,train
NiCT/NiCT3691.jpg,NiCT,train
NiCT/NiCT3692.jpg,NiCT,train
NiCT/NiCT3693.jpg,NiCT,train
NiCT/NiCT3694.jpg,NiCT,train
NiCT/NiCT3695.jpg,NiCT,train
NiCT/NiCT3696.jpg,NiCT,train
NiCT/NiCT3697.jpg,NiCT,train
NiCT/NiCT3698.jpg,NiCT,train
NiCT/NiCT3699.jpg,NiCT,train
NiCT/NiCT3700.jpg,NiCT,train
NiCT/NiCT3701.jpg,NiCT,train
NiCT/NiCT3702.jpg,NiCT,train
NiCT/NiCT3703.jpg,NiCT,train
NiCT/NiCT3704.jpg,NiCT,train
NiCT/NiCT3705.jpg,NiCT,train
NiCT/NiCT3706.jpg,NiCT,train
NiCT/NiCT3707.jpg,NiCT,train
NiCT/NiCT3708.jpg,NiCT,train
NiCT/NiCT3709.jpg,NiCT,train
NiCT/NiCT3710.jpg,NiCT,train
NiCT/NiCT3711.jpg,NiCT,train
NiCT/NiCT3712.jpg,NiCT,train
NiCT/NiCT3713.jpg,NiCT,train
NiCT/NiCT3714.jpg,NiCT,train
NiCT/NiCT3715.jpg,NiCT,train
NiCT/NiCT3716.jpg,NiCT,train
NiCT/NiCT3717.jpg,NiCT,train
NiCT/NiCT3718.jpg,NiCT,train
NiCT/NiCT3719.jpg,NiCT,train
NiCT/NiCT3720.jpg,NiCT,train
NiCT/NiCT3721.jpg,NiCT,train
NiCT/NiCT3722.jpg,NiCT,train
NiCT/NiCT3723.jpg,NiCT,train
NiCT/NiCT3724.jpg,NiCT,train
NiCT/NiCT3725.jpg,NiCT,train
NiCT/NiCT3726.jpg,NiCT,train
NiCT/NiCT3727.jpg,NiCT,train
NiCT/NiCT3728.jpg,NiCT,train
NiCT/NiCT3729.jpg,NiCT,train
NiCT/NiCT3730.jpg,NiCT,train
NiCT/NiCT3731.jpg,NiCT,train
NiCT/NiCT3732.jpg,NiCT,train
NiCT/NiCT3733.jpg,NiCT,train
NiCT/NiCT3734.jpg,NiCT,train
NiCT/NiCT3735.jpg,NiCT,train
NiCT/NiCT3736.jpg,NiCT,train
NiCT/NiCT3737.jpg,NiCT,train
NiCT/NiCT3738.jpg,NiCT,train
NiCT/NiCT3739.jpg,NiCT,train
NiCT/NiCT3740.jpg,NiCT,train
NiCT/NiCT3741.jpg,NiCT,train
NiCT/NiCT3742.jpg,NiCT,train
NiCT/NiCT3743.jpg,NiCT,train
NiCT/NiCT3744.jpg,NiCT,train
NiCT/NiCT3745.jpg,NiCT,train
NiCT/NiCT3746.jpg,NiCT,train
NiCT/NiCT3747.jpg,NiCT,train
NiCT/NiCT3748.jpg,NiCT,train
NiCT/NiCT3749.jpg,NiCT,train
NiCT/NiCT3750.jpg,NiCT,train
NiCT/NiCT3751.jpg,NiCT,train
NiCT/NiCT3752.jpg,NiCT,train
NiCT/NiCT3753.jpg,NiCT,train
NiCT/NiCT3754.jpg,NiCT,train
NiCT/NiCT3755.jpg,NiCT,train
NiCT/NiCT3756.jpg,NiCT,train
NiCT/NiCT3757.jpg,NiCT,train
NiCT/NiCT3758.jpg,NiCT,train
NiCT/NiCT3759.jpg,NiCT,train
NiCT/NiCT3760.jpg,NiCT,train
NiCT/NiCT3761.jpg,NiCT,train
NiCT/NiCT3762.jpg,NiCT,train
NiCT/NiCT3763.jpg,NiCT,train
NiCT/NiCT3764.jpg,NiCT,train
NiCT/NiCT3765.jpg,NiCT,train
NiCT/NiCT3766.jpg,NiCT,train
NiCT/NiCT3767.jpg,NiCT,train
NiCT/NiCT3768.jpg,NiCT,train
NiCT/NiCT3769.jpg,NiCT,train
NiCT/NiCT3770.jpg,NiCT,train
NiCT/NiCT3771.jpg,NiCT,train
NiCT/NiCT3772.jpg,NiCT,train
NiCT/NiCT3773.jpg,NiCT,train
NiCT/NiCT3774.jpg,NiCT,train
NiCT/NiCT3775.jpg,NiCT,train
NiCT/NiCT3776.jpg,NiCT,train
NiCT/NiCT3777.jpg,NiCT,train
NiCT/NiCT3778.jpg,NiCT,train
NiCT/NiCT3779.jpg,NiCT,train
NiCT/NiCT3780.jpg,NiCT,train
NiCT/NiCT3781.jpg,NiCT,train
NiCT/NiCT3782.jpg,NiCT,train
NiCT/NiCT3783.jpg,NiCT,train
NiCT/NiCT3784.jpg,NiCT,train
NiCT/NiCT3785.jpg,NiCT,train
NiCT/NiCT3786.jpg,NiCT,train
NiCT/NiCT3787.jpg,NiCT,train
NiCT/NiCT3788.jpg,NiCT,train
NiCT/NiCT3789.jpg,NiCT,train
NiCT/NiCT3790.jpg,NiCT,train
NiCT/NiCT3791.jpg,NiCT,train
NiCT/NiCT3792.jpg,NiCT,train
NiCT/NiCT3793.jpg,NiCT,train
NiCT/NiCT3794.jpg,NiCT,train
NiCT/NiCT3795.jpg,NiCT,train
NiCT/NiCT3796.jpg,NiCT,train
NiCT/NiCT3797.jpg,NiCT,train
NiCT/NiCT3798.jpg,NiCT,train
NiCT/NiCT3799.jpg,NiCT,train
NiCT/NiCT3800.jpg,NiCT,train
NiCT/NiCT3801.jpg,NiCT,train
NiCT/NiCT3802.jpg,NiCT,train
NiCT/NiCT3803.jpg,NiCT,train
NiCT/NiCT3804.jpg,NiCT,train
NiCT/NiCT3805.jpg,NiCT,train
NiCT/NiCT3806.jpg,NiCT,train
NiCT/NiCT3807.jpg,NiCT,train
NiCT/NiCT3808.jpg,NiCT,train
NiCT/NiCT3809.jpg,NiCT,train
NiCT/NiCT3810.jpg,NiCT,train
NiCT/NiCT3811.jpg,NiCT,train
NiCT/NiCT3812.jpg,NiCT,train
NiCT/NiCT3813.jpg,NiCT,train
NiCT/NiCT3814.jpg,NiCT,train
NiCT/NiCT3815.jpg,NiCT,train
NiCT/NiCT3816.jpg,NiCT,train
NiCT/NiCT3817.jpg,NiCT,train
NiCT/NiCT3818.jpg,NiCT,train
NiCT/NiCT3819.jpg,NiCT,train
NiCT/NiCT3820.jpg,NiCT,train
NiCT/NiCT3821.jpg,NiCT,train
NiCT/NiCT3822.jpg,NiCT,train
NiCT/NiCT3823.jpg,NiCT,train
NiCT/NiCT3824.jpg,NiCT,train
NiCT/NiCT3825.jpg,NiCT,train
NiCT/NiCT3826.jpg,NiCT,train
NiCT/NiCT3827.jpg,NiCT,train
NiCT/NiCT3828.jpg,NiCT,train
NiCT/NiCT3829.jpg,NiCT,train
NiCT/NiCT3830.jpg,NiCT,train
NiCT/NiCT3831.jpg,NiCT,train
NiCT/NiCT3832.jpg,NiCT,train
NiCT/NiCT3833.jpg,NiCT,train
NiCT/NiCT3834.jpg,NiCT,train
NiCT/NiCT3835.jpg,NiCT,train
NiCT/NiCT3836.jpg,NiCT,train
NiCT/NiCT3837.jpg,NiCT,train
NiCT/NiCT3838.jpg,NiCT,train
NiCT/NiCT3839.jpg,NiCT,train
NiCT/NiCT3840.jpg,NiCT,train
NiCT/NiCT3841.jpg,NiCT,train
NiCT/NiCT3842.jpg,NiCT,train
NiCT/NiCT3843.jpg,NiCT,train
NiCT/NiCT3844.jpg,NiCT,train
NiCT/NiCT3845.jpg,NiCT,train
NiCT/NiCT3846.jpg,NiCT,train
NiCT/NiCT3847.jpg,NiCT,train
NiCT/NiCT3848.jpg,NiCT,train
NiCT/NiCT3849.jpg,NiCT,train
NiCT/NiCT3850.jpg,NiCT,train
NiCT/NiCT3851.jpg,NiCT,train
NiCT/NiCT3852.jpg,NiCT,train
NiCT/NiCT3853.jpg,NiCT,train
NiCT/NiCT3854.jpg,NiCT,train
NiCT/NiCT3855.jpg,NiCT,train
NiCT/NiCT3856.jpg,NiCT,train
NiCT/NiCT3857.jpg,NiCT,train
NiCT/NiCT3858.jpg,NiCT,train
NiCT/NiCT3859.jpg,NiCT,train
NiCT/NiCT3860.jpg,NiCT,train
NiCT/NiCT3861.jpg,NiCT,train
NiCT/NiCT3862.jpg,NiCT,train
NiCT/NiCT3863.jpg,NiCT,train
NiCT/NiCT3864.jpg,NiCT,train
NiCT/NiCT3865.jpg,NiCT,train
NiCT/NiCT3866.jpg,NiCT,train
NiCT/NiCT3867.jpg,NiCT,train
NiCT/NiCT3868.jpg,NiCT,train
NiCT/NiCT3869.jpg,NiCT,train
NiCT/NiCT3870.jpg,NiCT,train
NiCT/NiCT3871.jpg,NiCT,train
NiCT/NiCT3872.jpg,NiCT,train
NiCT/NiCT3873.jpg,NiCT,train
NiCT/NiCT3874.jpg,NiCT,train
NiCT/NiCT3875.jpg,NiCT,train
NiCT/NiCT3876.jpg,NiCT,train
NiCT/NiCT3877.jpg,NiCT,train
NiCT/NiCT3878.jpg,NiCT,train
NiCT/NiCT3879.jpg,NiCT,train
NiCT/NiCT3880.jpg,NiCT,train
NiCT/NiCT3881.jpg,NiCT,train
NiCT/NiCT3882.jpg,NiCT,train
NiCT/NiCT3883.jpg,NiCT,train
NiCT/NiCT3884.jpg,NiCT,train
NiCT/NiCT3885.jpg,NiCT,train
NiCT/NiCT3886.jpg,NiCT,train
NiCT/NiCT3887.jpg,NiCT,train
NiCT/NiCT3888.jpg,NiCT,train
NiCT/NiCT3889.jpg,NiCT,train
NiCT/NiCT3890.jpg,NiCT,train
NiCT/NiCT3891.jpg,NiCT,train
NiCT/NiCT3892.jpg,NiCT,train
NiCT/NiCT3893.jpg,NiCT,train
NiCT/NiCT3894.jpg,NiCT,train
NiCT/NiCT3895.jpg,NiCT,train
NiCT/NiCT3896.jpg,NiCT,train
NiCT/NiCT3897.jpg,NiCT,train
NiCT/NiCT3898.jpg,NiCT,train
NiCT/NiCT3899.jpg,NiCT,train
NiCT/NiCT3900.jpg,NiCT,train
NiCT/NiCT3901.jpg,NiCT,train
NiCT/NiCT3902.jpg,NiCT,train
NiCT/NiCT3903.jpg,NiCT,train
NiCT/NiCT3904.jpg,NiCT,train
NiCT/NiCT3905.jpg,NiCT,train
NiCT/NiCT3906.jpg,NiCT,train
NiCT/NiCT3907.jpg,NiCT,train
NiCT/NiCT3908.jpg,NiCT,train
NiCT/NiCT3909.jpg,NiCT,train
NiCT/NiCT3910.jpg,NiCT,train
NiCT/NiCT3911.jpg,NiCT,train
NiCT/NiCT3912.jpg,NiCT,train
NiCT/NiCT3913.jpg,NiCT,train
NiCT/NiCT3914.jpg,NiCT,train
NiCT/NiCT3915.jpg,NiCT,train
NiCT/NiCT3916.jpg,NiCT,train
NiCT/NiCT3917.jpg,NiCT,train
NiCT/NiCT3918.jpg,NiCT,train
NiCT/NiCT3919.jpg,NiCT,train
NiCT/NiCT3920.jpg,NiCT,train
NiCT/NiCT3921.jpg,NiCT,train
NiCT/NiCT3922.jpg,NiCT,train
NiCT/NiCT3923.jpg,NiCT,train
NiCT/NiCT3924.jpg,NiCT,train
NiCT/NiCT3925.jpg,NiCT,train
NiCT/NiCT3926.jpg,NiCT,train
NiCT/NiCT3927.jpg,NiCT,train
NiCT/NiCT3928.jpg,NiCT,train
NiCT/NiCT3929.jpg,NiCT,train
NiCT/NiCT3930.jpg,NiCT,train
NiCT/NiCT3931.jpg,NiCT,train
NiCT/NiCT3932.jpg,NiCT,train
NiCT/NiCT3933.jpg,NiCT,train
NiCT/NiCT3934.jpg,NiCT,train
NiCT/NiCT3935.jpg,NiCT,train
NiCT/NiCT3936.jpg,NiCT,train
NiCT/NiCT3937.jpg,NiCT,train
NiCT/NiCT3938.jpg,NiCT,train
NiCT/NiCT3939.jpg,NiCT,train
NiCT/NiCT3940.jpg,NiCT,train
NiCT/NiCT3941.jpg,NiCT,train
NiCT/NiCT3942.jpg,NiCT,train
NiCT/NiCT3943.jpg,NiCT,train
NiCT/NiCT3944.jpg,NiCT,train
NiCT/NiCT3945.jpg,NiCT,train
NiCT/NiCT3946.jpg,NiCT,train
NiCT/NiCT3947.jpg,NiCT,train
NiCT/NiCT3948.jpg,NiCT,train
NiCT/NiCT3949.jpg,NiCT,train
NiCT/NiCT3950.jpg,NiCT,train
NiCT/NiCT3951.jpg,NiCT,train
NiCT/NiCT3952.jpg,NiCT,train
NiCT/NiCT3953.jpg,NiCT,train
NiCT/NiCT3954.jpg,NiCT,train
NiCT/NiCT3955.jpg,NiCT,train
NiCT/NiCT3956.jpg,NiCT,train
NiCT/NiCT3957.jpg,NiCT,train
NiCT/NiCT3958.jpg,NiCT,train
NiCT/NiCT3959.jpg,NiCT,train
NiCT/NiCT3960.jpg,NiCT,train
NiCT/NiCT3961.jpg,NiCT,train
NiCT/NiCT3962.jpg,NiCT,train
NiCT/NiCT3963.jpg,NiCT,train
NiCT/NiCT3964.jpg,NiCT,train
NiCT/NiCT3965.jpg,NiCT,train
NiCT/NiCT3966.jpg,NiCT,train
NiCT/NiCT3967.jpg,NiCT,train
NiCT/NiCT3968.jpg,NiCT,train
NiCT/NiCT3969.jpg,NiCT,train
NiCT/NiCT3970.jpg,NiCT,train
NiCT/NiCT3971.jpg,NiCT,train
NiCT/NiCT3972.jpg,NiCT,train
NiCT/NiCT3973.jpg,NiCT,train
NiCT/NiCT3974.jpg,NiCT,train
NiCT/NiCT3975.jpg,NiCT,train
NiCT/NiCT3976.jpg,NiCT,train
NiCT/NiCT3977.jpg,NiCT,train
NiCT/NiCT3978.jpg,NiCT,train
NiCT/NiCT3979.jpg,NiCT,train
NiCT/NiCT3980.jpg,NiCT,train
NiCT/NiCT3981.jpg,NiCT,train
NiCT/NiCT3982.jpg,NiCT,train
NiCT/NiCT3983.jpg,NiCT,train
NiCT/NiCT3984.jpg,NiCT,train
NiCT/NiCT3985.jpg,NiCT,train
NiCT/NiCT3986.jpg,NiCT,train
NiCT/NiCT3987.jpg,NiCT,train
NiCT/NiCT3988.jpg,NiCT,train
NiCT/NiCT3989.jpg,NiCT,train
NiCT/NiCT3990.jpg,NiCT,train
NiCT/NiCT3991.jpg,NiCT,train
NiCT/NiCT3992.jpg,NiCT,train
NiCT/NiCT3993.jpg,NiCT,train
NiCT/NiCT3994.jpg,NiCT,train
NiCT/NiCT3995.jpg,NiCT,train
NiCT/NiCT3996.jpg,NiCT,train
NiCT/NiCT3997.jpg,NiCT,train
NiCT/NiCT3998.jpg,NiCT,train
NiCT/NiCT3999.jpg,NiCT,train
NiCT/NiCT4000.jpg,NiCT,train
NiCT/NiCT4001.jpg,NiCT,train
NiCT/NiCT4002.jpg,NiCT,train
NiCT/NiCT4003.jpg,NiCT,train
NiCT/NiCT4004.jpg,NiCT,train
NiCT/NiCT4005.jpg,NiCT,train
NiCT/NiCT4006.jpg,NiCT,train
NiCT/NiCT4007.jpg,NiCT,train
NiCT/NiCT4008.jpg,NiCT,train
NiCT/NiCT4009.jpg,NiCT,train
NiCT/NiCT4010.jpg,NiCT,train
NiCT/NiCT4011.jpg,NiCT,train
NiCT/NiCT4012.jpg,NiCT,train
NiCT/NiCT4013.jpg,NiCT,train
NiCT/NiCT4014.jpg,NiCT,train
NiCT/NiCT4015.jpg,NiCT,train
NiCT/NiCT4016.jpg,NiCT,train
NiCT/NiCT4017.jpg,NiCT,train
NiCT/NiCT4018.jpg,NiCT,train
NiCT/NiCT4019.jpg,NiCT,train
NiCT/NiCT4020.jpg,NiCT,train
NiCT/NiCT4021.jpg,NiCT,train
NiCT/NiCT4022.jpg,NiCT,train
NiCT/NiCT4023.jpg,NiCT,train
NiCT/NiCT4024.jpg,NiCT,train
NiCT/NiCT4025.jpg,NiCT,train
NiCT/NiCT4026.jpg,NiCT,train
NiCT/NiCT4027.jpg,NiCT,train
NiCT/NiCT4028.jpg,NiCT,train
NiCT/NiCT4029.jpg,NiCT,train
NiCT/NiCT4030.jpg,NiCT,train
NiCT/NiCT4031.jpg,NiCT,train
NiCT/NiCT4032.jpg,NiCT,train
NiCT/NiCT4033.jpg,NiCT,train
NiCT/NiCT4034.jpg,NiCT,train
NiCT/NiCT4035.jpg,NiCT,train
NiCT/NiCT4036.jpg,NiCT,train
NiCT/NiCT4037.jpg,NiCT,train
NiCT/NiCT4038.jpg,NiCT,train
NiCT/NiCT4039.jpg,NiCT,train
NiCT/NiCT4040.jpg,NiCT,train
NiCT/NiCT4041.jpg,NiCT,train
NiCT/NiCT4042.jpg,NiCT,train
NiCT/NiCT4043.jpg,NiCT,train
NiCT/NiCT4044.jpg,NiCT,train
NiCT/NiCT4045.jpg,NiCT,train
NiCT/NiCT4046.jpg,NiCT,train
NiCT/NiCT4047.jpg,NiCT,train
NiCT/NiCT4048.jpg,NiCT,train
NiCT/NiCT4049.jpg,NiCT,train
NiCT/NiCT4050.jpg,NiCT,train
NiCT/NiCT4051.jpg,NiCT,train
NiCT/NiCT4052.jpg,NiCT,train
NiCT/NiCT4053.jpg,NiCT,train
NiCT/NiCT4054.jpg,NiCT,train
NiCT/NiCT4055.jpg,NiCT,train
NiCT/NiCT4056.jpg,NiCT,train
NiCT/NiCT4057.jpg,NiCT,train
NiCT/NiCT4058.jpg,NiCT,train
NiCT/NiCT4059.jpg,NiCT,train
NiCT/NiCT4060.jpg,NiCT,train
NiCT/NiCT4061.jpg,NiCT,train
NiCT/NiCT4062.jpg,NiCT,train
NiCT/NiCT4063.jpg,NiCT,train
NiCT/NiCT4064.jpg,NiCT,train
NiCT/NiCT4065.jpg,NiCT,train
NiCT/NiCT4066.jpg,NiCT,train
NiCT/NiCT4067.jpg,NiCT,train
NiCT/NiCT4068.jpg,NiCT,train
NiCT/NiCT4069.jpg,NiCT,train
NiCT/NiCT4070.jpg,NiCT,train
NiCT/NiCT4071.jpg,NiCT,train
NiCT/NiCT4072.jpg,NiCT,train
NiCT/NiCT4073.jpg,NiCT,train
NiCT/NiCT4074.jpg,NiCT,train
NiCT/NiCT4075.jpg,NiCT,train
NiCT/NiCT4076.jpg,NiCT,train
NiCT/NiCT4077.jpg,NiCT,train
NiCT/NiCT4078.jpg,NiCT,train
NiCT/NiCT4079.jpg,NiCT,train
NiCT/NiCT4080.jpg,NiCT,train
NiCT/NiCT4081.jpg,NiCT,train
NiCT/NiCT4082.jpg,NiCT,train
NiCT/NiCT4083.jpg,NiCT,train
NiCT/NiCT4084.jpg,NiCT,train
NiCT/NiCT4085.jpg,NiCT,train
NiCT/NiCT4086.jpg,NiCT,train
NiCT/NiCT4087.jpg,NiCT,train
NiCT/NiCT4088.jpg,NiCT,train
NiCT/NiCT4089.jpg,NiCT,train
NiCT/NiCT4090.jpg,NiCT,train
NiCT/NiCT4091.jpg,NiCT,train
NiCT/NiCT4092.jpg,NiCT,train
NiCT/NiCT4093.jpg,NiCT,train
NiCT/NiCT4094.jpg,NiCT,train
NiCT/NiCT4095.jpg,NiCT,train
NiCT/NiCT4096.jpg,NiCT,train
NiCT/NiCT4097.jpg,NiCT,train
NiCT/NiCT4098.jpg,NiCT,train
NiCT/NiCT4099.jpg,NiCT,train
NiCT/NiCT4100.jpg,NiCT,train
NiCT/NiCT4101.jpg,NiCT,train
NiCT/NiCT4102.jpg,NiCT,train
NiCT/NiCT4103.jpg,NiCT,train
NiCT/NiCT4104.jpg,NiCT,train
NiCT/NiCT4105.jpg,NiCT,train
NiCT/NiCT4106.jpg,NiCT,train
NiCT/NiCT4107.jpg,NiCT,train
NiCT/NiCT4108.jpg,NiCT,train
NiCT/NiCT4109.jpg,NiCT,train
NiCT/NiCT4110.jpg,NiCT,train
NiCT/NiCT4111.jpg,NiCT,train
NiCT/NiCT4112.jpg,NiCT,train
NiCT/NiCT4113.jpg,NiCT,train
NiCT/NiCT4114.jpg,NiCT,train
NiCT/NiCT4115.jpg,NiCT,train
NiCT/NiCT4116.jpg,NiCT,train
NiCT/NiCT4117.jpg,NiCT,train
NiCT/NiCT4118.jpg,NiCT,train
NiCT/NiCT4119.jpg,NiCT,train
NiCT/NiCT4120.jpg,NiCT,train
NiCT/NiCT4121.jpg,NiCT,train
NiCT/NiCT4122.jpg,NiCT,train
NiCT/NiCT4123.jpg,NiCT,train
NiCT/NiCT4124.jpg,NiCT,train
NiCT/NiCT4125.jpg,NiCT,train
NiCT/NiCT4126.jpg,NiCT,train
NiCT/NiCT4127.jpg,NiCT,train
NiCT/NiCT4128.jpg,NiCT,train
NiCT/NiCT4129.jpg,NiCT,train
NiCT/NiCT4130.jpg,NiCT,train
NiCT/NiCT4131.jpg,NiCT,train
NiCT/NiCT4132.jpg,NiCT,train
NiCT/NiCT4133.jpg,NiCT,train
NiCT/NiCT4134.jpg,NiCT,train
NiCT/NiCT4135.jpg,NiCT,train
NiCT/NiCT4136.jpg,NiCT,train
NiCT/NiCT4137.jpg,NiCT,train
NiCT/NiCT4138.jpg,NiCT,train
NiCT/NiCT4139.jpg,NiCT,train
NiCT/NiCT4140.jpg,NiCT,train
NiCT/NiCT4141.jpg,NiCT,train
NiCT/NiCT4142.jpg,NiCT,train
NiCT/NiCT4143.jpg,NiCT,train
NiCT/NiCT4144.jpg,NiCT,train
NiCT/NiCT4145.jpg,NiCT,train
NiCT/NiCT4146.jpg,NiCT,train
NiCT/NiCT4147.jpg,NiCT,train
NiCT/NiCT4148.jpg,NiCT,train
NiCT/NiCT4149.jpg,NiCT,train
NiCT/NiCT4150.jpg,NiCT,train
NiCT/NiCT4151.jpg,NiCT,train
NiCT/NiCT4152.jpg,NiCT,train
NiCT/NiCT4153.jpg,NiCT,train
NiCT/NiCT4154.jpg,NiCT,train
NiCT/NiCT4155.jpg,NiCT,train
NiCT/NiCT4156.jpg,NiCT,train
NiCT/NiCT4157.jpg,NiCT,train
NiCT/NiCT4158.jpg,NiCT,train
NiCT/NiCT4159.jpg,NiCT,train
NiCT/NiCT4160.jpg,NiCT,train
NiCT/NiCT4161.jpg,NiCT,train
NiCT/NiCT4162.jpg,NiCT,train
NiCT/NiCT4163.jpg,NiCT,train
NiCT/NiCT4164.jpg,NiCT,train
NiCT/NiCT4165.jpg,NiCT,train
NiCT/NiCT4166.jpg,NiCT,train
NiCT/NiCT4167.jpg,NiCT,train
NiCT/NiCT4168.jpg,NiCT,train
NiCT/NiCT4169.jpg,NiCT,train
NiCT/NiCT4170.jpg,NiCT,train
NiCT/NiCT4171.jpg,NiCT,train
NiCT/NiCT4172.jpg,NiCT,train
NiCT/NiCT4173.jpg,NiCT,train
NiCT/NiCT4174.jpg,NiCT,train
NiCT/NiCT4175.jpg,NiCT,train
NiCT/NiCT4176.jpg,NiCT,train
NiCT/NiCT4177.jpg,NiCT,train
NiCT/NiCT4178.jpg,NiCT,train
NiCT/NiCT4179.jpg,NiCT,train
NiCT/NiCT4180.jpg,NiCT,train
NiCT/NiCT4181.jpg,NiCT,train
NiCT/NiCT4182.jpg,NiCT,train
NiCT/NiCT4183.jpg,NiCT,train
NiCT/NiCT4184.jpg,NiCT,train
NiCT/NiCT4185.jpg,NiCT,train
NiCT/NiCT4186.jpg,NiCT,train
NiCT/NiCT4187.jpg,NiCT,train
NiCT/NiCT4188.jpg,NiCT,train
NiCT/NiCT4189.jpg,NiCT,train
NiCT/NiCT4190.jpg,NiCT,train
NiCT/NiCT4191.jpg,NiCT,train
NiCT/NiCT4192.jpg,NiCT,train
NiCT/NiCT4193.jpg,NiCT,train
NiCT/NiCT4194.jpg,NiCT,train
NiCT/NiCT4195.jpg,NiCT,train
NiCT/NiCT4196.jpg,NiCT,train
NiCT/NiCT4197.jpg,NiCT,train
NiCT/NiCT4198.jpg,NiCT,train
NiCT/NiCT4199.jpg,NiCT,train
NiCT/NiCT4200.jpg,NiCT,train
NiCT/NiCT4201.jpg,NiCT,train
NiCT/NiCT4202.jpg,NiCT,train
NiCT/NiCT4203.jpg,NiCT,train
NiCT/NiCT4204.jpg,NiCT,train
NiCT/NiCT4205.jpg,NiCT,train
NiCT/NiCT4206.jpg,NiCT,train
NiCT/NiCT4207.jpg,NiCT,train
NiCT/NiCT4208.jpg,NiCT,train
NiCT/NiCT4209.jpg,NiCT,train
NiCT/NiCT4210.jpg,NiCT,train
NiCT/NiCT4211.jpg,NiCT,train
NiCT/NiCT4212.jpg,NiCT,train
NiCT/NiCT4213.jpg,NiCT,train
NiCT/NiCT4214.jpg,NiCT,train
NiCT/NiCT4215.jpg,NiCT,train
NiCT/NiCT4216.jpg,NiCT,train
NiCT/NiCT4217.jpg,NiCT,train
NiCT/NiCT4218.jpg,NiCT,train
NiCT/NiCT4219.jpg,NiCT,train
NiCT/NiCT4220.jpg,NiCT,train
NiCT/NiCT4221.jpg,NiCT,train
NiCT/NiCT4222.jpg,NiCT,train
NiCT/NiCT4223.jpg,NiCT,train
NiCT/NiCT4224.jpg,NiCT,train
NiCT/NiCT4225.jpg,NiCT,train
NiCT/NiCT4226.jpg,NiCT,train
NiCT/NiCT4227.jpg,NiCT,train
NiCT/NiCT4228.jpg,NiCT,train
NiCT/NiCT4229.jpg,NiCT,train
NiCT/NiCT4230.jpg,NiCT,train
NiCT/NiCT4231.jpg,NiCT,train
NiCT/NiCT4232.jpg,NiCT,train
NiCT/NiCT4233.jpg,NiCT,train
NiCT/NiCT4234.jpg,NiCT,train
NiCT/NiCT4235.jpg,NiCT,train
NiCT/NiCT4236.jpg,NiCT,train
NiCT/NiCT4237.jpg,NiCT,train
NiCT/NiCT4238.jpg,NiCT,train
NiCT/NiCT4239.jpg,NiCT,train
NiCT/NiCT4240.jpg,NiCT,train
NiCT/NiCT4241.jpg,NiCT,train
NiCT/NiCT4242.jpg,NiCT,train
NiCT/NiCT4243.jpg,NiCT,train
pCT/pCT1.jpg,pCT,train
pCT/pCT2.jpg,pCT,train
pCT/pCT3.jpg,pCT,train
pCT/pCT4.jpg,pCT,train
pCT/pCT5.jpg,pCT,train
pCT/pCT6.jpg,pCT,train
pCT/pCT7.jpg,pCT,train
pCT/pCT8.jpg,pCT,train
pCT/pCT9.jpg,pCT,train
pCT/pCT13.jpg,pCT,train
pCT/pCT14.jpg,pCT,train
pCT/pCT15.jpg,pCT,train
pCT/pCT16.jpg,pCT,train
pCT/pCT17.jpg,pCT,train
pCT/pCT18.jpg,pCT,train
pCT/pCT19.jpg,pCT,train
pCT/pCT20.jpg,pCT,train
pCT/pCT21.jpg,pCT,train
pCT/pCT22.jpg,pCT,train
pCT/pCT23.jpg,pCT,train
pCT/pCT24.jpg,pCT,train
pCT/pCT25.jpg,pCT,train
pCT/pCT26.jpg,pCT,train
pCT/pCT27.jpg,pCT,train
pCT/pCT28.jpg,pCT,train
pCT/pCT29.jpg,pCT,train
pCT/pCT30.jpg,pCT,train
pCT/pCT31.jpg,pCT,train
pCT/pCT32.jpg,pCT,train
pCT/pCT33.jpg,pCT,train
pCT/pCT34.jpg,pCT,train
pCT/pCT35.jpg,pCT,train
pCT/pCT36.jpg,pCT,train
pCT/pCT37.jpg,pCT,train
pCT/pCT38.jpg,pCT,train
pCT/pCT39.jpg,pCT,train
pCT/pCT40.jpg,pCT,train
pCT/pCT41.jpg,pCT,train
pCT/pCT42.jpg,pCT,train
pCT/pCT43.jpg,pCT,train
pCT/pCT44.jpg,pCT,train
pCT/pCT45.jpg,pCT,train
pCT/pCT46.jpg,pCT,train
pCT/pCT47.jpg,pCT,train
pCT/pCT48.jpg,pCT,train
pCT/pCT49.jpg,pCT,train
pCT/pCT50.jpg,pCT,train
pCT/pCT51.jpg,pCT,train
pCT/pCT52.jpg,pCT,train
pCT/pCT53.jpg,pCT,train
pCT/pCT54.jpg,pCT,train
pCT/pCT55.jpg,pCT,train
pCT/pCT56.jpg,pCT,train
pCT/pCT57.jpg,pCT,train
pCT/pCT58.jpg,pCT,train
pCT/pCT59.jpg,pCT,train
pCT/pCT60.jpg,pCT,train
pCT/pCT61.jpg,pCT,train
pCT/pCT62.jpg,pCT,train
pCT/pCT63.jpg,pCT,train
pCT/pCT64.jpg,pCT,train
pCT/pCT65.jpg,pCT,train
pCT/pCT66.jpg,pCT,train
pCT/pCT67.jpg,pCT,train
pCT/pCT68.jpg,pCT,train
pCT/pCT69.jpg,pCT,train
pCT/pCT70.jpg,pCT,train
pCT/pCT71.jpg,pCT,train
pCT/pCT72.jpg,pCT,train
pCT/pCT73.jpg,pCT,train
pCT/pCT74.jpg,pCT,train
pCT/pCT75.jpg,pCT,train
pCT/pCT76.jpg,pCT,train
pCT/pCT77.jpg,pCT,train
pCT/pCT78.jpg,pCT,train
pCT/pCT79.jpg,pCT,train
pCT/pCT80.jpg,pCT,train
pCT/pCT81.jpg,pCT,train
pCT/pCT82.jpg,pCT,train
pCT/pCT83.jpg,pCT,train
pCT/pCT84.jpg,pCT,train
pCT/pCT85.jpg,pCT,train
pCT/pCT86.jpg,pCT,train
pCT/pCT87.jpg,pCT,train
pCT/pCT88.jpg,pCT,train
pCT/pCT89.jpg,pCT,train
pCT/pCT90.jpg,pCT,train
pCT/pCT91.jpg,pCT,train
pCT/pCT92.jpg,pCT,train
pCT/pCT93.jpg,pCT,train
pCT/pCT94.jpg,pCT,train
pCT/pCT95.jpg,pCT,train
pCT/pCT96.jpg,pCT,train
pCT/pCT97.jpg,pCT,train
pCT/pCT98.jpg,pCT,train
pCT/pCT99.jpg,pCT,train
pCT/pCT100.jpg,pCT,train
pCT/pCT101.jpg,pCT,train
pCT/pCT102.jpg,pCT,train
pCT/pCT103.jpg,pCT,train
pCT/pCT104.jpg,pCT,train
pCT/pCT105.jpg,pCT,train
pCT/pCT106.jpg,pCT,train
pCT/pCT107.jpg,pCT,train
pCT/pCT108.jpg,pCT,train
pCT/pCT109.jpg,pCT,train
pCT/pCT110.jpg,pCT,train
pCT/pCT111.jpg,pCT,train
pCT/pCT112.jpg,pCT,train
pCT/pCT113.jpg,pCT,train
pCT/pCT114.jpg,pCT,train
pCT/pCT115.jpg,pCT,train
pCT/pCT116.jpg,pCT,train
pCT/pCT117.jpg,pCT,train
pCT/pCT118.jpg,pCT,train
pCT/pCT119.jpg,pCT,train
pCT/pCT120.jpg,pCT,train
pCT/pCT121.jpg,pCT,train
pCT/pCT122.jpg,pCT,train
pCT/pCT123.jpg,pCT,train
pCT/pCT124.jpg,pCT,train
pCT/pCT125.jpg,pCT,train
pCT/pCT126.jpg,pCT,train
pCT/pCT127.jpg,pCT,train
pCT/pCT128.jpg,pCT,train
pCT/pCT129.jpg,pCT,train
pCT/pCT130.jpg,pCT,train
pCT/pCT131.jpg,pCT,train
pCT/pCT132.jpg,pCT,train
pCT/pCT133.jpg,pCT,train
pCT/pCT134.jpg,pCT,train
pCT/pCT135.jpg,pCT,train
pCT/pCT136.jpg,pCT,train
pCT/pCT137.jpg,pCT,train
pCT/pCT138.jpg,pCT,train
pCT/pCT139.jpg,pCT,train
pCT/pCT140.jpg,pCT,train
pCT/pCT141.jpg,pCT,train
pCT/pCT142.jpg,pCT,train
pCT/pCT143.jpg,pCT,train
pCT/pCT144.jpg,pCT,train
pCT/pCT145.jpg,pCT,train
pCT/pCT146.jpg,pCT,train
pCT/pCT147.jpg,pCT,train
pCT/pCT148.jpg,pCT,train
pCT/pCT149.jpg,pCT,train
pCT/pCT150.jpg,pCT,train
pCT/pCT151.jpg,pCT,train
pCT/pCT152.jpg,pCT,train
pCT/pCT153.jpg,pCT,train
pCT/pCT154.jpg,pCT,train
pCT/pCT155.jpg,pCT,train
pCT/pCT156.jpg,pCT,train
pCT/pCT157.jpg,pCT,train
pCT/pCT158.jpg,pCT,train
pCT/pCT159.jpg,pCT,train
pCT/pCT160.jpg,pCT,train
pCT/pCT161.jpg,pCT,train
pCT/pCT162.jpg,pCT,train
pCT/pCT163.jpg,pCT,train
pCT/pCT164.jpg,pCT,train
pCT/pCT165.jpg,pCT,train
pCT/pCT166.jpg,pCT,train
pCT/pCT167.jpg,pCT,train
pCT/pCT168.jpg,pCT,train
pCT/pCT169.jpg,pCT,train
pCT/pCT170.jpg,pCT,train
pCT/pCT171.jpg,pCT,train
pCT/pCT172.jpg,pCT,train
pCT/pCT173.jpg,pCT,train
pCT/pCT174.jpg,pCT,train
pCT/pCT175.jpg,pCT,train
pCT/pCT176.jpg,pCT,train
pCT/pCT177.jpg,pCT,train
pCT/pCT178.jpg,pCT,train
pCT/pCT179.jpg,pCT,train
pCT/pCT180.jpg,pCT,train
pCT/pCT181.jpg,pCT,train
pCT/pCT182.jpg,pCT,train
pCT/pCT183.jpg,pCT,train
pCT/pCT184.jpg,pCT,train
pCT/pCT185.jpg,pCT,train
pCT/pCT186.jpg,pCT,train
pCT/pCT187.jpg,pCT,train
pCT/pCT188.jpg,pCT,train
pCT/pCT189.jpg,pCT,train
pCT/pCT190.jpg,pCT,train
pCT/pCT191.jpg,pCT,train
pCT/pCT192.jpg,pCT,train
pCT/pCT193.jpg,pCT,train
pCT/pCT194.jpg,pCT,train
pCT/pCT195.jpg,pCT,train
pCT/pCT196.jpg,pCT,train
pCT/pCT197.jpg,pCT,train
pCT/pCT198.jpg,pCT,train
pCT/pCT199.jpg,pCT,train
pCT/pCT200.jpg,pCT,train
pCT/pCT201.jpg,pCT,train
pCT/pCT202.jpg,pCT,train
pCT/pCT203.jpg,pCT,train
pCT/pCT204.jpg,pCT,train
pCT/pCT205.jpg,pCT,train
pCT/pCT206.jpg,pCT,train
pCT/pCT207.jpg,pCT,train
pCT/pCT208.jpg,pCT,train
pCT/pCT209.jpg,pCT,train
pCT/pCT210.jpg,pCT,train
pCT/pCT211.jpg,pCT,train
pCT/pCT212.jpg,pCT,train
pCT/pCT213.jpg,pCT,train
pCT/pCT214.jpg,pCT,train
pCT/pCT215.jpg,pCT,train
pCT/pCT216.jpg,pCT,train
pCT/pCT217.jpg,pCT,train
pCT/pCT218.jpg,pCT,train
pCT/pCT219.jpg,pCT,train
pCT/pCT220.jpg,pCT,train
pCT/pCT221.jpg,pCT,train
pCT/pCT222.jpg,pCT,train
pCT/pCT223.jpg,pCT,train
pCT/pCT224.jpg,pCT,train
pCT/pCT225.jpg,pCT,train
pCT/pCT226.jpg,pCT,train
pCT/pCT227.jpg,pCT,train
pCT/pCT228.jpg,pCT,train
pCT/pCT229.jpg,pCT,train
pCT/pCT230.jpg,pCT,train
pCT/pCT231.jpg,pCT,train
pCT/pCT232.jpg,pCT,train
pCT/pCT233.jpg,pCT,train
pCT/pCT234.jpg,pCT,train
pCT/pCT235.jpg,pCT,train
pCT/pCT236.jpg,pCT,train
pCT/pCT237.jpg,pCT,train
pCT/pCT238.jpg,pCT,train
pCT/pCT239.jpg,pCT,train
pCT/pCT240.jpg,pCT,train
pCT/pCT241.jpg,pCT,train
pCT/pCT242.jpg,pCT,train
pCT/pCT243.jpg,pCT,train
pCT/pCT244.jpg,pCT,train
pCT/pCT245.jpg,pCT,train
pCT/pCT246.jpg,pCT,train
pCT/pCT247.jpg,pCT,train
pCT/pCT248.jpg,pCT,train
pCT/pCT249.jpg,pCT,train
pCT/pCT250.jpg,pCT,train
pCT/pCT251.jpg,pCT,train
pCT/pCT252.jpg,pCT,train
pCT/pCT253.jpg,pCT,train
pCT/pCT254.jpg,pCT,train
pCT/pCT255.jpg,pCT,train
pCT/pCT256.jpg,pCT,train
pCT/pCT257.jpg,pCT,train
pCT/pCT258.jpg,pCT,train
pCT/pCT259.jpg,pCT,train
pCT/pCT260.jpg,pCT,train
pCT/pCT261.jpg,pCT,train
pCT/pCT262.jpg,pCT,train
pCT/pCT263.jpg,pCT,train
pCT/pCT264.jpg,pCT,train
pCT/pCT265.jpg,pCT,train
pCT/pCT266.jpg,pCT,train
pCT/pCT267.jpg,pCT,train
pCT/pCT268.jpg,pCT,train
pCT/pCT269.jpg,pCT,train
pCT/pCT270.jpg,pCT,train
pCT/pCT271.jpg,pCT,train
pCT/pCT272.jpg,pCT,train
pCT/pCT273.jpg,pCT,train
pCT/pCT274.jpg,pCT,train
pCT/pCT275.jpg,pCT,train
pCT/pCT276.jpg,pCT,train
pCT/pCT277.jpg,pCT,train
pCT/pCT278.jpg,pCT,train
pCT/pCT279.jpg,pCT,train
pCT/pCT280.jpg,pCT,train
pCT/pCT281.jpg,pCT,train
pCT/pCT282.jpg,pCT,train
pCT/pCT283.jpg,pCT,train
pCT/pCT284.jpg,pCT,train
pCT/pCT285.jpg,pCT,train
pCT/pCT286.jpg,pCT,train
pCT/pCT287.jpg,pCT,train
pCT/pCT288.jpg,pCT,train
pCT/pCT289.jpg,pCT,train
pCT/pCT290.jpg,pCT,train
pCT/pCT291.jpg,pCT,train
pCT/pCT292.jpg,pCT,train
pCT/pCT293.jpg,pCT,train
pCT/pCT294.jpg,pCT,train
pCT/pCT295.jpg,pCT,train
pCT/pCT296.jpg,pCT,train
pCT/pCT297.jpg,pCT,train
pCT/pCT298.jpg,pCT,train
pCT/pCT299.jpg,pCT,train
pCT/pCT300.jpg,pCT,train
pCT/pCT301.jpg,pCT,train
pCT/pCT302.jpg,pCT,train
pCT/pCT303.jpg,pCT,train
pCT/pCT304.jpg,pCT,train
pCT/pCT305.jpg,pCT,train
pCT/pCT306.jpg,pCT,train
pCT/pCT307.jpg,pCT,train
pCT/pCT308.jpg,pCT,train
pCT/pCT309.jpg,pCT,train
pCT/pCT310.jpg,pCT,train
pCT/pCT311.jpg,pCT,train
pCT/pCT312.jpg,pCT,train
pCT/pCT313.jpg,pCT,train
pCT/pCT314.jpg,pCT,train
pCT/pCT315.jpg,pCT,train
pCT/pCT316.jpg,pCT,train
pCT/pCT317.jpg,pCT,train
pCT/pCT318.jpg,pCT,train
pCT/pCT319.jpg,pCT,train
pCT/pCT320.jpg,pCT,train
pCT/pCT321.jpg,pCT,train
pCT/pCT322.jpg,pCT,train
pCT/pCT323.jpg,pCT,train
pCT/pCT324.jpg,pCT,train
pCT/pCT325.jpg,pCT,train
pCT/pCT326.jpg,pCT,train
pCT/pCT327.jpg,pCT,train
pCT/pCT328.jpg,pCT,train
pCT/pCT329.jpg,pCT,train
pCT/pCT330.jpg,pCT,train
pCT/pCT331.jpg,pCT,train
pCT/pCT332.jpg,pCT,train
pCT/pCT333.jpg,pCT,train
pCT/pCT334.jpg,pCT,train
pCT/pCT335.jpg,pCT,train
pCT/pCT336.jpg,pCT,train
pCT/pCT337.jpg,pCT,train
pCT/pCT338.jpg,pCT,train
pCT/pCT339.jpg,pCT,train
pCT/pCT340.jpg,pCT,train
pCT/pCT341.jpg,pCT,train
pCT/pCT342.jpg,pCT,train
pCT/pCT343.jpg,pCT,train
pCT/pCT344.jpg,pCT,train
pCT/pCT345.jpg,pCT,train
pCT/pCT346.jpg,pCT,train
pCT/pCT347.jpg,pCT,train
pCT/pCT348.jpg,pCT,train
pCT/pCT349.jpg,pCT,train
pCT/pCT350.jpg,pCT,train
pCT/pCT351.jpg,pCT,train
pCT/pCT352.jpg,pCT,train
pCT/pCT353.jpg,pCT,train
pCT/pCT354.jpg,pCT,train
pCT/pCT355.jpg,pCT,train
pCT/pCT356.jpg,pCT,train
pCT/pCT357.jpg,pCT,train
pCT/pCT358.jpg,pCT,train
pCT/pCT359.jpg,pCT,train
pCT/pCT360.jpg,pCT,train
pCT/pCT361.jpg,pCT,train
pCT/pCT362.jpg,pCT,train
pCT/pCT363.jpg,pCT,train
pCT/pCT364.jpg,pCT,train
pCT/pCT365.jpg,pCT,train
pCT/pCT366.jpg,pCT,train
pCT/pCT367.jpg,pCT,train
pCT/pCT368.jpg,pCT,train
pCT/pCT369.jpg,pCT,train
pCT/pCT370.jpg,pCT,train
pCT/pCT371.jpg,pCT,train
pCT/pCT372.jpg,pCT,train
pCT/pCT373.jpg,pCT,train
pCT/pCT374.jpg,pCT,train
pCT/pCT375.jpg,pCT,train
pCT/pCT376.jpg,pCT,train
pCT/pCT377.jpg,pCT,train
pCT/pCT378.jpg,pCT,train
pCT/pCT379.jpg,pCT,train
pCT/pCT380.jpg,pCT,train
pCT/pCT381.jpg,pCT,train
pCT/pCT382.jpg,pCT,train
pCT/pCT383.jpg,pCT,train
pCT/pCT384.jpg,pCT,train
pCT/pCT385.jpg,pCT,train
pCT/pCT386.jpg,pCT,train
pCT/pCT387.jpg,pCT,train
pCT/pCT388.jpg,pCT,train
pCT/pCT389.jpg,pCT,train
pCT/pCT390.jpg,pCT,train
pCT/pCT391.jpg,pCT,train
pCT/pCT392.jpg,pCT,train
pCT/pCT393.jpg,pCT,train
pCT/pCT394.jpg,pCT,train
pCT/pCT395.jpg,pCT,train
pCT/pCT396.jpg,pCT,train
pCT/pCT397.jpg,pCT,train
pCT/pCT398.jpg,pCT,train
pCT/pCT399.jpg,pCT,train
pCT/pCT400.jpg,pCT,train
pCT/pCT401.jpg,pCT,train
pCT/pCT402.jpg,pCT,train
pCT/pCT403.jpg,pCT,train
pCT/pCT404.jpg,pCT,train
pCT/pCT405.jpg,pCT,train
pCT/pCT406.jpg,pCT,train
pCT/pCT407.jpg,pCT,train
pCT/pCT408.jpg,pCT,train
pCT/pCT409.jpg,pCT,train
pCT/pCT410.jpg,pCT,train
pCT/pCT411.jpg,pCT,train
pCT/pCT412.jpg,pCT,train
pCT/pCT413.jpg,pCT,train
pCT/pCT414.jpg,pCT,train
pCT/pCT415.jpg,pCT,train
pCT/pCT416.jpg,pCT,train
pCT/pCT417.jpg,pCT,train
pCT/pCT418.jpg,pCT,train
pCT/pCT419.jpg,pCT,train
pCT/pCT420.jpg,pCT,train
pCT/pCT421.jpg,pCT,train
pCT/pCT422.jpg,pCT,train
pCT/pCT423.jpg,pCT,train
pCT/pCT424.jpg,pCT,train
pCT/pCT425.jpg,pCT,train
pCT/pCT426.jpg,pCT,train
pCT/pCT427.jpg,pCT,train
pCT/pCT428.jpg,pCT,train
pCT/pCT429.jpg,pCT,train
pCT/pCT430.jpg,pCT,train
pCT/pCT431.jpg,pCT,train
pCT/pCT432.jpg,pCT,train
pCT/pCT433.jpg,pCT,train
pCT/pCT434.jpg,pCT,train
pCT/pCT435.jpg,pCT,train
pCT/pCT436.jpg,pCT,train
pCT/pCT437.jpg,pCT,train
pCT/pCT438.jpg,pCT,train
pCT/pCT439.jpg,pCT,train
pCT/pCT440.jpg,pCT,train
pCT/pCT441.jpg,pCT,train
pCT/pCT442.jpg,pCT,train
pCT/pCT443.jpg,pCT,train
pCT/pCT444.jpg,pCT,train
pCT/pCT445.jpg,pCT,train
pCT/pCT446.jpg,pCT,train
pCT/pCT447.jpg,pCT,train
pCT/pCT448.jpg,pCT,train
pCT/pCT449.jpg,pCT,train
pCT/pCT450.jpg,pCT,train
pCT/pCT451.jpg,pCT,train
pCT/pCT452.jpg,pCT,train
pCT/pCT453.jpg,pCT,train
pCT/pCT454.jpg,pCT,train
pCT/pCT455.jpg,pCT,train
pCT/pCT456.jpg,pCT,train
pCT/pCT457.jpg,pCT,train
pCT/pCT458.jpg,pCT,train
pCT/pCT459.jpg,pCT,train
pCT/pCT460.jpg,pCT,train
pCT/pCT461.jpg,pCT,train
pCT/pCT462.jpg,pCT,train
pCT/pCT463.jpg,pCT,train
pCT/pCT464.jpg,pCT,train
pCT/pCT465.jpg,pCT,train
pCT/pCT466.jpg,pCT,train
pCT/pCT467.jpg,pCT,train
pCT/pCT468.jpg,pCT,train
pCT/pCT469.jpg,pCT,train
pCT/pCT470.jpg,pCT,train
pCT/pCT471.jpg,pCT,train
pCT/pCT472.jpg,pCT,train
pCT/pCT473.jpg,pCT,train
pCT/pCT474.jpg,pCT,train
pCT/pCT475.jpg,pCT,train
pCT/pCT476.jpg,pCT,train
pCT/pCT477.jpg,pCT,train
pCT/pCT478.jpg,pCT,train
pCT/pCT479.jpg,pCT,train
pCT/pCT480.jpg,pCT,train
pCT/pCT481.jpg,pCT,train
pCT/pCT482.jpg,pCT,train
pCT/pCT483.jpg,pCT,train
pCT/pCT484.jpg,pCT,train
pCT/pCT485.jpg,pCT,train
pCT/pCT486.jpg,pCT,train
pCT/pCT487.jpg,pCT,train
pCT/pCT488.jpg,pCT,train
pCT/pCT489.jpg,pCT,train
pCT/pCT490.jpg,pCT,train
pCT/pCT491.jpg,pCT,train
pCT/pCT492.jpg,pCT,train
pCT/pCT493.jpg,pCT,train
pCT/pCT494.jpg,pCT,train
pCT/pCT495.jpg,pCT,train
pCT/pCT496.jpg,pCT,train
pCT/pCT497.jpg,pCT,train
pCT/pCT498.jpg,pCT,train
pCT/pCT499.jpg,pCT,train
pCT/pCT500.jpg,pCT,train
pCT/pCT501.jpg,pCT,train
pCT/pCT502.jpg,pCT,train
pCT/pCT503.jpg,pCT,train
pCT/pCT504.jpg,pCT,train
pCT/pCT505.jpg,pCT,train
pCT/pCT506.jpg,pCT,train
pCT/pCT507.jpg,pCT,train
pCT/pCT508.jpg,pCT,train
pCT/pCT509.jpg,pCT,train
pCT/pCT510.jpg,pCT,train
pCT/pCT511.jpg,pCT,train
pCT/pCT512.jpg,pCT,train
pCT/pCT513.jpg,pCT,train
pCT/pCT514.jpg,pCT,train
pCT/pCT515.jpg,pCT,train
pCT/pCT516.jpg,pCT,train
pCT/pCT517.jpg,pCT,train
pCT/pCT518.jpg,pCT,train
pCT/pCT519.jpg,pCT,train
pCT/pCT520.jpg,pCT,train
pCT/pCT521.jpg,pCT,train
pCT/pCT522.jpg,pCT,train
pCT/pCT523.jpg,pCT,train
pCT/pCT524.jpg,pCT,train
pCT/pCT525.jpg,pCT,train
pCT/pCT526.jpg,pCT,train
pCT/pCT527.jpg,pCT,train
pCT/pCT528.jpg,pCT,train
pCT/pCT529.jpg,pCT,train
pCT/pCT530.jpg,pCT,train
pCT/pCT531.jpg,pCT,train
pCT/pCT532.jpg,pCT,train
pCT/pCT533.jpg,pCT,train
pCT/pCT534.jpg,pCT,train
pCT/pCT535.jpg,pCT,train
pCT/pCT536.jpg,pCT,train
pCT/pCT537.jpg,pCT,train
pCT/pCT538.jpg,pCT,train
pCT/pCT539.jpg,pCT,train
pCT/pCT540.jpg,pCT,train
pCT/pCT541.jpg,pCT,train
pCT/pCT542.jpg,pCT,train
pCT/pCT543.jpg,pCT,train
pCT/pCT544.jpg,pCT,train
pCT/pCT545.jpg,pCT,train
pCT/pCT546.jpg,pCT,train
pCT/pCT547.jpg,pCT,train
pCT/pCT548.jpg,pCT,train
pCT/pCT549.jpg,pCT,train
pCT/pCT550.jpg,pCT,train
pCT/pCT551.jpg,pCT,train
pCT/pCT552.jpg,pCT,train
pCT/pCT553.jpg,pCT,train
pCT/pCT554.jpg,pCT,train
pCT/pCT555.jpg,pCT,train
pCT/pCT556.jpg,pCT,train
pCT/pCT557.jpg,pCT,train
pCT/pCT558.jpg,pCT,train
pCT/pCT559.jpg,pCT,train
pCT/pCT560.jpg,pCT,train
pCT/pCT561.jpg,pCT,train
pCT/pCT562.jpg,pCT,train
pCT/pCT563.jpg,pCT,train
pCT/pCT564.jpg,pCT,train
pCT/pCT565.jpg,pCT,train
pCT/pCT566.jpg,pCT,train
pCT/pCT567.jpg,pCT,train
pCT/pCT568.jpg,pCT,train
pCT/pCT569.jpg,pCT,train
pCT/pCT570.jpg,pCT,train
pCT/pCT571.jpg,pCT,train
pCT/pCT572.jpg,pCT,train
pCT/pCT573.jpg,pCT,train
pCT/pCT574.jpg,pCT,train
pCT/pCT575.jpg,pCT,train
pCT/pCT576.jpg,pCT,train
pCT/pCT577.jpg,pCT,train
pCT/pCT578.jpg,pCT,train
pCT/pCT579.jpg,pCT,train
pCT/pCT580.jpg,pCT,train
pCT/pCT581.jpg,pCT,train
pCT/pCT582.jpg,pCT,train
pCT/pCT583.jpg,pCT,train
pCT/pCT584.jpg,pCT,train
pCT/pCT585.jpg,pCT,train
pCT/pCT586.jpg,pCT,train
pCT/pCT587.jpg,pCT,train
pCT/pCT588.jpg,pCT,train
pCT/pCT589.jpg,pCT,train
pCT/pCT590.jpg,pCT,train
pCT/pCT591.jpg,pCT,train
pCT/pCT592.jpg,pCT,train
pCT/pCT593.jpg,pCT,train
pCT/pCT594.jpg,pCT,train
pCT/pCT595.jpg,pCT,train
pCT/pCT596.jpg,pCT,train
pCT/pCT597.jpg,pCT,train
pCT/pCT598.jpg,pCT,train
pCT/pCT599.jpg,pCT,train
pCT/pCT600.jpg,pCT,train
pCT/pCT601.jpg,pCT,train
pCT/pCT602.jpg,pCT,train
pCT/pCT603.jpg,pCT,train
pCT/pCT604.jpg,pCT,train
pCT/pCT605.jpg,pCT,train
pCT/pCT606.jpg,pCT,train
pCT/pCT607.jpg,pCT,train
pCT/pCT608.jpg,pCT,train
pCT/pCT609.jpg,pCT,train
pCT/pCT610.jpg,pCT,train
pCT/pCT611.jpg,pCT,train
pCT/pCT612.jpg,pCT,train
pCT/pCT613.jpg,pCT,train
pCT/pCT614.jpg,pCT,train
pCT/pCT615.jpg,pCT,train
pCT/pCT616.jpg,pCT,train
pCT/pCT617.jpg,pCT,train
pCT/pCT618.jpg,pCT,train
pCT/pCT619.jpg,pCT,train
pCT/pCT620.jpg,pCT,train
pCT/pCT621.jpg,pCT,train
pCT/pCT622.jpg,pCT,train
pCT/pCT623.jpg,pCT,train
pCT/pCT624.jpg,pCT,train
pCT/pCT625.jpg,pCT,train
pCT/pCT626.jpg,pCT,train
pCT/pCT627.jpg,pCT,train
pCT/pCT628.jpg,pCT,train
pCT/pCT629.jpg,pCT,train
pCT/pCT630.jpg,pCT,train
pCT/pCT631.jpg,pCT,train
pCT/pCT632.jpg,pCT,train
pCT/pCT633.jpg,pCT,train
pCT/pCT634.jpg,pCT,train
pCT/pCT635.jpg,pCT,train
pCT/pCT636.jpg,pCT,train
pCT/pCT637.jpg,pCT,train
pCT/pCT638.jpg,pCT,train
pCT/pCT639.jpg,pCT,train
pCT/pCT640.jpg,pCT,train
pCT/pCT641.jpg,pCT,train
pCT/pCT642.jpg,pCT,train
pCT/pCT643.jpg,pCT,train
pCT/pCT644.jpg,pCT,train
pCT/pCT645.jpg,pCT,train
pCT/pCT646.jpg,pCT,train
pCT/pCT647.jpg,pCT,train
pCT/pCT648.jpg,pCT,train
pCT/pCT649.jpg,pCT,train
pCT/pCT650.jpg,pCT,train
pCT/pCT651.jpg,pCT,train
pCT/pCT652.jpg,pCT,train
pCT/pCT653.jpg,pCT,train
pCT/pCT654.jpg,pCT,train
pCT/pCT655.jpg,pCT,train
pCT/pCT656.jpg,pCT,train
pCT/pCT657.jpg,pCT,train
pCT/pCT658.jpg,pCT,train
pCT/pCT659.jpg,pCT,train
pCT/pCT660.jpg,pCT,train
pCT/pCT661.jpg,pCT,train
pCT/pCT662.jpg,pCT,train
pCT/pCT663.jpg,pCT,train
pCT/pCT664.jpg,pCT,train
pCT/pCT665.jpg,pCT,train
pCT/pCT666.jpg,pCT,train
pCT/pCT667.jpg,pCT,train
pCT/pCT668.jpg,pCT,train
pCT/pCT669.jpg,pCT,train
pCT/pCT670.jpg,pCT,train
pCT/pCT671.jpg,pCT,train
pCT/pCT672.jpg,pCT,train
pCT/pCT673.jpg,pCT,train
pCT/pCT674.jpg,pCT,train
pCT/pCT675.jpg,pCT,train
pCT/pCT676.jpg,pCT,train
pCT/pCT677.jpg,pCT,train
pCT/pCT678.jpg,pCT,train
pCT/pCT679.jpg,pCT,train
pCT/pCT680.jpg,pCT,train
pCT/pCT681.jpg,pCT,train
pCT/pCT682.jpg,pCT,train
pCT/pCT683.jpg,pCT,train
pCT/pCT684.jpg,pCT,train
pCT/pCT685.jpg,pCT,train
pCT/pCT686.jpg,pCT,train
pCT/pCT687.jpg,pCT,train
pCT/pCT688.jpg,pCT,train
pCT/pCT689.jpg,pCT,train
pCT/pCT690.jpg,pCT,train
pCT/pCT691.jpg,pCT,train
pCT/pCT692.jpg,pCT,train
pCT/pCT693.jpg,pCT,train
pCT/pCT694.jpg,pCT,train
pCT/pCT695.jpg,pCT,train
pCT/pCT696.jpg,pCT,train
pCT/pCT697.jpg,pCT,train
pCT/pCT698.jpg,pCT,train
pCT/pCT699.jpg,pCT,train
pCT/pCT700.jpg,pCT,train
pCT/pCT701.jpg,pCT,train
pCT/pCT702.jpg,pCT,train
pCT/pCT703.jpg,pCT,train
pCT/pCT704.jpg,pCT,train
pCT/pCT705.jpg,pCT,train
pCT/pCT706.jpg,pCT,train
pCT/pCT707.jpg,pCT,train
pCT/pCT708.jpg,pCT,train
pCT/pCT709.jpg,pCT,train
pCT/pCT710.jpg,pCT,train
pCT/pCT711.jpg,pCT,train
pCT/pCT712.jpg,pCT,train
pCT/pCT713.jpg,pCT,train
pCT/pCT714.jpg,pCT,train
pCT/pCT715.jpg,pCT,train
pCT/pCT716.jpg,pCT,train
pCT/pCT717.jpg,pCT,train
pCT/pCT718.jpg,pCT,train
pCT/pCT719.jpg,pCT,train
pCT/pCT720.jpg,pCT,train
pCT/pCT721.jpg,pCT,train
pCT/pCT722.jpg,pCT,train
pCT/pCT723.jpg,pCT,train
pCT/pCT724.jpg,pCT,train
pCT/pCT725.jpg,pCT,train
pCT/pCT726.jpg,pCT,train
pCT/pCT727.jpg,pCT,train
pCT/pCT728.jpg,pCT,train
pCT/pCT729.jpg,pCT,train
pCT/pCT730.jpg,pCT,train
pCT/pCT731.jpg,pCT,train
pCT/pCT732.jpg,pCT,train
pCT/pCT733.jpg,pCT,train
pCT/pCT734.jpg,pCT,train
pCT/pCT735.jpg,pCT,train
pCT/pCT736.jpg,pCT,train
pCT/pCT737.jpg,pCT,train
pCT/pCT738.jpg,pCT,train
pCT/pCT739.jpg,pCT,train
pCT/pCT740.jpg,pCT,train
pCT/pCT741.jpg,pCT,train
pCT/pCT742.jpg,pCT,train
pCT/pCT743.jpg,pCT,train
pCT/pCT744.jpg,pCT,train
pCT/pCT745.jpg,pCT,train
pCT/pCT746.jpg,pCT,train
pCT/pCT747.jpg,pCT,train
pCT/pCT748.jpg,pCT,train
pCT/pCT749.jpg,pCT,train
pCT/pCT750.jpg,pCT,train
pCT/pCT751.jpg,pCT,train
pCT/pCT752.jpg,pCT,train
pCT/pCT753.jpg,pCT,train
pCT/pCT754.jpg,pCT,train
pCT/pCT755.jpg,pCT,train
pCT/pCT756.jpg,pCT,train
pCT/pCT757.jpg,pCT,train
pCT/pCT758.jpg,pCT,train
pCT/pCT759.jpg,pCT,train
pCT/pCT760.jpg,pCT,train
pCT/pCT761.jpg,pCT,train
pCT/pCT762.jpg,pCT,train
pCT/pCT763.jpg,pCT,train
pCT/pCT764.jpg,pCT,train
pCT/pCT765.jpg,pCT,train
pCT/pCT766.jpg,pCT,train
pCT/pCT767.jpg,pCT,train
pCT/pCT768.jpg,pCT,train
pCT/pCT769.jpg,pCT,train
pCT/pCT770.jpg,pCT,train
pCT/pCT771.jpg,pCT,train
pCT/pCT772.jpg,pCT,train
pCT/pCT773.jpg,pCT,train
pCT/pCT774.jpg,pCT,train
pCT/pCT775.jpg,pCT,train
pCT/pCT776.jpg,pCT,train
pCT/pCT777.jpg,pCT,train
pCT/pCT778.jpg,pCT,train
pCT/pCT779.jpg,pCT,train
pCT/pCT780.jpg,pCT,train
pCT/pCT781.jpg,pCT,train
pCT/pCT782.jpg,pCT,train
pCT/pCT783.jpg,pCT,train
pCT/pCT784.jpg,pCT,train
pCT/pCT785.jpg,pCT,train
pCT/pCT786.jpg,pCT,train
pCT/pCT787.jpg,pCT,train
pCT/pCT788.jpg,pCT,train
pCT/pCT789.jpg,pCT,train
pCT/pCT790.jpg,pCT,train
pCT/pCT791.jpg,pCT,train
pCT/pCT792.jpg,pCT,train
pCT/pCT793.jpg,pCT,train
pCT/pCT794.jpg,pCT,train
pCT/pCT795.jpg,pCT,train
pCT/pCT796.jpg,pCT,train
pCT/pCT797.jpg,pCT,train
pCT/pCT798.jpg,pCT,train
pCT/pCT799.jpg,pCT,train
pCT/pCT800.jpg,pCT,train
pCT/pCT801.jpg,pCT,train
pCT/pCT802.jpg,pCT,train
pCT/pCT803.jpg,pCT,train
pCT/pCT804.jpg,pCT,train
pCT/pCT805.jpg,pCT,train
pCT/pCT806.jpg,pCT,train
pCT/pCT807.jpg,pCT,train
pCT/pCT808.jpg,pCT,train
pCT/pCT809.jpg,pCT,train
pCT/pCT810.jpg,pCT,train
pCT/pCT811.jpg,pCT,train
pCT/pCT812.jpg,pCT,train
pCT/pCT813.jpg,pCT,train
pCT/pCT814.jpg,pCT,train
pCT/pCT815.jpg,pCT,train
pCT/pCT816.jpg,pCT,train
pCT/pCT817.jpg,pCT,train
pCT/pCT818.jpg,pCT,train
pCT/pCT819.jpg,pCT,train
pCT/pCT820.jpg,pCT,train
pCT/pCT821.jpg,pCT,train
pCT/pCT822.jpg,pCT,train
pCT/pCT823.jpg,pCT,train
pCT/pCT824.jpg,pCT,train
pCT/pCT825.jpg,pCT,train
pCT/pCT826.jpg,pCT,train
pCT/pCT827.jpg,pCT,train
pCT/pCT828.jpg,pCT,train
pCT/pCT829.jpg,pCT,train
pCT/pCT830.jpg,pCT,train
pCT/pCT831.jpg,pCT,train
pCT/pCT832.jpg,pCT,train
pCT/pCT833.jpg,pCT,train
pCT/pCT834.jpg,pCT,train
pCT/pCT835.jpg,pCT,train
pCT/pCT836.jpg,pCT,train
pCT/pCT837.jpg,pCT,train
pCT/pCT838.jpg,pCT,train
pCT/pCT839.jpg,pCT,train
pCT/pCT840.jpg,pCT,train
pCT/pCT841.jpg,pCT,train
pCT/pCT842.jpg,pCT,train
pCT/pCT843.jpg,pCT,train
pCT/pCT844.jpg,pCT,train
pCT/pCT845.jpg,pCT,train
pCT/pCT846.jpg,pCT,train
pCT/pCT847.jpg,pCT,train
pCT/pCT848.jpg,pCT,train
pCT/pCT849.jpg,pCT,train
pCT/pCT850.jpg,pCT,train
pCT/pCT851.jpg,pCT,train
pCT/pCT852.jpg,pCT,train
pCT/pCT853.jpg,pCT,train
pCT/pCT854.jpg,pCT,train
pCT/pCT855.jpg,pCT,train
pCT/pCT856.jpg,pCT,train
pCT/pCT857.jpg,pCT,train
pCT/pCT858.jpg,pCT,train
pCT/pCT859.jpg,pCT,train
pCT/pCT860.jpg,pCT,train
pCT/pCT861.jpg,pCT,train
pCT/pCT862.jpg,pCT,train
pCT/pCT863.jpg,pCT,train
pCT/pCT864.jpg,pCT,train
pCT/pCT865.jpg,pCT,train
pCT/pCT866.jpg,pCT,train
pCT/pCT867.jpg,pCT,train
pCT/pCT868.jpg,pCT,train
pCT/pCT869.jpg,pCT,train
pCT/pCT870.jpg,pCT,train
pCT/pCT871.jpg,pCT,train
pCT/pCT872.jpg,pCT,train
pCT/pCT873.jpg,pCT,train
pCT/pCT874.jpg,pCT,train
pCT/pCT875.jpg,pCT,train
pCT/pCT876.jpg,pCT,train
pCT/pCT877.jpg,pCT,train
pCT/pCT878.jpg,pCT,train
pCT/pCT879.jpg,pCT,train
pCT/pCT880.jpg,pCT,train
pCT/pCT881.jpg,pCT,train
pCT/pCT882.jpg,pCT,train
pCT/pCT883.jpg,pCT,train
pCT/pCT884.jpg,pCT,train
pCT/pCT885.jpg,pCT,train
pCT/pCT886.jpg,pCT,train
pCT/pCT887.jpg,pCT,train
pCT/pCT888.jpg,pCT,train
pCT/pCT889.jpg,pCT,train
pCT/pCT890.jpg,pCT,train
pCT/pCT891.jpg,pCT,train
pCT/pCT892.jpg,pCT,train
pCT/pCT893.jpg,pCT,train
pCT/pCT894.jpg,pCT,train
pCT/pCT895.jpg,pCT,train
pCT/pCT896.jpg,pCT,train
pCT/pCT897.jpg,pCT,train
pCT/pCT898.jpg,pCT,train
pCT/pCT899.jpg,pCT,train
pCT/pCT900.jpg,pCT,train
pCT/pCT901.jpg,pCT,train
pCT/pCT902.jpg,pCT,train
pCT/pCT903.jpg,pCT,train
pCT/pCT904.jpg,pCT,train
pCT/pCT905.jpg,pCT,train
pCT/pCT906.jpg,pCT,train
pCT/pCT907.jpg,pCT,train
pCT/pCT908.jpg,pCT,train
pCT/pCT909.jpg,pCT,train
pCT/pCT910.jpg,pCT,train
pCT/pCT911.jpg,pCT,train
pCT/pCT912.jpg,pCT,train
pCT/pCT913.jpg,pCT,train
pCT/pCT914.jpg,pCT,train
pCT/pCT915.jpg,pCT,train
pCT/pCT916.jpg,pCT,train
pCT/pCT917.jpg,pCT,train
pCT/pCT918.jpg,pCT,train
pCT/pCT919.jpg,pCT,train
pCT/pCT920.jpg,pCT,train
pCT/pCT921.jpg,pCT,train
pCT/pCT922.jpg,pCT,train
pCT/pCT923.jpg,pCT,train
pCT/pCT924.jpg,pCT,train
pCT/pCT925.jpg,pCT,train
pCT/pCT926.jpg,pCT,train
pCT/pCT927.jpg,pCT,train
pCT/pCT928.jpg,pCT,train
pCT/pCT929.jpg,pCT,train
pCT/pCT930.jpg,pCT,train
pCT/pCT931.jpg,pCT,train
pCT/pCT932.jpg,pCT,train
pCT/pCT933.jpg,pCT,train
pCT/pCT934.jpg,pCT,train
pCT/pCT935.jpg,pCT,train
pCT/pCT936.jpg,pCT,train
pCT/pCT937.jpg,pCT,train
pCT/pCT938.jpg,pCT,train
pCT/pCT939.jpg,pCT,train
pCT/pCT940.jpg,pCT,train
pCT/pCT941.jpg,pCT,train
pCT/pCT942.jpg,pCT,train
pCT/pCT943.jpg,pCT,train
pCT/pCT944.jpg,pCT,train
pCT/pCT945.jpg,pCT,train
pCT/pCT946.jpg,pCT,train
pCT/pCT947.jpg,pCT,train
pCT/pCT948.jpg,pCT,train
pCT/pCT949.jpg,pCT,train
pCT/pCT950.jpg,pCT,train
pCT/pCT951.jpg,pCT,train
pCT/pCT952.jpg,pCT,train
pCT/pCT953.jpg,pCT,train
pCT/pCT954.jpg,pCT,train
pCT/pCT955.jpg,pCT,train
pCT/pCT956.jpg,pCT,train
pCT/pCT957.jpg,pCT,train
pCT/pCT958.jpg,pCT,train
pCT/pCT959.jpg,pCT,train
pCT/pCT960.jpg,pCT,train
pCT/pCT961.jpg,pCT,train
pCT/pCT962.jpg,pCT,train
pCT/pCT963.jpg,pCT,train
pCT/pCT964.jpg,pCT,train
pCT/pCT965.jpg,pCT,train
pCT/pCT966.jpg,pCT,train
pCT/pCT967.jpg,pCT,train
pCT/pCT968.jpg,pCT,train
pCT/pCT969.jpg,pCT,train
pCT/pCT970.jpg,pCT,train
pCT/pCT971.jpg,pCT,train
pCT/pCT972.jpg,pCT,train
pCT/pCT973.jpg,pCT,train
pCT/pCT974.jpg,pCT,train
pCT/pCT975.jpg,pCT,train
pCT/pCT976.jpg,pCT,train
pCT/pCT977.jpg,pCT,train
pCT/pCT978.jpg,pCT,train
pCT/pCT979.jpg,pCT,train
pCT/pCT980.jpg,pCT,train
pCT/pCT981.jpg,pCT,train
pCT/pCT982.jpg,pCT,train
pCT/pCT983.jpg,pCT,train
pCT/pCT984.jpg,pCT,train
pCT/pCT985.jpg,pCT,train
pCT/pCT986.jpg,pCT,train
pCT/pCT987.jpg,pCT,train
pCT/pCT988.jpg,pCT,train
pCT/pCT989.jpg,pCT,train
pCT/pCT990.jpg,pCT,train
pCT/pCT991.jpg,pCT,train
pCT/pCT992.jpg,pCT,train
pCT/pCT993.jpg,pCT,train
pCT/pCT994.jpg,pCT,train
pCT/pCT995.jpg,pCT,train
pCT/pCT996.jpg,pCT,train
pCT/pCT997.jpg,pCT,train
pCT/pCT998.jpg,pCT,train
pCT/pCT999.jpg,pCT,train
pCT/pCT1000.jpg,pCT,train
pCT/pCT1001.jpg,pCT,train
pCT/pCT1002.jpg,pCT,train
pCT/pCT1003.jpg,pCT,train
pCT/pCT1004.jpg,pCT,train
pCT/pCT1005.jpg,pCT,train
pCT/pCT1006.jpg,pCT,train
pCT/pCT1007.jpg,pCT,train
pCT/pCT1008.jpg,pCT,train
pCT/pCT1009.jpg,pCT,train
pCT/pCT1010.jpg,pCT,train
pCT/pCT1011.jpg,pCT,train
pCT/pCT1012.jpg,pCT,train
pCT/pCT1013.jpg,pCT,train
pCT/pCT1014.jpg,pCT,train
pCT/pCT1015.jpg,pCT,train
pCT/pCT1016.jpg,pCT,train
pCT/pCT1017.jpg,pCT,train
pCT/pCT1018.jpg,pCT,train
pCT/pCT1019.jpg,pCT,train
pCT/pCT1020.jpg,pCT,train
pCT/pCT1021.jpg,pCT,train
pCT/pCT1022.jpg,pCT,train
pCT/pCT1023.jpg,pCT,train
pCT/pCT1024.jpg,pCT,train
pCT/pCT1025.jpg,pCT,train
pCT/pCT1026.jpg,pCT,train
pCT/pCT1027.jpg,pCT,train
pCT/pCT1028.jpg,pCT,train
pCT/pCT1029.jpg,pCT,train
pCT/pCT1030.jpg,pCT,train
pCT/pCT1031.jpg,pCT,train
pCT/pCT1032.jpg,pCT,train
pCT/pCT1033.jpg,pCT,train
pCT/pCT1034.jpg,pCT,train
pCT/pCT1035.jpg,pCT,train
pCT/pCT1036.jpg,pCT,train
pCT/pCT1037.jpg,pCT,train
pCT/pCT1038.jpg,pCT,train
pCT/pCT1039.jpg,pCT,train
pCT/pCT1040.jpg,pCT,train
pCT/pCT1041.jpg,pCT,train
pCT/pCT1042.jpg,pCT,train
pCT/pCT1043.jpg,pCT,train
pCT/pCT1044.jpg,pCT,train
pCT/pCT1045.jpg,pCT,train
pCT/pCT1046.jpg,pCT,train
pCT/pCT1047.jpg,pCT,train
pCT/pCT1048.jpg,pCT,train
pCT/pCT1049.jpg,pCT,train
pCT/pCT1050.jpg,pCT,train
pCT/pCT1051.jpg,pCT,train
pCT/pCT1052.jpg,pCT,train
pCT/pCT1053.jpg,pCT,train
pCT/pCT1054.jpg,pCT,train
pCT/pCT1055.jpg,pCT,train
pCT/pCT1056.jpg,pCT,train
pCT/pCT1057.jpg,pCT,train
pCT/pCT1058.jpg,pCT,train
pCT/pCT1059.jpg,pCT,train
pCT/pCT1060.jpg,pCT,train
pCT/pCT1061.jpg,pCT,train
pCT/pCT1062.jpg,pCT,train
pCT/pCT1063.jpg,pCT,train
pCT/pCT1064.jpg,pCT,train
pCT/pCT1065.jpg,pCT,train
pCT/pCT1066.jpg,pCT,train
pCT/pCT1067.jpg,pCT,train
pCT/pCT1068.jpg,pCT,train
pCT/pCT1069.jpg,pCT,train
pCT/pCT1070.jpg,pCT,train
pCT/pCT1071.jpg,pCT,train
pCT/pCT1072.jpg,pCT,train
pCT/pCT1073.jpg,pCT,train
pCT/pCT1074.jpg,pCT,train
pCT/pCT1075.jpg,pCT,train
pCT/pCT1076.jpg,pCT,train
pCT/pCT1077.jpg,pCT,train
pCT/pCT1078.jpg,pCT,train
pCT/pCT1079.jpg,pCT,train
pCT/pCT1080.jpg,pCT,train
pCT/pCT1081.jpg,pCT,train
pCT/pCT1082.jpg,pCT,train
pCT/pCT1083.jpg,pCT,train
pCT/pCT1084.jpg,pCT,train
pCT/pCT1085.jpg,pCT,train
pCT/pCT1086.jpg,pCT,train
pCT/pCT1087.jpg,pCT,train
pCT/pCT1088.jpg,pCT,train
pCT/pCT1089.jpg,pCT,train
pCT/pCT1090.jpg,pCT,train
pCT/pCT1091.jpg,pCT,train
pCT/pCT1092.jpg,pCT,train
pCT/pCT1093.jpg,pCT,train
pCT/pCT1094.jpg,pCT,train
pCT/pCT1095.jpg,pCT,train
pCT/pCT1096.jpg,pCT,train
pCT/pCT1097.jpg,pCT,train
pCT/pCT1098.jpg,pCT,train
pCT/pCT1099.jpg,pCT,train
pCT/pCT1100.jpg,pCT,train
pCT/pCT1101.jpg,pCT,train
pCT/pCT1102.jpg,pCT,train
pCT/pCT1103.jpg,pCT,train
pCT/pCT1104.jpg,pCT,train
pCT/pCT1105.jpg,pCT,train
pCT/pCT1106.jpg,pCT,train
pCT/pCT1107.jpg,pCT,train
pCT/pCT1108.jpg,pCT,train
pCT/pCT1109.jpg,pCT,train
pCT/pCT1110.jpg,pCT,train
pCT/pCT1111.jpg,pCT,train
pCT/pCT1112.jpg,pCT,train
pCT/pCT1113.jpg,pCT,train
pCT/pCT1114.jpg,pCT,train
pCT/pCT1115.jpg,pCT,train
pCT/pCT1116.jpg,pCT,train
pCT/pCT1117.jpg,pCT,train
pCT/pCT1118.jpg,pCT,train
pCT/pCT1119.jpg,pCT,train
pCT/pCT1120.jpg,pCT,train
pCT/pCT1121.jpg,pCT,train
pCT/pCT1122.jpg,pCT,train
pCT/pCT1123.jpg,pCT,train
pCT/pCT1124.jpg,pCT,train
pCT/pCT1125.jpg,pCT,train
pCT/pCT1126.jpg,pCT,train
pCT/pCT1127.jpg,pCT,train
pCT/pCT1128.jpg,pCT,train
pCT/pCT1129.jpg,pCT,train
pCT/pCT1130.jpg,pCT,train
pCT/pCT1131.jpg,pCT,train
pCT/pCT1132.jpg,pCT,train
pCT/pCT1133.jpg,pCT,train
pCT/pCT1134.jpg,pCT,train
pCT/pCT1135.jpg,pCT,train
pCT/pCT1136.jpg,pCT,train
pCT/pCT1137.jpg,pCT,train
pCT/pCT1138.jpg,pCT,train
pCT/pCT1139.jpg,pCT,train
pCT/pCT1140.jpg,pCT,train
pCT/pCT1141.jpg,pCT,train
pCT/pCT1142.jpg,pCT,train
pCT/pCT1143.jpg,pCT,train
pCT/pCT1144.jpg,pCT,train
pCT/pCT1145.jpg,pCT,train
pCT/pCT1146.jpg,pCT,train
pCT/pCT1147.jpg,pCT,train
pCT/pCT1148.jpg,pCT,train
pCT/pCT1149.jpg,pCT,train
pCT/pCT1150.jpg,pCT,train
pCT/pCT1151.jpg,pCT,train
pCT/pCT1152.jpg,pCT,train
pCT/pCT1153.jpg,pCT,train
pCT/pCT1154.jpg,pCT,train
pCT/pCT1155.jpg,pCT,train
pCT/pCT1156.jpg,pCT,train
pCT/pCT1157.jpg,pCT,train
pCT/pCT1158.jpg,pCT,train
pCT/pCT1159.jpg,pCT,train
pCT/pCT1160.jpg,pCT,train
pCT/pCT1161.jpg,pCT,train
pCT/pCT1162.jpg,pCT,train
pCT/pCT1163.jpg,pCT,train
pCT/pCT1164.jpg,pCT,train
pCT/pCT1165.jpg,pCT,train
pCT/pCT1166.jpg,pCT,train
pCT/pCT1167.jpg,pCT,train
pCT/pCT1168.jpg,pCT,train
pCT/pCT1169.jpg,pCT,train
pCT/pCT1170.jpg,pCT,train
pCT/pCT1171.jpg,pCT,train
pCT/pCT1172.jpg,pCT,train
pCT/pCT1173.jpg,pCT,train
pCT/pCT1174.jpg,pCT,train
pCT/pCT1175.jpg,pCT,train
pCT/pCT1176.jpg,pCT,train
pCT/pCT1177.jpg,pCT,train
pCT/pCT1178.jpg,pCT,train
pCT/pCT1179.jpg,pCT,train
pCT/pCT1180.jpg,pCT,train
pCT/pCT1181.jpg,pCT,train
pCT/pCT1182.jpg,pCT,train
pCT/pCT1183.jpg,pCT,train
pCT/pCT1184.jpg,pCT,train
pCT/pCT1185.jpg,pCT,train
pCT/pCT1186.jpg,pCT,train
pCT/pCT1187.jpg,pCT,train
pCT/pCT1188.jpg,pCT,train
pCT/pCT1189.jpg,pCT,train
pCT/pCT1190.jpg,pCT,train
pCT/pCT1191.jpg,pCT,train
pCT/pCT1192.jpg,pCT,train
pCT/pCT1193.jpg,pCT,train
pCT/pCT1194.jpg,pCT,train
pCT/pCT1195.jpg,pCT,train
pCT/pCT1196.jpg,pCT,train
pCT/pCT1197.jpg,pCT,train
pCT/pCT1198.jpg,pCT,train
pCT/pCT1199.jpg,pCT,train
pCT/pCT1200.jpg,pCT,train
pCT/pCT1201.jpg,pCT,train
pCT/pCT1202.jpg,pCT,train
pCT/pCT1203.jpg,pCT,train
pCT/pCT1204.jpg,pCT,train
pCT/pCT1205.jpg,pCT,train
pCT/pCT1206.jpg,pCT,train
pCT/pCT1207.jpg,pCT,train
pCT/pCT1208.jpg,pCT,train
pCT/pCT1209.jpg,pCT,train
pCT/pCT1210.jpg,pCT,train
pCT/pCT1211.jpg,pCT,train
pCT/pCT1212.jpg,pCT,train
pCT/pCT1213.jpg,pCT,train
pCT/pCT1214.jpg,pCT,train
pCT/pCT1215.jpg,pCT,train
pCT/pCT1216.jpg,pCT,train
pCT/pCT1217.jpg,pCT,train
pCT/pCT1218.jpg,pCT,train
pCT/pCT1219.jpg,pCT,train
pCT/pCT1220.jpg,pCT,train
pCT/pCT1221.jpg,pCT,train
pCT/pCT1222.jpg,pCT,train
pCT/pCT1223.jpg,pCT,train
pCT/pCT1224.jpg,pCT,train
pCT/pCT1225.jpg,pCT,train
pCT/pCT1226.jpg,pCT,train
pCT/pCT1227.jpg,pCT,train
pCT/pCT1228.jpg,pCT,train
pCT/pCT1229.jpg,pCT,train
pCT/pCT1230.jpg,pCT,train
pCT/pCT1231.jpg,pCT,train
pCT/pCT1232.jpg,pCT,train
pCT/pCT1233.jpg,pCT,train
pCT/pCT1234.jpg,pCT,train
pCT/pCT1235.jpg,pCT,train
pCT/pCT1236.jpg,pCT,train
pCT/pCT1237.jpg,pCT,train
pCT/pCT1238.jpg,pCT,train
pCT/pCT1239.jpg,pCT,train
pCT/pCT1240.jpg,pCT,train
pCT/pCT1241.jpg,pCT,train
pCT/pCT1242.jpg,pCT,train
pCT/pCT1243.jpg,pCT,train
pCT/pCT1244.jpg,pCT,train
pCT/pCT1245.jpg,pCT,train
pCT/pCT1246.jpg,pCT,train
pCT/pCT1247.jpg,pCT,train
pCT/pCT1248.jpg,pCT,train
pCT/pCT1249.jpg,pCT,train
pCT/pCT1250.jpg,pCT,train
pCT/pCT1251.jpg,pCT,train
pCT/pCT1252.jpg,pCT,train
pCT/pCT1253.jpg,pCT,train
pCT/pCT1254.jpg,pCT,train
pCT/pCT1255.jpg,pCT,train
pCT/pCT1256.jpg,pCT,train
pCT/pCT1257.jpg,pCT,train
pCT/pCT1258.jpg,pCT,train
pCT/pCT1259.jpg,pCT,train
pCT/pCT1260.jpg,pCT,train
pCT/pCT1261.jpg,pCT,train
pCT/pCT1262.jpg,pCT,train
pCT/pCT1263.jpg,pCT,train
pCT/pCT1264.jpg,pCT,train
pCT/pCT1265.jpg,pCT,train
pCT/pCT1266.jpg,pCT,train
pCT/pCT1267.jpg,pCT,train
pCT/pCT1268.jpg,pCT,train
pCT/pCT1269.jpg,pCT,train
pCT/pCT1270.jpg,pCT,train
pCT/pCT1271.jpg,pCT,train
pCT/pCT1272.jpg,pCT,train
pCT/pCT1273.jpg,pCT,train
pCT/pCT1274.jpg,pCT,train
pCT/pCT1275.jpg,pCT,train
pCT/pCT1276.jpg,pCT,train
pCT/pCT1277.jpg,pCT,train
pCT/pCT1278.jpg,pCT,train
pCT/pCT1279.jpg,pCT,train
pCT/pCT1280.jpg,pCT,train
pCT/pCT1281.jpg,pCT,train
pCT/pCT1282.jpg,pCT,train
pCT/pCT1283.jpg,pCT,train
pCT/pCT1284.jpg,pCT,train
pCT/pCT1285.jpg,pCT,train
pCT/pCT1286.jpg,pCT,train
pCT/pCT1287.jpg,pCT,train
pCT/pCT1288.jpg,pCT,train
pCT/pCT1289.jpg,pCT,train
pCT/pCT1290.jpg,pCT,train
pCT/pCT1291.jpg,pCT,train
pCT/pCT1292.jpg,pCT,train
pCT/pCT1293.jpg,pCT,train
pCT/pCT1294.jpg,pCT,train
pCT/pCT1295.jpg,pCT,train
pCT/pCT1296.jpg,pCT,train
pCT/pCT1297.jpg,pCT,train
pCT/pCT1298.jpg,pCT,train
pCT/pCT1299.jpg,pCT,train
pCT/pCT1300.jpg,pCT,train
pCT/pCT1301.jpg,pCT,train
pCT/pCT1302.jpg,pCT,train
pCT/pCT1303.jpg,pCT,train
pCT/pCT1304.jpg,pCT,train
pCT/pCT1305.jpg,pCT,train
pCT/pCT1306.jpg,pCT,train
pCT/pCT1307.jpg,pCT,train
pCT/pCT1308.jpg,pCT,train
pCT/pCT1309.jpg,pCT,train
pCT/pCT1310.jpg,pCT,train
pCT/pCT1311.jpg,pCT,train
pCT/pCT1312.jpg,pCT,train
pCT/pCT1313.jpg,pCT,train
pCT/pCT1314.jpg,pCT,train
pCT/pCT1315.jpg,pCT,train
pCT/pCT1316.jpg,pCT,train
pCT/pCT1317.jpg,pCT,train
pCT/pCT1318.jpg,pCT,train
pCT/pCT1319.jpg,pCT,train
pCT/pCT1320.jpg,pCT,train
pCT/pCT1321.jpg,pCT,train
pCT/pCT1322.jpg,pCT,train
pCT/pCT1323.jpg,pCT,train
pCT/pCT1324.jpg,pCT,train
pCT/pCT1325.jpg,pCT,train
pCT/pCT1326.jpg,pCT,train
pCT/pCT1327.jpg,pCT,train
pCT/pCT1328.jpg,pCT,train
pCT/pCT1329.jpg,pCT,train
pCT/pCT1330.jpg,pCT,train
pCT/pCT1331.jpg,pCT,train
pCT/pCT1332.jpg,pCT,train
pCT/pCT1333.jpg,pCT,train
pCT/pCT1334.jpg,pCT,train
pCT/pCT1335.jpg,pCT,train
pCT/pCT1336.jpg,pCT,train
pCT/pCT1337.jpg,pCT,train
pCT/pCT1338.jpg,pCT,train
pCT/pCT1339.jpg,pCT,train
pCT/pCT1340.jpg,pCT,train
pCT/pCT1341.jpg,pCT,train
pCT/pCT1342.jpg,pCT,train
pCT/pCT1343.jpg,pCT,train
pCT/pCT1344.jpg,pCT,train
pCT/pCT1345.jpg,pCT,train
pCT/pCT1346.jpg,pCT,train
pCT/pCT1347.jpg,pCT,train
pCT/pCT1348.jpg,pCT,train
pCT/pCT1349.jpg,pCT,train
pCT/pCT1350.jpg,pCT,train
pCT/pCT1351.jpg,pCT,train
pCT/pCT1352.jpg,pCT,train
pCT/pCT1353.jpg,pCT,train
pCT/pCT1354.jpg,pCT,train
pCT/pCT1355.jpg,pCT,train
pCT/pCT1356.jpg,pCT,train
pCT/pCT1357.jpg,pCT,train
pCT/pCT1358.jpg,pCT,train
pCT/pCT1359.jpg,pCT,train
pCT/pCT1360.jpg,pCT,train
pCT/pCT1361.jpg,pCT,train
pCT/pCT1362.jpg,pCT,train
pCT/pCT1363.jpg,pCT,train
pCT/pCT1364.jpg,pCT,train
pCT/pCT1365.jpg,pCT,train
pCT/pCT1366.jpg,pCT,train
pCT/pCT1367.jpg,pCT,train
pCT/pCT1368.jpg,pCT,train
pCT/pCT1369.jpg,pCT,train
pCT/pCT1370.jpg,pCT,train
pCT/pCT1371.jpg,pCT,train
pCT/pCT1372.jpg,pCT,train
pCT/pCT1373.jpg,pCT,train
pCT/pCT1374.jpg,pCT,train
pCT/pCT1375.jpg,pCT,train
pCT/pCT1376.jpg,pCT,train
pCT/pCT1377.jpg,pCT,train
pCT/pCT1378.jpg,pCT,train
pCT/pCT1379.jpg,pCT,train
pCT/pCT1380.jpg,pCT,train
pCT/pCT1381.jpg,pCT,train
pCT/pCT1382.jpg,pCT,train
pCT/pCT1383.jpg,pCT,train
pCT/pCT1384.jpg,pCT,train
pCT/pCT1385.jpg,pCT,train
pCT/pCT1386.jpg,pCT,train
pCT/pCT1387.jpg,pCT,train
pCT/pCT1388.jpg,pCT,train
pCT/pCT1389.jpg,pCT,train
pCT/pCT1390.jpg,pCT,train
pCT/pCT1391.jpg,pCT,train
pCT/pCT1392.jpg,pCT,train
pCT/pCT1393.jpg,pCT,train
pCT/pCT1394.jpg,pCT,train
pCT/pCT1395.jpg,pCT,train
pCT/pCT1396.jpg,pCT,train
pCT/pCT1397.jpg,pCT,train
pCT/pCT1398.jpg,pCT,train
pCT/pCT1399.jpg,pCT,train
pCT/pCT1400.jpg,pCT,train
pCT/pCT1401.jpg,pCT,train
pCT/pCT1402.jpg,pCT,train
pCT/pCT1403.jpg,pCT,train
pCT/pCT1404.jpg,pCT,train
pCT/pCT1405.jpg,pCT,train
pCT/pCT1406.jpg,pCT,train
pCT/pCT1407.jpg,pCT,train
pCT/pCT1408.jpg,pCT,train
pCT/pCT1409.jpg,pCT,train
pCT/pCT1410.jpg,pCT,train
pCT/pCT1411.jpg,pCT,train
pCT/pCT1412.jpg,pCT,train
pCT/pCT1413.jpg,pCT,train
pCT/pCT1414.jpg,pCT,train
pCT/pCT1415.jpg,pCT,train
pCT/pCT1416.jpg,pCT,train
pCT/pCT1417.jpg,pCT,train
pCT/pCT1418.jpg,pCT,train
pCT/pCT1419.jpg,pCT,train
pCT/pCT1420.jpg,pCT,train
pCT/pCT1421.jpg,pCT,train
pCT/pCT1422.jpg,pCT,train
pCT/pCT1423.jpg,pCT,train
pCT/pCT1424.jpg,pCT,train
pCT/pCT1425.jpg,pCT,train
pCT/pCT1426.jpg,pCT,train
pCT/pCT1427.jpg,pCT,train
pCT/pCT1428.jpg,pCT,train
pCT/pCT1429.jpg,pCT,train
pCT/pCT1430.jpg,pCT,train
pCT/pCT1431.jpg,pCT,train
pCT/pCT1432.jpg,pCT,train
pCT/pCT1433.jpg,pCT,train
pCT/pCT1434.jpg,pCT,train
pCT/pCT1435.jpg,pCT,train
pCT/pCT1436.jpg,pCT,train
pCT/pCT1437.jpg,pCT,train
pCT/pCT1438.jpg,pCT,train
pCT/pCT1439.jpg,pCT,train
pCT/pCT1440.jpg,pCT,train
pCT/pCT1441.jpg,pCT,train
pCT/pCT1442.jpg,pCT,train
pCT/pCT1443.jpg,pCT,train
pCT/pCT1444.jpg,pCT,train
pCT/pCT1445.jpg,pCT,train
pCT/pCT1446.jpg,pCT,train
pCT/pCT1447.jpg,pCT,train
pCT/pCT1448.jpg,pCT,train
pCT/pCT1449.jpg,pCT,train
pCT/pCT1450.jpg,pCT,train
pCT/pCT1451.jpg,pCT,train
pCT/pCT1452.jpg,pCT,train
pCT/pCT1453.jpg,pCT,train
pCT/pCT1454.jpg,pCT,train
pCT/pCT1455.jpg,pCT,train
pCT/pCT1456.jpg,pCT,train
pCT/pCT1457.jpg,pCT,train
pCT/pCT1458.jpg,pCT,train
pCT/pCT1459.jpg,pCT,train
pCT/pCT1460.jpg,pCT,train
pCT/pCT1461.jpg,pCT,train
pCT/pCT1462.jpg,pCT,train
pCT/pCT1463.jpg,pCT,train
pCT/pCT1464.jpg,pCT,train
pCT/pCT1465.jpg,pCT,train
pCT/pCT1466.jpg,pCT,train
pCT/pCT1467.jpg,pCT,train
pCT/pCT1468.jpg,pCT,train
pCT/pCT1469.jpg,pCT,train
pCT/pCT1470.jpg,pCT,train
pCT/pCT1471.jpg,pCT,train
pCT/pCT1472.jpg,pCT,train
pCT/pCT1473.jpg,pCT,train
pCT/pCT1474.jpg,pCT,train
pCT/pCT1475.jpg,pCT,train
pCT/pCT1476.jpg,pCT,train
pCT/pCT1477.jpg,pCT,train
pCT/pCT1478.jpg,pCT,train
pCT/pCT1479.jpg,pCT,train
pCT/pCT1480.jpg,pCT,train
pCT/pCT1481.jpg,pCT,train
pCT/pCT1482.jpg,pCT,train
pCT/pCT1483.jpg,pCT,train
pCT/pCT1484.jpg,pCT,train
pCT/pCT1485.jpg,pCT,train
pCT/pCT1486.jpg,pCT,train
pCT/pCT1487.jpg,pCT,train
pCT/pCT1488.jpg,pCT,train
pCT/pCT1489.jpg,pCT,train
pCT/pCT1490.jpg,pCT,train
pCT/pCT1491.jpg,pCT,train
pCT/pCT1492.jpg,pCT,train
pCT/pCT1493.jpg,pCT,train
pCT/pCT1494.jpg,pCT,train
pCT/pCT1495.jpg,pCT,train
pCT/pCT1496.jpg,pCT,train
pCT/pCT1497.jpg,pCT,train
pCT/pCT1498.jpg,pCT,train
pCT/pCT1499.jpg,pCT,train
pCT/pCT1500.jpg,pCT,train
pCT/pCT1501.jpg,pCT,train
pCT/pCT1502.jpg,pCT,train
pCT/pCT1503.jpg,pCT,train
pCT/pCT1504.jpg,pCT,train
pCT/pCT1505.jpg,pCT,train
pCT/pCT1506.jpg,pCT,train
pCT/pCT1507.jpg,pCT,train
pCT/pCT1508.jpg,pCT,train
pCT/pCT1509.jpg,pCT,train
pCT/pCT1510.jpg,pCT,train
pCT/pCT1511.jpg,pCT,train
pCT/pCT1512.jpg,pCT,train
pCT/pCT1513.jpg,pCT,train
pCT/pCT1514.jpg,pCT,train
pCT/pCT1515.jpg,pCT,train
pCT/pCT1516.jpg,pCT,train
pCT/pCT1517.jpg,pCT,train
pCT/pCT1518.jpg,pCT,train
pCT/pCT1519.jpg,pCT,train
pCT/pCT1520.jpg,pCT,train
pCT/pCT1521.jpg,pCT,train
pCT/pCT1522.jpg,pCT,train
pCT/pCT1523.jpg,pCT,train
pCT/pCT1524.jpg,pCT,train
pCT/pCT1525.jpg,pCT,train
pCT/pCT1526.jpg,pCT,train
pCT/pCT1527.jpg,pCT,train
pCT/pCT1528.jpg,pCT,train
pCT/pCT1529.jpg,pCT,train
pCT/pCT1530.jpg,pCT,train
pCT/pCT1531.jpg,pCT,train
pCT/pCT1532.jpg,pCT,train
pCT/pCT1533.jpg,pCT,train
pCT/pCT1534.jpg,pCT,train
pCT/pCT1535.jpg,pCT,train
pCT/pCT1536.jpg,pCT,train
pCT/pCT1537.jpg,pCT,train
pCT/pCT1538.jpg,pCT,train
pCT/pCT1539.jpg,pCT,train
pCT/pCT1540.jpg,pCT,train
pCT/pCT1541.jpg,pCT,train
pCT/pCT1542.jpg,pCT,train
pCT/pCT1543.jpg,pCT,train
pCT/pCT1544.jpg,pCT,train
pCT/pCT1545.jpg,pCT,train
pCT/pCT1546.jpg,pCT,train
pCT/pCT1547.jpg,pCT,train
pCT/pCT1548.jpg,pCT,train
pCT/pCT1549.jpg,pCT,train
pCT/pCT1550.jpg,pCT,train
pCT/pCT1551.jpg,pCT,train
pCT/pCT1552.jpg,pCT,train
pCT/pCT1553.jpg,pCT,train
pCT/pCT1554.jpg,pCT,train
pCT/pCT1555.jpg,pCT,train
pCT/pCT1556.jpg,pCT,train
pCT/pCT1557.jpg,pCT,train
pCT/pCT1558.jpg,pCT,train
pCT/pCT1559.jpg,pCT,train
pCT/pCT1560.jpg,pCT,train
pCT/pCT1561.jpg,pCT,train
pCT/pCT1562.jpg,pCT,train
pCT/pCT1563.jpg,pCT,train
pCT/pCT1564.jpg,pCT,train
pCT/pCT1565.jpg,pCT,train
pCT/pCT1566.jpg,pCT,train
pCT/pCT1567.jpg,pCT,train
pCT/pCT1568.jpg,pCT,train
pCT/pCT1569.jpg,pCT,train
pCT/pCT1570.jpg,pCT,train
pCT/pCT1571.jpg,pCT,train
pCT/pCT1572.jpg,pCT,train
pCT/pCT1573.jpg,pCT,train
pCT/pCT1574.jpg,pCT,train
pCT/pCT1575.jpg,pCT,train
pCT/pCT1576.jpg,pCT,train
pCT/pCT1577.jpg,pCT,train
pCT/pCT1578.jpg,pCT,train
pCT/pCT1579.jpg,pCT,train
pCT/pCT1580.jpg,pCT,train
pCT/pCT1581.jpg,pCT,train
pCT/pCT1582.jpg,pCT,train
pCT/pCT1583.jpg,pCT,train
pCT/pCT1584.jpg,pCT,train
pCT/pCT1585.jpg,pCT,train
pCT/pCT1586.jpg,pCT,train
pCT/pCT1587.jpg,pCT,train
pCT/pCT1588.jpg,pCT,train
pCT/pCT1589.jpg,pCT,train
pCT/pCT1590.jpg,pCT,train
pCT/pCT1591.jpg,pCT,train
pCT/pCT1592.jpg,pCT,train
pCT/pCT1593.jpg,pCT,train
pCT/pCT1594.jpg,pCT,train
pCT/pCT1595.jpg,pCT,train
pCT/pCT1596.jpg,pCT,train
pCT/pCT1597.jpg,pCT,train
pCT/pCT1598.jpg,pCT,train
pCT/pCT1599.jpg,pCT,train
pCT/pCT1600.jpg,pCT,train
pCT/pCT1601.jpg,pCT,train
pCT/pCT1602.jpg,pCT,train
pCT/pCT1603.jpg,pCT,train
pCT/pCT1604.jpg,pCT,train
pCT/pCT1605.jpg,pCT,train
pCT/pCT1606.jpg,pCT,train
pCT/pCT1607.jpg,pCT,train
pCT/pCT1608.jpg,pCT,train
pCT/pCT1609.jpg,pCT,train
pCT/pCT1610.jpg,pCT,train
pCT/pCT1611.jpg,pCT,train
pCT/pCT1612.jpg,pCT,train
pCT/pCT1613.jpg,pCT,train
pCT/pCT1614.jpg,pCT,train
pCT/pCT1615.jpg,pCT,train
pCT/pCT1616.jpg,pCT,train
pCT/pCT1617.jpg,pCT,train
pCT/pCT1618.jpg,pCT,train
pCT/pCT1619.jpg,pCT,train
pCT/pCT1620.jpg,pCT,train
pCT/pCT1621.jpg,pCT,train
pCT/pCT1622.jpg,pCT,train
pCT/pCT1623.jpg,pCT,train
pCT/pCT1624.jpg,pCT,train
pCT/pCT1625.jpg,pCT,train
pCT/pCT1626.jpg,pCT,train
pCT/pCT1627.jpg,pCT,train
pCT/pCT1628.jpg,pCT,train
pCT/pCT1629.jpg,pCT,train
pCT/pCT1630.jpg,pCT,train
pCT/pCT1631.jpg,pCT,train
pCT/pCT1632.jpg,pCT,train
pCT/pCT1633.jpg,pCT,train
pCT/pCT1634.jpg,pCT,train
pCT/pCT1635.jpg,pCT,train
pCT/pCT1636.jpg,pCT,train
pCT/pCT1637.jpg,pCT,train
pCT/pCT1638.jpg,pCT,train
pCT/pCT1639.jpg,pCT,train
pCT/pCT1640.jpg,pCT,train
pCT/pCT1641.jpg,pCT,train
pCT/pCT1642.jpg,pCT,train
pCT/pCT1643.jpg,pCT,train
pCT/pCT1644.jpg,pCT,train
pCT/pCT1645.jpg,pCT,train
pCT/pCT1646.jpg,pCT,train
pCT/pCT1647.jpg,pCT,train
pCT/pCT1648.jpg,pCT,train
pCT/pCT1649.jpg,pCT,train
pCT/pCT1650.jpg,pCT,train
pCT/pCT1651.jpg,pCT,train
pCT/pCT1652.jpg,pCT,train
pCT/pCT1653.jpg,pCT,train
pCT/pCT1654.jpg,pCT,train
pCT/pCT1655.jpg,pCT,train
pCT/pCT1656.jpg,pCT,train
pCT/pCT1657.jpg,pCT,train
pCT/pCT1658.jpg,pCT,train
pCT/pCT1659.jpg,pCT,train
pCT/pCT1660.jpg,pCT,train
pCT/pCT1661.jpg,pCT,train
pCT/pCT1662.jpg,pCT,train
pCT/pCT1663.jpg,pCT,train
pCT/pCT1664.jpg,pCT,train
pCT/pCT1665.jpg,pCT,train
pCT/pCT1666.jpg,pCT,train
pCT/pCT1667.jpg,pCT,train
pCT/pCT1668.jpg,pCT,train
pCT/pCT1669.jpg,pCT,train
pCT/pCT1670.jpg,pCT,train
pCT/pCT1671.jpg,pCT,train
pCT/pCT1672.jpg,pCT,train
pCT/pCT1673.jpg,pCT,train
pCT/pCT1674.jpg,pCT,train
pCT/pCT1675.jpg,pCT,train
pCT/pCT1676.jpg,pCT,train
pCT/pCT1677.jpg,pCT,train
pCT/pCT1678.jpg,pCT,train
pCT/pCT1679.jpg,pCT,train
pCT/pCT1680.jpg,pCT,train
pCT/pCT1681.jpg,pCT,train
pCT/pCT1682.jpg,pCT,train
pCT/pCT1683.jpg,pCT,train
pCT/pCT1684.jpg,pCT,train
pCT/pCT1685.jpg,pCT,train
pCT/pCT1686.jpg,pCT,train
pCT/pCT1687.jpg,pCT,train
pCT/pCT1688.jpg,pCT,train
pCT/pCT1689.jpg,pCT,train
pCT/pCT1690.jpg,pCT,train
pCT/pCT1691.jpg,pCT,train
pCT/pCT1692.jpg,pCT,train
pCT/pCT1693.jpg,pCT,train
pCT/pCT1694.jpg,pCT,train
pCT/pCT1695.jpg,pCT,train
pCT/pCT1696.jpg,pCT,train
pCT/pCT1697.jpg,pCT,train
pCT/pCT1698.jpg,pCT,train
pCT/pCT1699.jpg,pCT,train
pCT/pCT1700.jpg,pCT,train
pCT/pCT1701.jpg,pCT,train
pCT/pCT1702.jpg,pCT,train
pCT/pCT1703.jpg,pCT,train
pCT/pCT1704.jpg,pCT,train
pCT/pCT1705.jpg,pCT,train
pCT/pCT1706.jpg,pCT,train
pCT/pCT1707.jpg,pCT,train
pCT/pCT1708.jpg,pCT,train
pCT/pCT1709.jpg,pCT,train
pCT/pCT1710.jpg,pCT,train
pCT/pCT1711.jpg,pCT,train
pCT/pCT1712.jpg,pCT,train
pCT/pCT1713.jpg,pCT,train
pCT/pCT1714.jpg,pCT,train
pCT/pCT1715.jpg,pCT,train
pCT/pCT1716.jpg,pCT,train
pCT/pCT1717.jpg,pCT,train
pCT/pCT1718.jpg,pCT,train
pCT/pCT1719.jpg,pCT,train
pCT/pCT1720.jpg,pCT,train
pCT/pCT1721.jpg,pCT,train
pCT/pCT1722.jpg,pCT,train
pCT/pCT1723.jpg,pCT,train
pCT/pCT1724.jpg,pCT,train
pCT/pCT1725.jpg,pCT,train
pCT/pCT1726.jpg,pCT,train
pCT/pCT1727.jpg,pCT,train
pCT/pCT1728.jpg,pCT,train
pCT/pCT1729.jpg,pCT,train
pCT/pCT1730.jpg,pCT,train
pCT/pCT1731.jpg,pCT,train
pCT/pCT1732.jpg,pCT,train
pCT/pCT1733.jpg,pCT,train
pCT/pCT1734.jpg,pCT,train
pCT/pCT1735.jpg,pCT,train
pCT/pCT1736.jpg,pCT,train
pCT/pCT1737.jpg,pCT,train
pCT/pCT1738.jpg,pCT,train
pCT/pCT1739.jpg,pCT,train
pCT/pCT1740.jpg,pCT,train
pCT/pCT1741.jpg,pCT,train
pCT/pCT1742.jpg,pCT,train
pCT/pCT1743.jpg,pCT,train
pCT/pCT1744.jpg,pCT,train
pCT/pCT1745.jpg,pCT,train
pCT/pCT1746.jpg,pCT,train
pCT/pCT1747.jpg,pCT,train
pCT/pCT1748.jpg,pCT,train
pCT/pCT1749.jpg,pCT,train
pCT/pCT1750.jpg,pCT,train
pCT/pCT1751.jpg,pCT,train
pCT/pCT1752.jpg,pCT,train
pCT/pCT1753.jpg,pCT,train
pCT/pCT1754.jpg,pCT,train
pCT/pCT1755.jpg,pCT,train
pCT/pCT1756.jpg,pCT,train
pCT/pCT1757.jpg,pCT,train
pCT/pCT1758.jpg,pCT,train
pCT/pCT1759.jpg,pCT,train
pCT/pCT1760.jpg,pCT,train
pCT/pCT1761.jpg,pCT,train
pCT/pCT1762.jpg,pCT,train
pCT/pCT1763.jpg,pCT,train
pCT/pCT1764.jpg,pCT,train
pCT/pCT1765.jpg,pCT,train
pCT/pCT1766.jpg,pCT,train
pCT/pCT1767.jpg,pCT,train
pCT/pCT1768.jpg,pCT,train
pCT/pCT1769.jpg,pCT,train
pCT/pCT1770.jpg,pCT,train
pCT/pCT1771.jpg,pCT,train
pCT/pCT1772.jpg,pCT,train
pCT/pCT1773.jpg,pCT,train
pCT/pCT1774.jpg,pCT,train
pCT/pCT1775.jpg,pCT,train
pCT/pCT1776.jpg,pCT,train
pCT/pCT1777.jpg,pCT,train
pCT/pCT1778.jpg,pCT,train
pCT/pCT1779.jpg,pCT,train
pCT/pCT1780.jpg,pCT,train
pCT/pCT1781.jpg,pCT,train
pCT/pCT1782.jpg,pCT,train
pCT/pCT1783.jpg,pCT,train
pCT/pCT1784.jpg,pCT,train
pCT/pCT1785.jpg,pCT,train
pCT/pCT1786.jpg,pCT,train
pCT/pCT1787.jpg,pCT,train
pCT/pCT1788.jpg,pCT,train
pCT/pCT1789.jpg,pCT,train
pCT/pCT1790.jpg,pCT,train
pCT/pCT1791.jpg,pCT,train
pCT/pCT1792.jpg,pCT,train
pCT/pCT1793.jpg,pCT,train
pCT/pCT1794.jpg,pCT,train
pCT/pCT1795.jpg,pCT,train
pCT/pCT1796.jpg,pCT,train
pCT/pCT1797.jpg,pCT,train
pCT/pCT1798.jpg,pCT,train
pCT/pCT1799.jpg,pCT,train
pCT/pCT1800.jpg,pCT,train
pCT/pCT1801.jpg,pCT,train
pCT/pCT1802.jpg,pCT,train
pCT/pCT1803.jpg,pCT,train
pCT/pCT1804.jpg,pCT,train
pCT/pCT1805.jpg,pCT,train
pCT/pCT1806.jpg,pCT,train
pCT/pCT1807.jpg,pCT,train
pCT/pCT1808.jpg,pCT,train
pCT/pCT1809.jpg,pCT,train
pCT/pCT1810.jpg,pCT,train
pCT/pCT1811.jpg,pCT,train
pCT/pCT1812.jpg,pCT,train
pCT/pCT1813.jpg,pCT,train
pCT/pCT1814.jpg,pCT,train
pCT/pCT1815.jpg,pCT,train
pCT/pCT1816.jpg,pCT,train
pCT/pCT1817.jpg,pCT,train
pCT/pCT1818.jpg,pCT,train
pCT/pCT1819.jpg,pCT,train
pCT/pCT1820.jpg,pCT,train
pCT/pCT1821.jpg,pCT,train
pCT/pCT1822.jpg,pCT,train
pCT/pCT1823.jpg,pCT,train
pCT/pCT1824.jpg,pCT,train
pCT/pCT1825.jpg,pCT,train
pCT/pCT1826.jpg,pCT,train
pCT/pCT1827.jpg,pCT,train
pCT/pCT1828.jpg,pCT,train
pCT/pCT1829.jpg,pCT,train
pCT/pCT1830.jpg,pCT,train
pCT/pCT1831.jpg,pCT,train
pCT/pCT1832.jpg,pCT,train
pCT/pCT1833.jpg,pCT,train
pCT/pCT1834.jpg,pCT,train
pCT/pCT1835.jpg,pCT,train
pCT/pCT1836.jpg,pCT,train
pCT/pCT1837.jpg,pCT,train
pCT/pCT1838.jpg,pCT,train
pCT/pCT1839.jpg,pCT,train
pCT/pCT1840.jpg,pCT,train
pCT/pCT1841.jpg,pCT,train
pCT/pCT1842.jpg,pCT,train
pCT/pCT1843.jpg,pCT,train
pCT/pCT1844.jpg,pCT,train
pCT/pCT1845.jpg,pCT,train
pCT/pCT1846.jpg,pCT,train
pCT/pCT1847.jpg,pCT,train
pCT/pCT1848.jpg,pCT,train
pCT/pCT1849.jpg,pCT,train
pCT/pCT1850.jpg,pCT,train
pCT/pCT1851.jpg,pCT,train
pCT/pCT1852.jpg,pCT,train
pCT/pCT1853.jpg,pCT,train
pCT/pCT1854.jpg,pCT,train
pCT/pCT1855.jpg,pCT,train
pCT/pCT1856.jpg,pCT,train
pCT/pCT1857.jpg,pCT,train
pCT/pCT1858.jpg,pCT,train
pCT/pCT1859.jpg,pCT,train
pCT/pCT1860.jpg,pCT,train
pCT/pCT1861.jpg,pCT,train
pCT/pCT1862.jpg,pCT,train
pCT/pCT1863.jpg,pCT,train
pCT/pCT1864.jpg,pCT,train
pCT/pCT1865.jpg,pCT,train
pCT/pCT1866.jpg,pCT,train
pCT/pCT1867.jpg,pCT,train
pCT/pCT1868.jpg,pCT,train
pCT/pCT1869.jpg,pCT,train
pCT/pCT1870.jpg,pCT,train
pCT/pCT1871.jpg,pCT,train
pCT/pCT1872.jpg,pCT,train
pCT/pCT1873.jpg,pCT,train
pCT/pCT1874.jpg,pCT,train
pCT/pCT1875.jpg,pCT,train
pCT/pCT1876.jpg,pCT,train
pCT/pCT1877.jpg,pCT,train
pCT/pCT1878.jpg,pCT,train
pCT/pCT1879.jpg,pCT,train
pCT/pCT1880.jpg,pCT,train
pCT/pCT1881.jpg,pCT,train
pCT/pCT1882.jpg,pCT,train
pCT/pCT1883.jpg,pCT,train
pCT/pCT1884.jpg,pCT,train
pCT/pCT1885.jpg,pCT,train
pCT/pCT1886.jpg,pCT,train
pCT/pCT1887.jpg,pCT,train
pCT/pCT1888.jpg,pCT,train
pCT/pCT1889.jpg,pCT,train
pCT/pCT1890.jpg,pCT,train
pCT/pCT1891.jpg,pCT,train
pCT/pCT1892.jpg,pCT,train
pCT/pCT1893.jpg,pCT,train
pCT/pCT1894.jpg,pCT,train
pCT/pCT1895.jpg,pCT,train
pCT/pCT1896.jpg,pCT,train
pCT/pCT1897.jpg,pCT,train
pCT/pCT1898.jpg,pCT,train
pCT/pCT1899.jpg,pCT,train
pCT/pCT1900.jpg,pCT,train
pCT/pCT1901.jpg,pCT,train
pCT/pCT1902.jpg,pCT,train
pCT/pCT1903.jpg,pCT,train
pCT/pCT1904.jpg,pCT,train
pCT/pCT1905.jpg,pCT,train
pCT/pCT1906.jpg,pCT,train
pCT/pCT1907.jpg,pCT,train
pCT/pCT1908.jpg,pCT,train
pCT/pCT1909.jpg,pCT,train
pCT/pCT1910.jpg,pCT,train
pCT/pCT1911.jpg,pCT,train
pCT/pCT1912.jpg,pCT,train
pCT/pCT1913.jpg,pCT,train
pCT/pCT1914.jpg,pCT,train
pCT/pCT1915.jpg,pCT,train
pCT/pCT1916.jpg,pCT,train
pCT/pCT1917.jpg,pCT,train
pCT/pCT1918.jpg,pCT,train
pCT/pCT1919.jpg,pCT,train
pCT/pCT1920.jpg,pCT,train
pCT/pCT1921.jpg,pCT,train
pCT/pCT1922.jpg,pCT,train
pCT/pCT1923.jpg,pCT,train
pCT/pCT1924.jpg,pCT,train
pCT/pCT1925.jpg,pCT,train
pCT/pCT1926.jpg,pCT,train
pCT/pCT1927.jpg,pCT,train
pCT/pCT1928.jpg,pCT,train
pCT/pCT1929.jpg,pCT,train
pCT/pCT1930.jpg,pCT,train
pCT/pCT1931.jpg,pCT,train
pCT/pCT1932.jpg,pCT,train
pCT/pCT1933.jpg,pCT,train
pCT/pCT1934.jpg,pCT,train
pCT/pCT1935.jpg,pCT,train
pCT/pCT1936.jpg,pCT,train
pCT/pCT1937.jpg,pCT,train
pCT/pCT1938.jpg,pCT,train
pCT/pCT1939.jpg,pCT,train
pCT/pCT1940.jpg,pCT,train
pCT/pCT1941.jpg,pCT,train
pCT/pCT1942.jpg,pCT,train
pCT/pCT1943.jpg,pCT,train
pCT/pCT1944.jpg,pCT,train
pCT/pCT1945.jpg,pCT,train
pCT/pCT1946.jpg,pCT,train
pCT/pCT1947.jpg,pCT,train
pCT/pCT1948.jpg,pCT,train
pCT/pCT1949.jpg,pCT,train
pCT/pCT1950.jpg,pCT,train
pCT/pCT1951.jpg,pCT,train
pCT/pCT1952.jpg,pCT,train
pCT/pCT1953.jpg,pCT,train
pCT/pCT1954.jpg,pCT,train
pCT/pCT1955.jpg,pCT,train
pCT/pCT1956.jpg,pCT,train
pCT/pCT1957.jpg,pCT,train
pCT/pCT1958.jpg,pCT,train
pCT/pCT1959.jpg,pCT,train
pCT/pCT1960.jpg,pCT,train
pCT/pCT1961.jpg,pCT,train
pCT/pCT1962.jpg,pCT,train
pCT/pCT1963.jpg,pCT,train
pCT/pCT1964.jpg,pCT,train
pCT/pCT1965.jpg,pCT,train
pCT/pCT1966.jpg,pCT,train
pCT/pCT1967.jpg,pCT,train
pCT/pCT1968.jpg,pCT,train
pCT/pCT1969.jpg,pCT,train
pCT/pCT1970.jpg,pCT,train
pCT/pCT1971.jpg,pCT,train
pCT/pCT1972.jpg,pCT,train
pCT/pCT1973.jpg,pCT,train
pCT/pCT1974.jpg,pCT,train
pCT/pCT1975.jpg,pCT,train
pCT/pCT1976.jpg,pCT,train
pCT/pCT1977.jpg,pCT,train
pCT/pCT1978.jpg,pCT,train
pCT/pCT1979.jpg,pCT,train
pCT/pCT1980.jpg,pCT,train
pCT/pCT1981.jpg,pCT,train
pCT/pCT1982.jpg,pCT,train
pCT/pCT1983.jpg,pCT,train
pCT/pCT1984.jpg,pCT,train
pCT/pCT1985.jpg,pCT,train
pCT/pCT1986.jpg,pCT,train
pCT/pCT1987.jpg,pCT,train
pCT/pCT1988.jpg,pCT,train
pCT/pCT1989.jpg,pCT,train
pCT/pCT1990.jpg,pCT,train
pCT/pCT1991.jpg,pCT,train
pCT/pCT1992.jpg,pCT,train
pCT/pCT1993.jpg,pCT,train
pCT/pCT1994.jpg,pCT,train
pCT/pCT1995.jpg,pCT,train
pCT/pCT1996.jpg,pCT,train
pCT/pCT1997.jpg,pCT,train
pCT/pCT1998.jpg,pCT,train
pCT/pCT1999.jpg,pCT,train
pCT/pCT2000.jpg,pCT,train
pCT/pCT2001.jpg,pCT,train
pCT/pCT2002.jpg,pCT,train
pCT/pCT2003.jpg,pCT,train
pCT/pCT2004.jpg,pCT,train
pCT/pCT2005.jpg,pCT,train
pCT/pCT2006.jpg,pCT,train
pCT/pCT2007.jpg,pCT,train
pCT/pCT2008.jpg,pCT,train
pCT/pCT2009.jpg,pCT,train
pCT/pCT2010.jpg,pCT,train
pCT/pCT2011.jpg,pCT,train
pCT/pCT2012.jpg,pCT,train
pCT/pCT2013.jpg,pCT,train
pCT/pCT2014.jpg,pCT,train
pCT/pCT2015.jpg,pCT,train
pCT/pCT2016.jpg,pCT,train
pCT/pCT2017.jpg,pCT,train
pCT/pCT2018.jpg,pCT,train
pCT/pCT2019.jpg,pCT,train
pCT/pCT2020.jpg,pCT,train
pCT/pCT2021.jpg,pCT,train
pCT/pCT2022.jpg,pCT,train
pCT/pCT2023.jpg,pCT,train
pCT/pCT2024.jpg,pCT,train
pCT/pCT2025.jpg,pCT,train
pCT/pCT2026.jpg,pCT,train
pCT/pCT2027.jpg,pCT,train
pCT/pCT2028.jpg,pCT,train
pCT/pCT2029.jpg,pCT,train
pCT/pCT2030.jpg,pCT,train
pCT/pCT2031.jpg,pCT,train
pCT/pCT2032.jpg,pCT,train
pCT/pCT2033.jpg,pCT,train
pCT/pCT2034.jpg,pCT,train
pCT/pCT2035.jpg,pCT,train
pCT/pCT2036.jpg,pCT,train
pCT/pCT2037.jpg,pCT,train
pCT/pCT2038.jpg,pCT,train
pCT/pCT2039.jpg,pCT,train
pCT/pCT2040.jpg,pCT,train
pCT/pCT2041.jpg,pCT,train
pCT/pCT2042.jpg,pCT,train
pCT/pCT2043.jpg,pCT,train
pCT/pCT2044.jpg,pCT,train
pCT/pCT2045.jpg,pCT,train
pCT/pCT2046.jpg,pCT,train
pCT/pCT2047.jpg,pCT,train
pCT/pCT2048.jpg,pCT,train
pCT/pCT2049.jpg,pCT,train
pCT/pCT2050.jpg,pCT,train
pCT/pCT2051.jpg,pCT,train
pCT/pCT2052.jpg,pCT,train
pCT/pCT2053.jpg,pCT,train
pCT/pCT2054.jpg,pCT,train
pCT/pCT2055.jpg,pCT,train
pCT/pCT2056.jpg,pCT,train
pCT/pCT2057.jpg,pCT,train
pCT/pCT2058.jpg,pCT,train
pCT/pCT2059.jpg,pCT,train
pCT/pCT2060.jpg,pCT,train
pCT/pCT2061.jpg,pCT,train
pCT/pCT2062.jpg,pCT,train
pCT/pCT2063.jpg,pCT,train
pCT/pCT2064.jpg,pCT,train
pCT/pCT2065.jpg,pCT,train
pCT/pCT2066.jpg,pCT,train
pCT/pCT2067.jpg,pCT,train
pCT/pCT2068.jpg,pCT,train
pCT/pCT2069.jpg,pCT,train
pCT/pCT2070.jpg,pCT,train
pCT/pCT2071.jpg,pCT,train
pCT/pCT2072.jpg,pCT,train
pCT/pCT2073.jpg,pCT,train
pCT/pCT2074.jpg,pCT,train
pCT/pCT2075.jpg,pCT,train
pCT/pCT2076.jpg,pCT,train
pCT/pCT2077.jpg,pCT,train
pCT/pCT2078.jpg,pCT,train
pCT/pCT2079.jpg,pCT,train
pCT/pCT2080.jpg,pCT,train
pCT/pCT2081.jpg,pCT,train
pCT/pCT2082.jpg,pCT,train
pCT/pCT2083.jpg,pCT,train
pCT/pCT2084.jpg,pCT,train
pCT/pCT2085.jpg,pCT,train
pCT/pCT2086.jpg,pCT,train
pCT/pCT2087.jpg,pCT,train
pCT/pCT2088.jpg,pCT,train
pCT/pCT2089.jpg,pCT,train
pCT/pCT2090.jpg,pCT,train
pCT/pCT2091.jpg,pCT,train
pCT/pCT2092.jpg,pCT,train
pCT/pCT2093.jpg,pCT,train
pCT/pCT2094.jpg,pCT,train
pCT/pCT2095.jpg,pCT,train
pCT/pCT2096.jpg,pCT,train
pCT/pCT2097.jpg,pCT,train
pCT/pCT2098.jpg,pCT,train
pCT/pCT2099.jpg,pCT,train
pCT/pCT2100.jpg,pCT,train
pCT/pCT2101.jpg,pCT,train
pCT/pCT2102.jpg,pCT,train
pCT/pCT2103.jpg,pCT,train
pCT/pCT2104.jpg,pCT,train
pCT/pCT2105.jpg,pCT,train
pCT/pCT2106.jpg,pCT,train
pCT/pCT2107.jpg,pCT,train
pCT/pCT2108.jpg,pCT,train
pCT/pCT2109.jpg,pCT,train
pCT/pCT2110.jpg,pCT,train
pCT/pCT2111.jpg,pCT,train
pCT/pCT2112.jpg,pCT,train
pCT/pCT2113.jpg,pCT,train
pCT/pCT2114.jpg,pCT,train
pCT/pCT2115.jpg,pCT,train
pCT/pCT2116.jpg,pCT,train
pCT/pCT2117.jpg,pCT,train
pCT/pCT2118.jpg,pCT,train
pCT/pCT2119.jpg,pCT,train
pCT/pCT2120.jpg,pCT,train
pCT/pCT2121.jpg,pCT,train
pCT/pCT2122.jpg,pCT,train
pCT/pCT2123.jpg,pCT,train
pCT/pCT2124.jpg,pCT,train
pCT/pCT2125.jpg,pCT,train
pCT/pCT2126.jpg,pCT,train
pCT/pCT2127.jpg,pCT,train
pCT/pCT2128.jpg,pCT,train
pCT/pCT2129.jpg,pCT,train
pCT/pCT2130.jpg,pCT,train
pCT/pCT2131.jpg,pCT,train
pCT/pCT2132.jpg,pCT,train
pCT/pCT2133.jpg,pCT,train
pCT/pCT2134.jpg,pCT,train
pCT/pCT2135.jpg,pCT,train
pCT/pCT2136.jpg,pCT,train
pCT/pCT2137.jpg,pCT,train
pCT/pCT2138.jpg,pCT,train
pCT/pCT2139.jpg,pCT,train
pCT/pCT2140.jpg,pCT,train
pCT/pCT2141.jpg,pCT,train
pCT/pCT2142.jpg,pCT,train
pCT/pCT2143.jpg,pCT,train
pCT/pCT2144.jpg,pCT,train
pCT/pCT2145.jpg,pCT,train
pCT/pCT2146.jpg,pCT,train
pCT/pCT2147.jpg,pCT,train
pCT/pCT2148.jpg,pCT,train
pCT/pCT2149.jpg,pCT,train
pCT/pCT2150.jpg,pCT,train
pCT/pCT2151.jpg,pCT,train
pCT/pCT2152.jpg,pCT,train
pCT/pCT2153.jpg,pCT,train
pCT/pCT2154.jpg,pCT,train
pCT/pCT2155.jpg,pCT,train
pCT/pCT2156.jpg,pCT,train
pCT/pCT2157.jpg,pCT,train
pCT/pCT2158.jpg,pCT,train
pCT/pCT2159.jpg,pCT,train
pCT/pCT2160.jpg,pCT,train
pCT/pCT2161.jpg,pCT,train
pCT/pCT2162.jpg,pCT,train
pCT/pCT2163.jpg,pCT,train
pCT/pCT2164.jpg,pCT,train
pCT/pCT2165.jpg,pCT,train
pCT/pCT2166.jpg,pCT,train
pCT/pCT2167.jpg,pCT,train
pCT/pCT2168.jpg,pCT,train
pCT/pCT2169.jpg,pCT,train
pCT/pCT2170.jpg,pCT,train
pCT/pCT2171.jpg,pCT,train
pCT/pCT2172.jpg,pCT,train
pCT/pCT2173.jpg,pCT,train
pCT/pCT2174.jpg,pCT,train
pCT/pCT2175.jpg,pCT,train
pCT/pCT2176.jpg,pCT,train
pCT/pCT2177.jpg,pCT,train
pCT/pCT2178.jpg,pCT,train
pCT/pCT2179.jpg,pCT,train
pCT/pCT2180.jpg,pCT,train
pCT/pCT2181.jpg,pCT,train
pCT/pCT2182.jpg,pCT,train
pCT/pCT2183.jpg,pCT,train
pCT/pCT2184.jpg,pCT,train
pCT/pCT2185.jpg,pCT,train
pCT/pCT2186.jpg,pCT,train
pCT/pCT2187.jpg,pCT,train
pCT/pCT2188.jpg,pCT,train
pCT/pCT2189.jpg,pCT,train
pCT/pCT2190.jpg,pCT,train
pCT/pCT2191.jpg,pCT,train
pCT/pCT2192.jpg,pCT,train
pCT/pCT2193.jpg,pCT,train
pCT/pCT2194.jpg,pCT,train
pCT/pCT2195.jpg,pCT,train
pCT/pCT2196.jpg,pCT,train
pCT/pCT2197.jpg,pCT,train
pCT/pCT2198.jpg,pCT,train
pCT/pCT2199.jpg,pCT,train
pCT/pCT2200.jpg,pCT,train
pCT/pCT2201.jpg,pCT,train
pCT/pCT2202.jpg,pCT,train
pCT/pCT2203.jpg,pCT,train
pCT/pCT2204.jpg,pCT,train
pCT/pCT2205.jpg,pCT,train
pCT/pCT2206.jpg,pCT,train
pCT/pCT2207.jpg,pCT,train
pCT/pCT2208.jpg,pCT,train
pCT/pCT2209.jpg,pCT,train
pCT/pCT2210.jpg,pCT,train
pCT/pCT2211.jpg,pCT,train
pCT/pCT2212.jpg,pCT,train
pCT/pCT2213.jpg,pCT,train
pCT/pCT2214.jpg,pCT,train
pCT/pCT2215.jpg,pCT,train
pCT/pCT2216.jpg,pCT,train
pCT/pCT2217.jpg,pCT,train
pCT/pCT2218.jpg,pCT,train
pCT/pCT2219.jpg,pCT,train
pCT/pCT2220.jpg,pCT,train
pCT/pCT2221.jpg,pCT,train
pCT/pCT2222.jpg,pCT,train
pCT/pCT2223.jpg,pCT,train
pCT/pCT2224.jpg,pCT,train
pCT/pCT2225.jpg,pCT,train
pCT/pCT2226.jpg,pCT,train
pCT/pCT2227.jpg,pCT,train
pCT/pCT2228.jpg,pCT,train
pCT/pCT2229.jpg,pCT,train
pCT/pCT2230.jpg,pCT,train
pCT/pCT2231.jpg,pCT,train
pCT/pCT2232.jpg,pCT,train
pCT/pCT2233.jpg,pCT,train
pCT/pCT2234.jpg,pCT,train
pCT/pCT2235.jpg,pCT,train
pCT/pCT2236.jpg,pCT,train
pCT/pCT2237.jpg,pCT,train
pCT/pCT2238.jpg,pCT,train
pCT/pCT2239.jpg,pCT,train
pCT/pCT2240.jpg,pCT,train
pCT/pCT2241.jpg,pCT,train
pCT/pCT2242.jpg,pCT,train
pCT/pCT2243.jpg,pCT,train
pCT/pCT2244.jpg,pCT,train
pCT/pCT2245.jpg,pCT,train
pCT/pCT2246.jpg,pCT,train
pCT/pCT2247.jpg,pCT,train
pCT/pCT2248.jpg,pCT,train
pCT/pCT2249.jpg,pCT,train
pCT/pCT2250.jpg,pCT,train
pCT/pCT2251.jpg,pCT,train
pCT/pCT2252.jpg,pCT,train
pCT/pCT2253.jpg,pCT,train
pCT/pCT2254.jpg,pCT,train
pCT/pCT2255.jpg,pCT,train
pCT/pCT2256.jpg,pCT,train
pCT/pCT2257.jpg,pCT,train
pCT/pCT2258.jpg,pCT,train
pCT/pCT2259.jpg,pCT,train
pCT/pCT2260.jpg,pCT,train
pCT/pCT2261.jpg,pCT,train
pCT/pCT2262.jpg,pCT,train
pCT/pCT2263.jpg,pCT,train
pCT/pCT2264.jpg,pCT,train
pCT/pCT2265.jpg,pCT,train
pCT/pCT2266.jpg,pCT,train
pCT/pCT2267.jpg,pCT,train
pCT/pCT2268.jpg,pCT,train
pCT/pCT2269.jpg,pCT,train
pCT/pCT2270.jpg,pCT,train
pCT/pCT2271.jpg,pCT,train
pCT/pCT2272.jpg,pCT,train
pCT/pCT2273.jpg,pCT,train
pCT/pCT2274.jpg,pCT,train
pCT/pCT2275.jpg,pCT,train
pCT/pCT2276.jpg,pCT,train
pCT/pCT2277.jpg,pCT,train
pCT/pCT2278.jpg,pCT,train
pCT/pCT2279.jpg,pCT,train
pCT/pCT2280.jpg,pCT,train
pCT/pCT2281.jpg,pCT,train
pCT/pCT2282.jpg,pCT,train
pCT/pCT2283.jpg,pCT,train
pCT/pCT2284.jpg,pCT,train
pCT/pCT2285.jpg,pCT,train
pCT/pCT2286.jpg,pCT,train
pCT/pCT2287.jpg,pCT,train
pCT/pCT2288.jpg,pCT,train
pCT/pCT2289.jpg,pCT,train
pCT/pCT2290.jpg,pCT,train
pCT/pCT2291.jpg,pCT,train
pCT/pCT2292.jpg,pCT,train
pCT/pCT2293.jpg,pCT,train
pCT/pCT2294.jpg,pCT,train
pCT/pCT2295.jpg,pCT,train
pCT/pCT2296.jpg,pCT,train
pCT/pCT2297.jpg,pCT,train
pCT/pCT2298.jpg,pCT,train
pCT/pCT2299.jpg,pCT,train
pCT/pCT2300.jpg,pCT,train
pCT/pCT2301.jpg,pCT,train
pCT/pCT2302.jpg,pCT,train
pCT/pCT2303.jpg,pCT,train
pCT/pCT2304.jpg,pCT,train
pCT/pCT2305.jpg,pCT,train
pCT/pCT2306.jpg,pCT,train
pCT/pCT2307.jpg,pCT,train
pCT/pCT2308.jpg,pCT,train
pCT/pCT2309.jpg,pCT,train
pCT/pCT2310.jpg,pCT,train
pCT/pCT2311.jpg,pCT,train
pCT/pCT2312.jpg,pCT,train
pCT/pCT2313.jpg,pCT,train
pCT/pCT2314.jpg,pCT,train
pCT/pCT2315.jpg,pCT,train
pCT/pCT2316.jpg,pCT,train
pCT/pCT2317.jpg,pCT,train
pCT/pCT2318.jpg,pCT,train
pCT/pCT2319.jpg,pCT,train
pCT/pCT2320.jpg,pCT,train
pCT/pCT2321.jpg,pCT,train
pCT/pCT2322.jpg,pCT,train
pCT/pCT2323.jpg,pCT,train
pCT/pCT2324.jpg,pCT,train
pCT/pCT2325.jpg,pCT,train
pCT/pCT2326.jpg,pCT,train
pCT/pCT2327.jpg,pCT,train
pCT/pCT2328.jpg,pCT,train
pCT/pCT2329.jpg,pCT,train
pCT/pCT2330.jpg,pCT,train
pCT/pCT2331.jpg,pCT,train
pCT/pCT2332.jpg,pCT,train
pCT/pCT2333.jpg,pCT,train
pCT/pCT2334.jpg,pCT,train
pCT/pCT2335.jpg,pCT,train
pCT/pCT2336.jpg,pCT,train
pCT/pCT2337.jpg,pCT,train
pCT/pCT2338.jpg,pCT,train
pCT/pCT2339.jpg,pCT,train
pCT/pCT2340.jpg,pCT,train
pCT/pCT2341.jpg,pCT,train
pCT/pCT2342.jpg,pCT,train
pCT/pCT2343.jpg,pCT,train
pCT/pCT2344.jpg,pCT,train
pCT/pCT2345.jpg,pCT,train
pCT/pCT2346.jpg,pCT,train
pCT/pCT2347.jpg,pCT,train
pCT/pCT2348.jpg,pCT,train
pCT/pCT2349.jpg,pCT,train
pCT/pCT2350.jpg,pCT,train
pCT/pCT2351.jpg,pCT,train
pCT/pCT2352.jpg,pCT,train
pCT/pCT2353.jpg,pCT,train
pCT/pCT2354.jpg,pCT,train
pCT/pCT2355.jpg,pCT,train
pCT/pCT2356.jpg,pCT,train
pCT/pCT2357.jpg,pCT,train
pCT/pCT2358.jpg,pCT,train
pCT/pCT2359.jpg,pCT,train
pCT/pCT2360.jpg,pCT,train
pCT/pCT2361.jpg,pCT,train
pCT/pCT2362.jpg,pCT,train
pCT/pCT2363.jpg,pCT,train
pCT/pCT2364.jpg,pCT,train
pCT/pCT2365.jpg,pCT,train
pCT/pCT2366.jpg,pCT,train
pCT/pCT2367.jpg,pCT,train
pCT/pCT2368.jpg,pCT,train
pCT/pCT2369.jpg,pCT,train
pCT/pCT2370.jpg,pCT,train
pCT/pCT2371.jpg,pCT,train
pCT/pCT2372.jpg,pCT,train
pCT/pCT2373.jpg,pCT,train
pCT/pCT2374.jpg,pCT,train
pCT/pCT2375.jpg,pCT,train
pCT/pCT2376.jpg,pCT,train
pCT/pCT2377.jpg,pCT,train
pCT/pCT2378.jpg,pCT,train
pCT/pCT2379.jpg,pCT,train
pCT/pCT2380.jpg,pCT,train
pCT/pCT2381.jpg,pCT,train
pCT/pCT2382.jpg,pCT,train
pCT/pCT2383.jpg,pCT,train
pCT/pCT2384.jpg,pCT,train
pCT/pCT2385.jpg,pCT,train
pCT/pCT2386.jpg,pCT,train
pCT/pCT2387.jpg,pCT,train
pCT/pCT2388.jpg,pCT,train
pCT/pCT2389.jpg,pCT,train
pCT/pCT2390.jpg,pCT,train
pCT/pCT2391.jpg,pCT,train
pCT/pCT2392.jpg,pCT,train
pCT/pCT2393.jpg,pCT,train
pCT/pCT2394.jpg,pCT,train
pCT/pCT2395.jpg,pCT,train
pCT/pCT2396.jpg,pCT,train
pCT/pCT2397.jpg,pCT,train
pCT/pCT2398.jpg,pCT,train
pCT/pCT2399.jpg,pCT,train
pCT/pCT2400.jpg,pCT,train
pCT/pCT2401.jpg,pCT,train
pCT/pCT2402.jpg,pCT,train
pCT/pCT2403.jpg,pCT,train
pCT/pCT2404.jpg,pCT,train
pCT/pCT2405.jpg,pCT,train
pCT/pCT2406.jpg,pCT,train
pCT/pCT2407.jpg,pCT,train
pCT/pCT2408.jpg,pCT,train
pCT/pCT2409.jpg,pCT,train
pCT/pCT2410.jpg,pCT,train
pCT/pCT2411.jpg,pCT,train
pCT/pCT2412.jpg,pCT,train
pCT/pCT2413.jpg,pCT,train
pCT/pCT2414.jpg,pCT,train
pCT/pCT2415.jpg,pCT,train
pCT/pCT2416.jpg,pCT,train
pCT/pCT2417.jpg,pCT,train
pCT/pCT2418.jpg,pCT,train
pCT/pCT2419.jpg,pCT,train
pCT/pCT2420.jpg,pCT,train
pCT/pCT2421.jpg,pCT,train
pCT/pCT2422.jpg,pCT,train
pCT/pCT2423.jpg,pCT,train
pCT/pCT2424.jpg,pCT,train
pCT/pCT2425.jpg,pCT,train
pCT/pCT2426.jpg,pCT,train
pCT/pCT2427.jpg,pCT,train
pCT/pCT2428.jpg,pCT,train
pCT/pCT2429.jpg,pCT,train
pCT/pCT2430.jpg,pCT,train
pCT/pCT2431.jpg,pCT,train
pCT/pCT2432.jpg,pCT,train
pCT/pCT2433.jpg,pCT,train
pCT/pCT2434.jpg,pCT,train
pCT/pCT2435.jpg,pCT,train
pCT/pCT2436.jpg,pCT,train
pCT/pCT2437.jpg,pCT,train
pCT/pCT2438.jpg,pCT,train
pCT/pCT2439.jpg,pCT,train
pCT/pCT2440.jpg,pCT,train
pCT/pCT2441.jpg,pCT,train
pCT/pCT2442.jpg,pCT,train
pCT/pCT2443.jpg,pCT,train
pCT/pCT2444.jpg,pCT,train
pCT/pCT2445.jpg,pCT,train
pCT/pCT2446.jpg,pCT,train
pCT/pCT2447.jpg,pCT,train
pCT/pCT2448.jpg,pCT,train
pCT/pCT2449.jpg,pCT,train
pCT/pCT2450.jpg,pCT,train
pCT/pCT2451.jpg,pCT,train
pCT/pCT2452.jpg,pCT,train
pCT/pCT2453.jpg,pCT,train
pCT/pCT2454.jpg,pCT,train
pCT/pCT2455.jpg,pCT,train
pCT/pCT2456.jpg,pCT,train
pCT/pCT2457.jpg,pCT,train
pCT/pCT2458.jpg,pCT,train
pCT/pCT2459.jpg,pCT,train
pCT/pCT2460.jpg,pCT,train
pCT/pCT2461.jpg,pCT,train
pCT/pCT2462.jpg,pCT,train
pCT/pCT2463.jpg,pCT,train
pCT/pCT2464.jpg,pCT,train
pCT/pCT2465.jpg,pCT,train
pCT/pCT2466.jpg,pCT,train
pCT/pCT2467.jpg,pCT,train
pCT/pCT2468.jpg,pCT,train
pCT/pCT2469.jpg,pCT,train
pCT/pCT2470.jpg,pCT,train
pCT/pCT2471.jpg,pCT,train
pCT/pCT2472.jpg,pCT,train
pCT/pCT2473.jpg,pCT,train
pCT/pCT2474.jpg,pCT,train
pCT/pCT2475.jpg,pCT,train
pCT/pCT2476.jpg,pCT,train
pCT/pCT2477.jpg,pCT,train
pCT/pCT2478.jpg,pCT,train
pCT/pCT2479.jpg,pCT,train
pCT/pCT2480.jpg,pCT,train
pCT/pCT2481.jpg,pCT,train
pCT/pCT2482.jpg,pCT,train
pCT/pCT2483.jpg,pCT,train
pCT/pCT2484.jpg,pCT,train
pCT/pCT2485.jpg,pCT,train
pCT/pCT2486.jpg,pCT,train
pCT/pCT2487.jpg,pCT,train
pCT/pCT2488.jpg,pCT,train
pCT/pCT2489.jpg,pCT,train
pCT/pCT2490.jpg,pCT,train
pCT/pCT2491.jpg,pCT,train
pCT/pCT2492.jpg,pCT,train
pCT/pCT2493.jpg,pCT,train
pCT/pCT2494.jpg,pCT,train
pCT/pCT2495.jpg,pCT,train
pCT/pCT2496.jpg,pCT,train
pCT/pCT2497.jpg,pCT,train
pCT/pCT2498.jpg,pCT,train
pCT/pCT2499.jpg,pCT,train
pCT/pCT2500.jpg,pCT,train
pCT/pCT2501.jpg,pCT,train
pCT/pCT2502.jpg,pCT,train
pCT/pCT2503.jpg,pCT,train
pCT/pCT2504.jpg,pCT,train
pCT/pCT2505.jpg,pCT,train
pCT/pCT2506.jpg,pCT,train
pCT/pCT2507.jpg,pCT,train
pCT/pCT2508.jpg,pCT,train
pCT/pCT2509.jpg,pCT,train
pCT/pCT2510.jpg,pCT,train
pCT/pCT2511.jpg,pCT,train
pCT/pCT2512.jpg,pCT,train
pCT/pCT2513.jpg,pCT,train
pCT/pCT2514.jpg,pCT,train
pCT/pCT2515.jpg,pCT,train
pCT/pCT2516.jpg,pCT,train
pCT/pCT2517.jpg,pCT,train
pCT/pCT2518.jpg,pCT,train
pCT/pCT2519.jpg,pCT,train
pCT/pCT2520.jpg,pCT,train
pCT/pCT2521.jpg,pCT,train
pCT/pCT2522.jpg,pCT,train
pCT/pCT2523.jpg,pCT,train
pCT/pCT2524.jpg,pCT,train
pCT/pCT2525.jpg,pCT,train
pCT/pCT2526.jpg,pCT,train
pCT/pCT2527.jpg,pCT,train
pCT/pCT2528.jpg,pCT,train
pCT/pCT2529.jpg,pCT,train
pCT/pCT2530.jpg,pCT,train
pCT/pCT2531.jpg,pCT,train
pCT/pCT2532.jpg,pCT,train
pCT/pCT2533.jpg,pCT,train
pCT/pCT2534.jpg,pCT,train
pCT/pCT2535.jpg,pCT,train
pCT/pCT2536.jpg,pCT,train
pCT/pCT2537.jpg,pCT,train
pCT/pCT2538.jpg,pCT,train
pCT/pCT2539.jpg,pCT,train
pCT/pCT2540.jpg,pCT,train
pCT/pCT2541.jpg,pCT,train
pCT/pCT2542.jpg,pCT,train
pCT/pCT2543.jpg,pCT,train
pCT/pCT2544.jpg,pCT,train
pCT/pCT2545.jpg,pCT,train
pCT/pCT2546.jpg,pCT,train
pCT/pCT2547.jpg,pCT,train
pCT/pCT2548.jpg,pCT,train
pCT/pCT2549.jpg,pCT,train
pCT/pCT2550.jpg,pCT,train
pCT/pCT2551.jpg,pCT,train
pCT/pCT2552.jpg,pCT,train
pCT/pCT2553.jpg,pCT,train
pCT/pCT2554.jpg,pCT,train
pCT/pCT2555.jpg,pCT,train
pCT/pCT2556.jpg,pCT,train
pCT/pCT2557.jpg,pCT,train
pCT/pCT2558.jpg,pCT,train
pCT/pCT2559.jpg,pCT,train
pCT/pCT2560.jpg,pCT,train
pCT/pCT2561.jpg,pCT,train
pCT/pCT2562.jpg,pCT,train
pCT/pCT2563.jpg,pCT,train
pCT/pCT2564.jpg,pCT,train
pCT/pCT2565.jpg,pCT,train
pCT/pCT2566.jpg,pCT,train
pCT/pCT2567.jpg,pCT,train
pCT/pCT2568.jpg,pCT,train
pCT/pCT2569.jpg,pCT,train
pCT/pCT2570.jpg,pCT,train
pCT/pCT2571.jpg,pCT,train
pCT/pCT2572.jpg,pCT,train
pCT/pCT2573.jpg,pCT,train
pCT/pCT2574.jpg,pCT,train
pCT/pCT2575.jpg,pCT,train
pCT/pCT2576.jpg,pCT,train
pCT/pCT2577.jpg,pCT,train
pCT/pCT2578.jpg,pCT,train
pCT/pCT2579.jpg,pCT,train
pCT/pCT2580.jpg,pCT,train
pCT/pCT2581.jpg,pCT,train
pCT/pCT2582.jpg,pCT,train
pCT/pCT2583.jpg,pCT,train
pCT/pCT2584.jpg,pCT,train
pCT/pCT2585.jpg,pCT,train
pCT/pCT2586.jpg,pCT,train
pCT/pCT2587.jpg,pCT,train
pCT/pCT2588.jpg,pCT,train
pCT/pCT2589.jpg,pCT,train
pCT/pCT2590.jpg,pCT,train
pCT/pCT2591.jpg,pCT,train
pCT/pCT2592.jpg,pCT,train
pCT/pCT2593.jpg,pCT,train
pCT/pCT2594.jpg,pCT,train
pCT/pCT2595.jpg,pCT,train
pCT/pCT2596.jpg,pCT,train
pCT/pCT2597.jpg,pCT,train
pCT/pCT2598.jpg,pCT,train
pCT/pCT2599.jpg,pCT,train
pCT/pCT2600.jpg,pCT,train
pCT/pCT2601.jpg,pCT,train
pCT/pCT2602.jpg,pCT,train
pCT/pCT2603.jpg,pCT,train
pCT/pCT2604.jpg,pCT,train
pCT/pCT2605.jpg,pCT,train
pCT/pCT2606.jpg,pCT,train
pCT/pCT2607.jpg,pCT,train
pCT/pCT2608.jpg,pCT,train
pCT/pCT2609.jpg,pCT,train
pCT/pCT2610.jpg,pCT,train
pCT/pCT2611.jpg,pCT,train
pCT/pCT2612.jpg,pCT,train
pCT/pCT2613.jpg,pCT,train
pCT/pCT2614.jpg,pCT,train
pCT/pCT2615.jpg,pCT,train
pCT/pCT2616.jpg,pCT,train
pCT/pCT2617.jpg,pCT,train
pCT/pCT2618.jpg,pCT,train
pCT/pCT2619.jpg,pCT,train
pCT/pCT2620.jpg,pCT,train
pCT/pCT2621.jpg,pCT,train
pCT/pCT2622.jpg,pCT,train
pCT/pCT2623.jpg,pCT,train
pCT/pCT2624.jpg,pCT,train
pCT/pCT2625.jpg,pCT,train
pCT/pCT2626.jpg,pCT,train
pCT/pCT2627.jpg,pCT,train
pCT/pCT2628.jpg,pCT,train
pCT/pCT2629.jpg,pCT,train
pCT/pCT2630.jpg,pCT,train
pCT/pCT2631.jpg,pCT,train
pCT/pCT2632.jpg,pCT,train
pCT/pCT2633.jpg,pCT,train
pCT/pCT2634.jpg,pCT,train
pCT/pCT2635.jpg,pCT,train
pCT/pCT2636.jpg,pCT,train
pCT/pCT2637.jpg,pCT,train
pCT/pCT2638.jpg,pCT,train
pCT/pCT2639.jpg,pCT,train
pCT/pCT2640.jpg,pCT,train
pCT/pCT2641.jpg,pCT,train
pCT/pCT2642.jpg,pCT,train
pCT/pCT2643.jpg,pCT,train
pCT/pCT2644.jpg,pCT,train
pCT/pCT2645.jpg,pCT,train
pCT/pCT2646.jpg,pCT,train
pCT/pCT2647.jpg,pCT,train
pCT/pCT2648.jpg,pCT,train
pCT/pCT2649.jpg,pCT,train
pCT/pCT2650.jpg,pCT,train
pCT/pCT2651.jpg,pCT,train
pCT/pCT2652.jpg,pCT,train
pCT/pCT2653.jpg,pCT,train
pCT/pCT2654.jpg,pCT,train
pCT/pCT2655.jpg,pCT,train
pCT/pCT2656.jpg,pCT,train
pCT/pCT2657.jpg,pCT,train
pCT/pCT2658.jpg,pCT,train
pCT/pCT2659.jpg,pCT,train
pCT/pCT2660.jpg,pCT,train
pCT/pCT2661.jpg,pCT,train
pCT/pCT2662.jpg,pCT,train
pCT/pCT2663.jpg,pCT,train
pCT/pCT2664.jpg,pCT,train
pCT/pCT2665.jpg,pCT,train
pCT/pCT2666.jpg,pCT,train
pCT/pCT2667.jpg,pCT,train
pCT/pCT2668.jpg,pCT,train
pCT/pCT2669.jpg,pCT,train
pCT/pCT2670.jpg,pCT,train
pCT/pCT2671.jpg,pCT,train
pCT/pCT2672.jpg,pCT,train
pCT/pCT2673.jpg,pCT,train
pCT/pCT2674.jpg,pCT,train
pCT/pCT2675.jpg,pCT,train
pCT/pCT2676.jpg,pCT,train
pCT/pCT2677.jpg,pCT,train
pCT/pCT2678.jpg,pCT,train
pCT/pCT2679.jpg,pCT,train
pCT/pCT2680.jpg,pCT,train
pCT/pCT2681.jpg,pCT,train
pCT/pCT2682.jpg,pCT,train
pCT/pCT2683.jpg,pCT,train
pCT/pCT2684.jpg,pCT,train
pCT/pCT2685.jpg,pCT,train
pCT/pCT2686.jpg,pCT,train
pCT/pCT2687.jpg,pCT,train
pCT/pCT2688.jpg,pCT,train
pCT/pCT2689.jpg,pCT,train
pCT/pCT2690.jpg,pCT,train
pCT/pCT2691.jpg,pCT,train
pCT/pCT2692.jpg,pCT,train
pCT/pCT2693.jpg,pCT,train
pCT/pCT2694.jpg,pCT,train
pCT/pCT2695.jpg,pCT,train
pCT/pCT2696.jpg,pCT,train
pCT/pCT2697.jpg,pCT,train
pCT/pCT2698.jpg,pCT,train
pCT/pCT2699.jpg,pCT,train
pCT/pCT2700.jpg,pCT,train
pCT/pCT2701.jpg,pCT,train
pCT/pCT2702.jpg,pCT,train
pCT/pCT2703.jpg,pCT,train
pCT/pCT2704.jpg,pCT,train
pCT/pCT2705.jpg,pCT,train
pCT/pCT2706.jpg,pCT,train
pCT/pCT2707.jpg,pCT,train
pCT/pCT2708.jpg,pCT,train
pCT/pCT2709.jpg,pCT,train
pCT/pCT2710.jpg,pCT,train
pCT/pCT2711.jpg,pCT,train
pCT/pCT2712.jpg,pCT,train
pCT/pCT2713.jpg,pCT,train
pCT/pCT2714.jpg,pCT,train
pCT/pCT2715.jpg,pCT,train
pCT/pCT2716.jpg,pCT,train
pCT/pCT2717.jpg,pCT,train
pCT/pCT2718.jpg,pCT,train
pCT/pCT2719.jpg,pCT,train
pCT/pCT2720.jpg,pCT,train
pCT/pCT2721.jpg,pCT,train
pCT/pCT2722.jpg,pCT,train
pCT/pCT2723.jpg,pCT,train
pCT/pCT2724.jpg,pCT,train
pCT/pCT2725.jpg,pCT,train
pCT/pCT2726.jpg,pCT,train
pCT/pCT2727.jpg,pCT,train
pCT/pCT2728.jpg,pCT,train
pCT/pCT2729.jpg,pCT,train
pCT/pCT2730.jpg,pCT,train
pCT/pCT2731.jpg,pCT,train
pCT/pCT2732.jpg,pCT,train
pCT/pCT2733.jpg,pCT,train
pCT/pCT2734.jpg,pCT,train
pCT/pCT2735.jpg,pCT,train
pCT/pCT2736.jpg,pCT,train
pCT/pCT2737.jpg,pCT,train
pCT/pCT2738.jpg,pCT,train
pCT/pCT2739.jpg,pCT,train
pCT/pCT2740.jpg,pCT,train
pCT/pCT2741.jpg,pCT,train
pCT/pCT2742.jpg,pCT,train
pCT/pCT2743.jpg,pCT,train
pCT/pCT2744.jpg,pCT,train
pCT/pCT2745.jpg,pCT,train
pCT/pCT2746.jpg,pCT,train
pCT/pCT2747.jpg,pCT,train
pCT/pCT2748.jpg,pCT,train
pCT/pCT2749.jpg,pCT,train
pCT/pCT2750.jpg,pCT,train
pCT/pCT2751.jpg,pCT,train
pCT/pCT2752.jpg,pCT,train
pCT/pCT2753.jpg,pCT,train
pCT/pCT2754.jpg,pCT,train
pCT/pCT2755.jpg,pCT,train
pCT/pCT2756.jpg,pCT,train
pCT/pCT2757.jpg,pCT,train
pCT/pCT2758.jpg,pCT,train
pCT/pCT2759.jpg,pCT,train
pCT/pCT2760.jpg,pCT,train
pCT/pCT2761.jpg,pCT,train
pCT/pCT2762.jpg,pCT,train
pCT/pCT2763.jpg,pCT,train
pCT/pCT2764.jpg,pCT,train
pCT/pCT2765.jpg,pCT,train
pCT/pCT2766.jpg,pCT,train
pCT/pCT2767.jpg,pCT,train
pCT/pCT2768.jpg,pCT,train
pCT/pCT2769.jpg,pCT,train
pCT/pCT2770.jpg,pCT,train
pCT/pCT2771.jpg,pCT,train
pCT/pCT2772.jpg,pCT,train
pCT/pCT2773.jpg,pCT,train
pCT/pCT2774.jpg,pCT,train
pCT/pCT2775.jpg,pCT,train
pCT/pCT2776.jpg,pCT,train
pCT/pCT2777.jpg,pCT,train
pCT/pCT2778.jpg,pCT,train
pCT/pCT2779.jpg,pCT,train
pCT/pCT2780.jpg,pCT,train
pCT/pCT2781.jpg,pCT,train
pCT/pCT2782.jpg,pCT,train
pCT/pCT2783.jpg,pCT,train
pCT/pCT2784.jpg,pCT,train
pCT/pCT2785.jpg,pCT,train
pCT/pCT2786.jpg,pCT,train
pCT/pCT2787.jpg,pCT,train
pCT/pCT2788.jpg,pCT,train
pCT/pCT2789.jpg,pCT,train
pCT/pCT2790.jpg,pCT,train
pCT/pCT2791.jpg,pCT,train
pCT/pCT2792.jpg,pCT,train
pCT/pCT2793.jpg,pCT,train
pCT/pCT2794.jpg,pCT,train
pCT/pCT2795.jpg,pCT,train
pCT/pCT2796.jpg,pCT,train
pCT/pCT2797.jpg,pCT,train
pCT/pCT2798.jpg,pCT,train
pCT/pCT2799.jpg,pCT,train
pCT/pCT2800.jpg,pCT,train
pCT/pCT2801.jpg,pCT,train
pCT/pCT2802.jpg,pCT,train
pCT/pCT2803.jpg,pCT,train
nCT/nCT5629.jpg,nCT,val
nCT/nCT5630.jpg,nCT,val
nCT/nCT5635.jpg,nCT,val
nCT/nCT5638.jpg,nCT,val
nCT/nCT5643.jpg,nCT,val
nCT/nCT5655.jpg,nCT,val
nCT/nCT5663.jpg,nCT,val
nCT/nCT5670.jpg,nCT,val
nCT/nCT5672.jpg,nCT,val
nCT/nCT5673.jpg,nCT,val
nCT/nCT5678.jpg,nCT,val
nCT/nCT5679.jpg,nCT,val
nCT/nCT5680.jpg,nCT,val
nCT/nCT5686.jpg,nCT,val
nCT/nCT5694.jpg,nCT,val
nCT/nCT5706.jpg,nCT,val
nCT/nCT5713.jpg,nCT,val
nCT/nCT5715.jpg,nCT,val
nCT/nCT5722.jpg,nCT,val
nCT/nCT5723.jpg,nCT,val
nCT/nCT5724.jpg,nCT,val
nCT/nCT5727.jpg,nCT,val
nCT/nCT5729.jpg,nCT,val
nCT/nCT5730.jpg,nCT,val
nCT/nCT5731.jpg,nCT,val
nCT/nCT5732.jpg,nCT,val
nCT/nCT5736.jpg,nCT,val
nCT/nCT5739.jpg,nCT,val
nCT/nCT5746.jpg,nCT,val
nCT/nCT5759.jpg,nCT,val
nCT/nCT5767.jpg,nCT,val
nCT/nCT5775.jpg,nCT,val
nCT/nCT5776.jpg,nCT,val
nCT/nCT5781.jpg,nCT,val
nCT/nCT5783.jpg,nCT,val
nCT/nCT5784.jpg,nCT,val
nCT/nCT5785.jpg,nCT,val
nCT/nCT5789.jpg,nCT,val
nCT/nCT5791.jpg,nCT,val
nCT/nCT5799.jpg,nCT,val
nCT/nCT5804.jpg,nCT,val
nCT/nCT5811.jpg,nCT,val
nCT/nCT5819.jpg,nCT,val
nCT/nCT5826.jpg,nCT,val
nCT/nCT5827.jpg,nCT,val
nCT/nCT5828.jpg,nCT,val
nCT/nCT5829.jpg,nCT,val
nCT/nCT5834.jpg,nCT,val
nCT/nCT5835.jpg,nCT,val
nCT/nCT5836.jpg,nCT,val
nCT/nCT5837.jpg,nCT,val
nCT/nCT5838.jpg,nCT,val
nCT/nCT5842.jpg,nCT,val
nCT/nCT5844.jpg,nCT,val
nCT/nCT5849.jpg,nCT,val
nCT/nCT5852.jpg,nCT,val
nCT/nCT5865.jpg,nCT,val
nCT/nCT5873.jpg,nCT,val
nCT/nCT5880.jpg,nCT,val
nCT/nCT5881.jpg,nCT,val
nCT/nCT5886.jpg,nCT,val
nCT/nCT5887.jpg,nCT,val
nCT/nCT5888.jpg,nCT,val
nCT/nCT5889.jpg,nCT,val
nCT/nCT5894.jpg,nCT,val
nCT/nCT5895.jpg,nCT,val
nCT/nCT5903.jpg,nCT,val
nCT/nCT5904.jpg,nCT,val
nCT/nCT5917.jpg,nCT,val
nCT/nCT5924.jpg,nCT,val
nCT/nCT5932.jpg,nCT,val
nCT/nCT5937.jpg,nCT,val
nCT/nCT5938.jpg,nCT,val
nCT/nCT5939.jpg,nCT,val
nCT/nCT5940.jpg,nCT,val
nCT/nCT5941.jpg,nCT,val
nCT/nCT5942.jpg,nCT,val
nCT/nCT5946.jpg,nCT,val
nCT/nCT5947.jpg,nCT,val
nCT/nCT5956.jpg,nCT,val
nCT/nCT5960.jpg,nCT,val
nCT/nCT5969.jpg,nCT,val
nCT/nCT5977.jpg,nCT,val
nCT/nCT5984.jpg,nCT,val
nCT/nCT5989.jpg,nCT,val
nCT/nCT5990.jpg,nCT,val
nCT/nCT5991.jpg,nCT,val
nCT/nCT5992.jpg,nCT,val
nCT/nCT5997.jpg,nCT,val
nCT/nCT5998.jpg,nCT,val
nCT/nCT6007.jpg,nCT,val
nCT/nCT6020.jpg,nCT,val
nCT/nCT6026.jpg,nCT,val
nCT/nCT6028.jpg,nCT,val
nCT/nCT6034.jpg,nCT,val
nCT/nCT6040.jpg,nCT,val
nCT/nCT6041.jpg,nCT,val
nCT/nCT6042.jpg,nCT,val
nCT/nCT6043.jpg,nCT,val
nCT/nCT6047.jpg,nCT,val
nCT/nCT6048.jpg,nCT,val
nCT/nCT6049.jpg,nCT,val
nCT/nCT6051.jpg,nCT,val
nCT/nCT6059.jpg,nCT,val
nCT/nCT6071.jpg,nCT,val
nCT/nCT6079.jpg,nCT,val
nCT/nCT6086.jpg,nCT,val
nCT/nCT6091.jpg,nCT,val
nCT/nCT6092.jpg,nCT,val
nCT/nCT6093.jpg,nCT,val
nCT/nCT6095.jpg,nCT,val
nCT/nCT6099.jpg,nCT,val
nCT/nCT6100.jpg,nCT,val
nCT/nCT6109.jpg,nCT,val
nCT/nCT6121.jpg,nCT,val
nCT/nCT6127.jpg,nCT,val
nCT/nCT6129.jpg,nCT,val
nCT/nCT6135.jpg,nCT,val
nCT/nCT6141.jpg,nCT,val
nCT/nCT6142.jpg,nCT,val
nCT/nCT6143.jpg,nCT,val
nCT/nCT6144.jpg,nCT,val
nCT/nCT6148.jpg,nCT,val
nCT/nCT6149.jpg,nCT,val
nCT/nCT6150.jpg,nCT,val
nCT/nCT6157.jpg,nCT,val
nCT/nCT6160.jpg,nCT,val
nCT/nCT6161.jpg,nCT,val
nCT/nCT6170.jpg,nCT,val
nCT/nCT6172.jpg,nCT,val
nCT/nCT6178.jpg,nCT,val
nCT/nCT6183.jpg,nCT,val
nCT/nCT6185.jpg,nCT,val
nCT/nCT6190.jpg,nCT,val
nCT/nCT6191.jpg,nCT,val
nCT/nCT6192.jpg,nCT,val
nCT/nCT6193.jpg,nCT,val
nCT/nCT6194.jpg,nCT,val
nCT/nCT6198.jpg,nCT,val
nCT/nCT6199.jpg,nCT,val
nCT/nCT6207.jpg,nCT,val
nCT/nCT6219.jpg,nCT,val
nCT/nCT6226.jpg,nCT,val
nCT/nCT6227.jpg,nCT,val
nCT/nCT6233.jpg,nCT,val
nCT/nCT6237.jpg,nCT,val
nCT/nCT6239.jpg,nCT,val
nCT/nCT6240.jpg,nCT,val
nCT/nCT6241.jpg,nCT,val
nCT/nCT6245.jpg,nCT,val
nCT/nCT6246.jpg,nCT,val
nCT/nCT6254.jpg,nCT,val
nCT/nCT6260.jpg,nCT,val
nCT/nCT6266.jpg,nCT,val
nCT/nCT6271.jpg,nCT,val
nCT/nCT6275.jpg,nCT,val
nCT/nCT6283.jpg,nCT,val
nCT/nCT6286.jpg,nCT,val
nCT/nCT6287.jpg,nCT,val
nCT/nCT6288.jpg,nCT,val
nCT/nCT6289.jpg,nCT,val
nCT/nCT6293.jpg,nCT,val
nCT/nCT6301.jpg,nCT,val
nCT/nCT6313.jpg,nCT,val
nCT/nCT6320.jpg,nCT,val
nCT/nCT6331.jpg,nCT,val
nCT/nCT6332.jpg,nCT,val
nCT/nCT6333.jpg,nCT,val
nCT/nCT6334.jpg,nCT,val
nCT/nCT6339.jpg,nCT,val
nCT/nCT6340.jpg,nCT,val
nCT/nCT6347.jpg,nCT,val
nCT/nCT6349.jpg,nCT,val
nCT/nCT6359.jpg,nCT,val
nCT/nCT6366.jpg,nCT,val
nCT/nCT6377.jpg,nCT,val
nCT/nCT6378.jpg,nCT,val
nCT/nCT6379.jpg,nCT,val
nCT/nCT6380.jpg,nCT,val
nCT/nCT6386.jpg,nCT,val
nCT/nCT6393.jpg,nCT,val
nCT/nCT6404.jpg,nCT,val
nCT/nCT6410.jpg,nCT,val
nCT/nCT6421.jpg,nCT,val
nCT/nCT6422.jpg,nCT,val
nCT/nCT6423.jpg,nCT,val
nCT/nCT6424.jpg,nCT,val
nCT/nCT6429.jpg,nCT,val
nCT/nCT6430.jpg,nCT,val
nCT/nCT6437.jpg,nCT,val
nCT/nCT6449.jpg,nCT,val
nCT/nCT6450.jpg,nCT,val
nCT/nCT6457.jpg,nCT,val
nCT/nCT6468.jpg,nCT,val
nCT/nCT6469.jpg,nCT,val
nCT/nCT6470.jpg,nCT,val
nCT/nCT6471.jpg,nCT,val
nCT/nCT6472.jpg,nCT,val
nCT/nCT6482.jpg,nCT,val
nCT/nCT6483.jpg,nCT,val
nCT/nCT6493.jpg,nCT,val
nCT/nCT6494.jpg,nCT,val
nCT/nCT6496.jpg,nCT,val
nCT/nCT6502.jpg,nCT,val
nCT/nCT6505.jpg,nCT,val
nCT/nCT6513.jpg,nCT,val
nCT/nCT6514.jpg,nCT,val
nCT/nCT6515.jpg,nCT,val
nCT/nCT6516.jpg,nCT,val
nCT/nCT6517.jpg,nCT,val
nCT/nCT6521.jpg,nCT,val
nCT/nCT6529.jpg,nCT,val
nCT/nCT6540.jpg,nCT,val
nCT/nCT6546.jpg,nCT,val
nCT/nCT6549.jpg,nCT,val
nCT/nCT6557.jpg,nCT,val
nCT/nCT6558.jpg,nCT,val
nCT/nCT6559.jpg,nCT,val
nCT/nCT6561.jpg,nCT,val
nCT/nCT6565.jpg,nCT,val
nCT/nCT6573.jpg,nCT,val
nCT/nCT6582.jpg,nCT,val
nCT/nCT6585.jpg,nCT,val
nCT/nCT6590.jpg,nCT,val
nCT/nCT6601.jpg,nCT,val
nCT/nCT6602.jpg,nCT,val
nCT/nCT6603.jpg,nCT,val
nCT/nCT6605.jpg,nCT,val
nCT/nCT6606.jpg,nCT,val
nCT/nCT6610.jpg,nCT,val
nCT/nCT6611.jpg,nCT,val
nCT/nCT6619.jpg,nCT,val
nCT/nCT6631.jpg,nCT,val
nCT/nCT6637.jpg,nCT,val
nCT/nCT6648.jpg,nCT,val
nCT/nCT6650.jpg,nCT,val
nCT/nCT6651.jpg,nCT,val
nCT/nCT6652.jpg,nCT,val
nCT/nCT6656.jpg,nCT,val
nCT/nCT6664.jpg,nCT,val
nCT/nCT6671.jpg,nCT,val
nCT/nCT6675.jpg,nCT,val
nCT/nCT6681.jpg,nCT,val
nCT/nCT6692.jpg,nCT,val
nCT/nCT6694.jpg,nCT,val
nCT/nCT6695.jpg,nCT,val
nCT/nCT6696.jpg,nCT,val
nCT/nCT6700.jpg,nCT,val
nCT/nCT6701.jpg,nCT,val
nCT/nCT6709.jpg,nCT,val
nCT/nCT6715.jpg,nCT,val
nCT/nCT6722.jpg,nCT,val
nCT/nCT6729.jpg,nCT,val
nCT/nCT6740.jpg,nCT,val
nCT/nCT6741.jpg,nCT,val
nCT/nCT6742.jpg,nCT,val
nCT/nCT6743.jpg,nCT,val
nCT/nCT6747.jpg,nCT,val
nCT/nCT6748.jpg,nCT,val
nCT/nCT6756.jpg,nCT,val
nCT/nCT6768.jpg,nCT,val
nCT/nCT6771.jpg,nCT,val
nCT/nCT6775.jpg,nCT,val
nCT/nCT6786.jpg,nCT,val
nCT/nCT6787.jpg,nCT,val
nCT/nCT6788.jpg,nCT,val
nCT/nCT6789.jpg,nCT,val
nCT/nCT6793.jpg,nCT,val
nCT/nCT6794.jpg,nCT,val
nCT/nCT6795.jpg,nCT,val
nCT/nCT6801.jpg,nCT,val
nCT/nCT6804.jpg,nCT,val
nCT/nCT6813.jpg,nCT,val
nCT/nCT6815.jpg,nCT,val
nCT/nCT6819.jpg,nCT,val
nCT/nCT6826.jpg,nCT,val
nCT/nCT6827.jpg,nCT,val
nCT/nCT7468.jpg,nCT,val
nCT/nCT7469.jpg,nCT,val
nCT/nCT7470.jpg,nCT,val
nCT/nCT7471.jpg,nCT,val
nCT/nCT7472.jpg,nCT,val
nCT/nCT7479.jpg,nCT,val
nCT/nCT7481.jpg,nCT,val
nCT/nCT7482.jpg,nCT,val
nCT/nCT7483.jpg,nCT,val
nCT/nCT7486.jpg,nCT,val
nCT/nCT7487.jpg,nCT,val
nCT/nCT7489.jpg,nCT,val
nCT/nCT7490.jpg,nCT,val
nCT/nCT7493.jpg,nCT,val
nCT/nCT7494.jpg,nCT,val
nCT/nCT7495.jpg,nCT,val
nCT/nCT7496.jpg,nCT,val
nCT/nCT7497.jpg,nCT,val
nCT/nCT7498.jpg,nCT,val
nCT/nCT7500.jpg,nCT,val
nCT/nCT7501.jpg,nCT,val
nCT/nCT7502.jpg,nCT,val
nCT/nCT7504.jpg,nCT,val
nCT/nCT7505.jpg,nCT,val
nCT/nCT7506.jpg,nCT,val
nCT/nCT7508.jpg,nCT,val
nCT/nCT7509.jpg,nCT,val
nCT/nCT7511.jpg,nCT,val
nCT/nCT7512.jpg,nCT,val
nCT/nCT7513.jpg,nCT,val
nCT/nCT7514.jpg,nCT,val
nCT/nCT7519.jpg,nCT,val
nCT/nCT7520.jpg,nCT,val
nCT/nCT7521.jpg,nCT,val
nCT/nCT7522.jpg,nCT,val
nCT/nCT7523.jpg,nCT,val
nCT/nCT7524.jpg,nCT,val
nCT/nCT7530.jpg,nCT,val
nCT/nCT7532.jpg,nCT,val
nCT/nCT7533.jpg,nCT,val
nCT/nCT7534.jpg,nCT,val
nCT/nCT7535.jpg,nCT,val
nCT/nCT7538.jpg,nCT,val
nCT/nCT7539.jpg,nCT,val
nCT/nCT7540.jpg,nCT,val
nCT/nCT7541.jpg,nCT,val
nCT/nCT7544.jpg,nCT,val
nCT/nCT7545.jpg,nCT,val
nCT/nCT7546.jpg,nCT,val
nCT/nCT7547.jpg,nCT,val
nCT/nCT7548.jpg,nCT,val
nCT/nCT7549.jpg,nCT,val
nCT/nCT7550.jpg,nCT,val
nCT/nCT7551.jpg,nCT,val
nCT/nCT7552.jpg,nCT,val
nCT/nCT7553.jpg,nCT,val
nCT/nCT7556.jpg,nCT,val
nCT/nCT7557.jpg,nCT,val
nCT/nCT7558.jpg,nCT,val
nCT/nCT7559.jpg,nCT,val
nCT/nCT7561.jpg,nCT,val
nCT/nCT7562.jpg,nCT,val
nCT/nCT7563.jpg,nCT,val
nCT/nCT7564.jpg,nCT,val
nCT/nCT7565.jpg,nCT,val
nCT/nCT7571.jpg,nCT,val
nCT/nCT7572.jpg,nCT,val
nCT/nCT7573.jpg,nCT,val
nCT/nCT7574.jpg,nCT,val
nCT/nCT7582.jpg,nCT,val
nCT/nCT7583.jpg,nCT,val
nCT/nCT7584.jpg,nCT,val
nCT/nCT7585.jpg,nCT,val
nCT/nCT7589.jpg,nCT,val
nCT/nCT7590.jpg,nCT,val
nCT/nCT7591.jpg,nCT,val
nCT/nCT7592.jpg,nCT,val
nCT/nCT7595.jpg,nCT,val
nCT/nCT7596.jpg,nCT,val
nCT/nCT7597.jpg,nCT,val
nCT/nCT7598.jpg,nCT,val
nCT/nCT7600.jpg,nCT,val
nCT/nCT7601.jpg,nCT,val
nCT/nCT7602.jpg,nCT,val
nCT/nCT7603.jpg,nCT,val
nCT/nCT7604.jpg,nCT,val
nCT/nCT7605.jpg,nCT,val
nCT/nCT7607.jpg,nCT,val
nCT/nCT7608.jpg,nCT,val
nCT/nCT7609.jpg,nCT,val
nCT/nCT7612.jpg,nCT,val
nCT/nCT7613.jpg,nCT,val
nCT/nCT7614.jpg,nCT,val
nCT/nCT7615.jpg,nCT,val
nCT/nCT7616.jpg,nCT,val
nCT/nCT7621.jpg,nCT,val
nCT/nCT7622.jpg,nCT,val
nCT/nCT7623.jpg,nCT,val
nCT/nCT7624.jpg,nCT,val
nCT/nCT7625.jpg,nCT,val
nCT/nCT7626.jpg,nCT,val
nCT/nCT7627.jpg,nCT,val
nCT/nCT7628.jpg,nCT,val
nCT/nCT7629.jpg,nCT,val
nCT/nCT7630.jpg,nCT,val
nCT/nCT7631.jpg,nCT,val
nCT/nCT7632.jpg,nCT,val
nCT/nCT7633.jpg,nCT,val
nCT/nCT7634.jpg,nCT,val
nCT/nCT7635.jpg,nCT,val
nCT/nCT7636.jpg,nCT,val
nCT/nCT7637.jpg,nCT,val
nCT/nCT7638.jpg,nCT,val
nCT/nCT7639.jpg,nCT,val
nCT/nCT7640.jpg,nCT,val
nCT/nCT7641.jpg,nCT,val
nCT/nCT7642.jpg,nCT,val
nCT/nCT7643.jpg,nCT,val
nCT/nCT7644.jpg,nCT,val
nCT/nCT7645.jpg,nCT,val
nCT/nCT7646.jpg,nCT,val
nCT/nCT7647.jpg,nCT,val
nCT/nCT7648.jpg,nCT,val
nCT/nCT7649.jpg,nCT,val
nCT/nCT7650.jpg,nCT,val
nCT/nCT7651.jpg,nCT,val
nCT/nCT7652.jpg,nCT,val
nCT/nCT7653.jpg,nCT,val
nCT/nCT7654.jpg,nCT,val
nCT/nCT7655.jpg,nCT,val
nCT/nCT7656.jpg,nCT,val
nCT/nCT7657.jpg,nCT,val
nCT/nCT7658.jpg,nCT,val
nCT/nCT7659.jpg,nCT,val
nCT/nCT7660.jpg,nCT,val
nCT/nCT7661.jpg,nCT,val
nCT/nCT7662.jpg,nCT,val
nCT/nCT7663.jpg,nCT,val
nCT/nCT7664.jpg,nCT,val
nCT/nCT7665.jpg,nCT,val
nCT/nCT7666.jpg,nCT,val
nCT/nCT7667.jpg,nCT,val
nCT/nCT7668.jpg,nCT,val
nCT/nCT7669.jpg,nCT,val
nCT/nCT7670.jpg,nCT,val
nCT/nCT7671.jpg,nCT,val
nCT/nCT7672.jpg,nCT,val
nCT/nCT7673.jpg,nCT,val
nCT/nCT7674.jpg,nCT,val
nCT/nCT7675.jpg,nCT,val
nCT/nCT7676.jpg,nCT,val
nCT/nCT7677.jpg,nCT,val
nCT/nCT7678.jpg,nCT,val
nCT/nCT7679.jpg,nCT,val
nCT/nCT7680.jpg,nCT,val
nCT/nCT7681.jpg,nCT,val
nCT/nCT7682.jpg,nCT,val
nCT/nCT7683.jpg,nCT,val
nCT/nCT7684.jpg,nCT,val
nCT/nCT7685.jpg,nCT,val
nCT/nCT7686.jpg,nCT,val
nCT/nCT7687.jpg,nCT,val
nCT/nCT7688.jpg,nCT,val
nCT/nCT7689.jpg,nCT,val
nCT/nCT7690.jpg,nCT,val
nCT/nCT7691.jpg,nCT,val
nCT/nCT7692.jpg,nCT,val
nCT/nCT7693.jpg,nCT,val
nCT/nCT7694.jpg,nCT,val
nCT/nCT7695.jpg,nCT,val
nCT/nCT7696.jpg,nCT,val
nCT/nCT7697.jpg,nCT,val
nCT/nCT7698.jpg,nCT,val
nCT/nCT7699.jpg,nCT,val
nCT/nCT7700.jpg,nCT,val
nCT/nCT7701.jpg,nCT,val
nCT/nCT7702.jpg,nCT,val
nCT/nCT7703.jpg,nCT,val
nCT/nCT7704.jpg,nCT,val
nCT/nCT7705.jpg,nCT,val
nCT/nCT7706.jpg,nCT,val
nCT/nCT7707.jpg,nCT,val
nCT/nCT7708.jpg,nCT,val
nCT/nCT7709.jpg,nCT,val
nCT/nCT7710.jpg,nCT,val
nCT/nCT7711.jpg,nCT,val
nCT/nCT7712.jpg,nCT,val
nCT/nCT7713.jpg,nCT,val
nCT/nCT7714.jpg,nCT,val
nCT/nCT7715.jpg,nCT,val
nCT/nCT7716.jpg,nCT,val
nCT/nCT7717.jpg,nCT,val
nCT/nCT7718.jpg,nCT,val
nCT/nCT7719.jpg,nCT,val
nCT/nCT7720.jpg,nCT,val
nCT/nCT7721.jpg,nCT,val
nCT/nCT7722.jpg,nCT,val
nCT/nCT7723.jpg,nCT,val
nCT/nCT7724.jpg,nCT,val
nCT/nCT7725.jpg,nCT,val
nCT/nCT7726.jpg,nCT,val
nCT/nCT7727.jpg,nCT,val
nCT/nCT7728.jpg,nCT,val
nCT/nCT7729.jpg,nCT,val
nCT/nCT7730.jpg,nCT,val
nCT/nCT7731.jpg,nCT,val
nCT/nCT7732.jpg,nCT,val
nCT/nCT7733.jpg,nCT,val
nCT/nCT7734.jpg,nCT,val
nCT/nCT7735.jpg,nCT,val
nCT/nCT7736.jpg,nCT,val
nCT/nCT7737.jpg,nCT,val
nCT/nCT7738.jpg,nCT,val
nCT/nCT7739.jpg,nCT,val
nCT/nCT7740.jpg,nCT,val
nCT/nCT7741.jpg,nCT,val
nCT/nCT7742.jpg,nCT,val
nCT/nCT7743.jpg,nCT,val
nCT/nCT7744.jpg,nCT,val
nCT/nCT7745.jpg,nCT,val
nCT/nCT7746.jpg,nCT,val
nCT/nCT7747.jpg,nCT,val
nCT/nCT7748.jpg,nCT,val
nCT/nCT7749.jpg,nCT,val
nCT/nCT7750.jpg,nCT,val
nCT/nCT7751.jpg,nCT,val
nCT/nCT7752.jpg,nCT,val
nCT/nCT7753.jpg,nCT,val
nCT/nCT7754.jpg,nCT,val
nCT/nCT7755.jpg,nCT,val
nCT/nCT7756.jpg,nCT,val
nCT/nCT7757.jpg,nCT,val
nCT/nCT7758.jpg,nCT,val
nCT/nCT7759.jpg,nCT,val
nCT/nCT7760.jpg,nCT,val
nCT/nCT7761.jpg,nCT,val
nCT/nCT7762.jpg,nCT,val
nCT/nCT7763.jpg,nCT,val
nCT/nCT7764.jpg,nCT,val
nCT/nCT7765.jpg,nCT,val
nCT/nCT7766.jpg,nCT,val
nCT/nCT7767.jpg,nCT,val
nCT/nCT7768.jpg,nCT,val
nCT/nCT7769.jpg,nCT,val
nCT/nCT7770.jpg,nCT,val
nCT/nCT7771.jpg,nCT,val
nCT/nCT7772.jpg,nCT,val
nCT/nCT7773.jpg,nCT,val
nCT/nCT7774.jpg,nCT,val
nCT/nCT7775.jpg,nCT,val
nCT/nCT7776.jpg,nCT,val
nCT/nCT7777.jpg,nCT,val
nCT/nCT7778.jpg,nCT,val
nCT/nCT7779.jpg,nCT,val
nCT/nCT7780.jpg,nCT,val
nCT/nCT7781.jpg,nCT,val
nCT/nCT7782.jpg,nCT,val
nCT/nCT7783.jpg,nCT,val
nCT/nCT7784.jpg,nCT,val
nCT/nCT7785.jpg,nCT,val
nCT/nCT7786.jpg,nCT,val
nCT/nCT7787.jpg,nCT,val
nCT/nCT7788.jpg,nCT,val
nCT/nCT7789.jpg,nCT,val
nCT/nCT7790.jpg,nCT,val
nCT/nCT7791.jpg,nCT,val
nCT/nCT7792.jpg,nCT,val
nCT/nCT7793.jpg,nCT,val
nCT/nCT7794.jpg,nCT,val
nCT/nCT7795.jpg,nCT,val
nCT/nCT7796.jpg,nCT,val
nCT/nCT7797.jpg,nCT,val
nCT/nCT7798.jpg,nCT,val
nCT/nCT7799.jpg,nCT,val
nCT/nCT7800.jpg,nCT,val
nCT/nCT7801.jpg,nCT,val
nCT/nCT7802.jpg,nCT,val
nCT/nCT7803.jpg,nCT,val
nCT/nCT7804.jpg,nCT,val
nCT/nCT7805.jpg,nCT,val
nCT/nCT7806.jpg,nCT,val
nCT/nCT7807.jpg,nCT,val
nCT/nCT7808.jpg,nCT,val
nCT/nCT7809.jpg,nCT,val
nCT/nCT7810.jpg,nCT,val
nCT/nCT7811.jpg,nCT,val
nCT/nCT7812.jpg,nCT,val
nCT/nCT7813.jpg,nCT,val
nCT/nCT7814.jpg,nCT,val
nCT/nCT7815.jpg,nCT,val
nCT/nCT7816.jpg,nCT,val
nCT/nCT7817.jpg,nCT,val
nCT/nCT7818.jpg,nCT,val
nCT/nCT7819.jpg,nCT,val
nCT/nCT7820.jpg,nCT,val
nCT/nCT7821.jpg,nCT,val
nCT/nCT7822.jpg,nCT,val
nCT/nCT7823.jpg,nCT,val
nCT/nCT7824.jpg,nCT,val
nCT/nCT7825.jpg,nCT,val
nCT/nCT7826.jpg,nCT,val
nCT/nCT7827.jpg,nCT,val
nCT/nCT7828.jpg,nCT,val
nCT/nCT7829.jpg,nCT,val
nCT/nCT7830.jpg,nCT,val
nCT/nCT7831.jpg,nCT,val
nCT/nCT7832.jpg,nCT,val
nCT/nCT7833.jpg,nCT,val
nCT/nCT7834.jpg,nCT,val
nCT/nCT7835.jpg,nCT,val
nCT/nCT7836.jpg,nCT,val
nCT/nCT7837.jpg,nCT,val
nCT/nCT7838.jpg,nCT,val
nCT/nCT7839.jpg,nCT,val
nCT/nCT7840.jpg,nCT,val
nCT/nCT7841.jpg,nCT,val
nCT/nCT7842.jpg,nCT,val
nCT/nCT7843.jpg,nCT,val
nCT/nCT7844.jpg,nCT,val
nCT/nCT7845.jpg,nCT,val
nCT/nCT7846.jpg,nCT,val
nCT/nCT7847.jpg,nCT,val
nCT/nCT7848.jpg,nCT,val
nCT/nCT7849.jpg,nCT,val
nCT/nCT7850.jpg,nCT,val
nCT/nCT7851.jpg,nCT,val
nCT/nCT7852.jpg,nCT,val
nCT/nCT7853.jpg,nCT,val
nCT/nCT7854.jpg,nCT,val
nCT/nCT7855.jpg,nCT,val
nCT/nCT7856.jpg,nCT,val
nCT/nCT7857.jpg,nCT,val
nCT/nCT7858.jpg,nCT,val
nCT/nCT7859.jpg,nCT,val
nCT/nCT7860.jpg,nCT,val
nCT/nCT7861.jpg,nCT,val
nCT/nCT7862.jpg,nCT,val
nCT/nCT7863.jpg,nCT,val
nCT/nCT7864.jpg,nCT,val
nCT/nCT7865.jpg,nCT,val
nCT/nCT7866.jpg,nCT,val
nCT/nCT7867.jpg,nCT,val
nCT/nCT7868.jpg,nCT,val
nCT/nCT7869.jpg,nCT,val
nCT/nCT7870.jpg,nCT,val
nCT/nCT7871.jpg,nCT,val
nCT/nCT7872.jpg,nCT,val
nCT/nCT7873.jpg,nCT,val
nCT/nCT7874.jpg,nCT,val
nCT/nCT7875.jpg,nCT,val
nCT/nCT7876.jpg,nCT,val
nCT/nCT7877.jpg,nCT,val
nCT/nCT7878.jpg,nCT,val
nCT/nCT7879.jpg,nCT,val
nCT/nCT7880.jpg,nCT,val
nCT/nCT7881.jpg,nCT,val
nCT/nCT7882.jpg,nCT,val
nCT/nCT7883.jpg,nCT,val
nCT/nCT7884.jpg,nCT,val
nCT/nCT7885.jpg,nCT,val
nCT/nCT7886.jpg,nCT,val
nCT/nCT7887.jpg,nCT,val
nCT/nCT7888.jpg,nCT,val
nCT/nCT7889.jpg,nCT,val
nCT/nCT7890.jpg,nCT,val
nCT/nCT7891.jpg,nCT,val
nCT/nCT7892.jpg,nCT,val
nCT/nCT7893.jpg,nCT,val
nCT/nCT7894.jpg,nCT,val
nCT/nCT7895.jpg,nCT,val
nCT/nCT7896.jpg,nCT,val
nCT/nCT7897.jpg,nCT,val
nCT/nCT7898.jpg,nCT,val
nCT/nCT7899.jpg,nCT,val
nCT/nCT7900.jpg,nCT,val
nCT/nCT7901.jpg,nCT,val
nCT/nCT7902.jpg,nCT,val
nCT/nCT7903.jpg,nCT,val
nCT/nCT7904.jpg,nCT,val
nCT/nCT7905.jpg,nCT,val
nCT/nCT7906.jpg,nCT,val
nCT/nCT7907.jpg,nCT,val
nCT/nCT7908.jpg,nCT,val
nCT/nCT7909.jpg,nCT,val
nCT/nCT7910.jpg,nCT,val
nCT/nCT7911.jpg,nCT,val
nCT/nCT7912.jpg,nCT,val
nCT/nCT7913.jpg,nCT,val
nCT/nCT7914.jpg,nCT,val
nCT/nCT7915.jpg,nCT,val
nCT/nCT7916.jpg,nCT,val
nCT/nCT7917.jpg,nCT,val
nCT/nCT7918.jpg,nCT,val
nCT/nCT7919.jpg,nCT,val
nCT/nCT7920.jpg,nCT,val
nCT/nCT7921.jpg,nCT,val
nCT/nCT7922.jpg,nCT,val
nCT/nCT7923.jpg,nCT,val
nCT/nCT7924.jpg,nCT,val
nCT/nCT7925.jpg,nCT,val
nCT/nCT7926.jpg,nCT,val
nCT/nCT7927.jpg,nCT,val
nCT/nCT7928.jpg,nCT,val
nCT/nCT7929.jpg,nCT,val
nCT/nCT7930.jpg,nCT,val
nCT/nCT7931.jpg,nCT,val
nCT/nCT7932.jpg,nCT,val
nCT/nCT7933.jpg,nCT,val
nCT/nCT7934.jpg,nCT,val
nCT/nCT7935.jpg,nCT,val
nCT/nCT7936.jpg,nCT,val
nCT/nCT7937.jpg,nCT,val
nCT/nCT7938.jpg,nCT,val
nCT/nCT7939.jpg,nCT,val
nCT/nCT7940.jpg,nCT,val
nCT/nCT7941.jpg,nCT,val
nCT/nCT7942.jpg,nCT,val
nCT/nCT7943.jpg,nCT,val
nCT/nCT7944.jpg,nCT,val
nCT/nCT7945.jpg,nCT,val
nCT/nCT7946.jpg,nCT,val
nCT/nCT7947.jpg,nCT,val
nCT/nCT7948.jpg,nCT,val
nCT/nCT7949.jpg,nCT,val
nCT/nCT7950.jpg,nCT,val
nCT/nCT7951.jpg,nCT,val
nCT/nCT7952.jpg,nCT,val
nCT/nCT7953.jpg,nCT,val
nCT/nCT7954.jpg,nCT,val
nCT/nCT7955.jpg,nCT,val
nCT/nCT7956.jpg,nCT,val
nCT/nCT7957.jpg,nCT,val
nCT/nCT7958.jpg,nCT,val
nCT/nCT7959.jpg,nCT,val
nCT/nCT7960.jpg,nCT,val
nCT/nCT7961.jpg,nCT,val
nCT/nCT7962.jpg,nCT,val
nCT/nCT7963.jpg,nCT,val
nCT/nCT7964.jpg,nCT,val
nCT/nCT7965.jpg,nCT,val
nCT/nCT7966.jpg,nCT,val
nCT/nCT7967.jpg,nCT,val
nCT/nCT7968.jpg,nCT,val
nCT/nCT7969.jpg,nCT,val
nCT/nCT7970.jpg,nCT,val
nCT/nCT7971.jpg,nCT,val
nCT/nCT7972.jpg,nCT,val
nCT/nCT7973.jpg,nCT,val
nCT/nCT7974.jpg,nCT,val
nCT/nCT7975.jpg,nCT,val
nCT/nCT7976.jpg,nCT,val
nCT/nCT7977.jpg,nCT,val
nCT/nCT7978.jpg,nCT,val
nCT/nCT7979.jpg,nCT,val
nCT/nCT7980.jpg,nCT,val
nCT/nCT7981.jpg,nCT,val
nCT/nCT7982.jpg,nCT,val
nCT/nCT7983.jpg,nCT,val
nCT/nCT7984.jpg,nCT,val
nCT/nCT7985.jpg,nCT,val
nCT/nCT7986.jpg,nCT,val
nCT/nCT7987.jpg,nCT,val
nCT/nCT7988.jpg,nCT,val
nCT/nCT7989.jpg,nCT,val
nCT/nCT7990.jpg,nCT,val
nCT/nCT7991.jpg,nCT,val
nCT/nCT7992.jpg,nCT,val
nCT/nCT7993.jpg,nCT,val
nCT/nCT7994.jpg,nCT,val
nCT/nCT7995.jpg,nCT,val
nCT/nCT7996.jpg,nCT,val
nCT/nCT7997.jpg,nCT,val
nCT/nCT7998.jpg,nCT,val
nCT/nCT7999.jpg,nCT,val
nCT/nCT8000.jpg,nCT,val
nCT/nCT8001.jpg,nCT,val
nCT/nCT8002.jpg,nCT,val
nCT/nCT8003.jpg,nCT,val
nCT/nCT8004.jpg,nCT,val
nCT/nCT8005.jpg,nCT,val
nCT/nCT8006.jpg,nCT,val
nCT/nCT8007.jpg,nCT,val
nCT/nCT8008.jpg,nCT,val
nCT/nCT8009.jpg,nCT,val
nCT/nCT8010.jpg,nCT,val
nCT/nCT8011.jpg,nCT,val
nCT/nCT8012.jpg,nCT,val
nCT/nCT8013.jpg,nCT,val
nCT/nCT8014.jpg,nCT,val
nCT/nCT8015.jpg,nCT,val
nCT/nCT8016.jpg,nCT,val
nCT/nCT8017.jpg,nCT,val
nCT/nCT8018.jpg,nCT,val
nCT/nCT8019.jpg,nCT,val
nCT/nCT8020.jpg,nCT,val
nCT/nCT8021.jpg,nCT,val
nCT/nCT8022.jpg,nCT,val
nCT/nCT8023.jpg,nCT,val
nCT/nCT8024.jpg,nCT,val
nCT/nCT8025.jpg,nCT,val
nCT/nCT8026.jpg,nCT,val
nCT/nCT8027.jpg,nCT,val
nCT/nCT8028.jpg,nCT,val
nCT/nCT8029.jpg,nCT,val
nCT/nCT8030.jpg,nCT,val
nCT/nCT8031.jpg,nCT,val
nCT/nCT8032.jpg,nCT,val
nCT/nCT8033.jpg,nCT,val
nCT/nCT8034.jpg,nCT,val
nCT/nCT8035.jpg,nCT,val
nCT/nCT8036.jpg,nCT,val
nCT/nCT8037.jpg,nCT,val
nCT/nCT8038.jpg,nCT,val
nCT/nCT8039.jpg,nCT,val
nCT/nCT8040.jpg,nCT,val
nCT/nCT8041.jpg,nCT,val
nCT/nCT8042.jpg,nCT,val
nCT/nCT8043.jpg,nCT,val
nCT/nCT8044.jpg,nCT,val
nCT/nCT8045.jpg,nCT,val
nCT/nCT8046.jpg,nCT,val
nCT/nCT8047.jpg,nCT,val
nCT/nCT8048.jpg,nCT,val
nCT/nCT8049.jpg,nCT,val
nCT/nCT8050.jpg,nCT,val
nCT/nCT8051.jpg,nCT,val
nCT/nCT8052.jpg,nCT,val
nCT/nCT8053.jpg,nCT,val
nCT/nCT8054.jpg,nCT,val
nCT/nCT8055.jpg,nCT,val
nCT/nCT8056.jpg,nCT,val
nCT/nCT8057.jpg,nCT,val
nCT/nCT8058.jpg,nCT,val
nCT/nCT8059.jpg,nCT,val
nCT/nCT8060.jpg,nCT,val
nCT/nCT8061.jpg,nCT,val
nCT/nCT8062.jpg,nCT,val
nCT/nCT8063.jpg,nCT,val
nCT/nCT8064.jpg,nCT,val
nCT/nCT8065.jpg,nCT,val
nCT/nCT8066.jpg,nCT,val
nCT/nCT8067.jpg,nCT,val
nCT/nCT8068.jpg,nCT,val
nCT/nCT8069.jpg,nCT,val
nCT/nCT8070.jpg,nCT,val
nCT/nCT8071.jpg,nCT,val
nCT/nCT8072.jpg,nCT,val
nCT/nCT8073.jpg,nCT,val
nCT/nCT8074.jpg,nCT,val
nCT/nCT8075.jpg,nCT,val
nCT/nCT8076.jpg,nCT,val
nCT/nCT8077.jpg,nCT,val
nCT/nCT8078.jpg,nCT,val
nCT/nCT8079.jpg,nCT,val
nCT/nCT8080.jpg,nCT,val
nCT/nCT8081.jpg,nCT,val
nCT/nCT8082.jpg,nCT,val
nCT/nCT8083.jpg,nCT,val
nCT/nCT8084.jpg,nCT,val
nCT/nCT8085.jpg,nCT,val
nCT/nCT8086.jpg,nCT,val
nCT/nCT8087.jpg,nCT,val
nCT/nCT8088.jpg,nCT,val
nCT/nCT8089.jpg,nCT,val
nCT/nCT8090.jpg,nCT,val
nCT/nCT8091.jpg,nCT,val
nCT/nCT8092.jpg,nCT,val
nCT/nCT8093.jpg,nCT,val
nCT/nCT8094.jpg,nCT,val
nCT/nCT8095.jpg,nCT,val
nCT/nCT8096.jpg,nCT,val
nCT/nCT8097.jpg,nCT,val
nCT/nCT8098.jpg,nCT,val
nCT/nCT8099.jpg,nCT,val
nCT/nCT8100.jpg,nCT,val
nCT/nCT8101.jpg,nCT,val
nCT/nCT8102.jpg,nCT,val
nCT/nCT8103.jpg,nCT,val
nCT/nCT8104.jpg,nCT,val
nCT/nCT8105.jpg,nCT,val
nCT/nCT8106.jpg,nCT,val
nCT/nCT8107.jpg,nCT,val
nCT/nCT8108.jpg,nCT,val
nCT/nCT8109.jpg,nCT,val
nCT/nCT8110.jpg,nCT,val
nCT/nCT8111.jpg,nCT,val
nCT/nCT8112.jpg,nCT,val
nCT/nCT8113.jpg,nCT,val
nCT/nCT8114.jpg,nCT,val
nCT/nCT8115.jpg,nCT,val
nCT/nCT8116.jpg,nCT,val
nCT/nCT8117.jpg,nCT,val
nCT/nCT8118.jpg,nCT,val
nCT/nCT8119.jpg,nCT,val
nCT/nCT8120.jpg,nCT,val
nCT/nCT8121.jpg,nCT,val
nCT/nCT8122.jpg,nCT,val
nCT/nCT8123.jpg,nCT,val
nCT/nCT8124.jpg,nCT,val
nCT/nCT8125.jpg,nCT,val
nCT/nCT8126.jpg,nCT,val
nCT/nCT8127.jpg,nCT,val
nCT/nCT8128.jpg,nCT,val
nCT/nCT8129.jpg,nCT,val
nCT/nCT8130.jpg,nCT,val
nCT/nCT8131.jpg,nCT,val
nCT/nCT8132.jpg,nCT,val
nCT/nCT8133.jpg,nCT,val
nCT/nCT8134.jpg,nCT,val
nCT/nCT8135.jpg,nCT,val
nCT/nCT8136.jpg,nCT,val
nCT/nCT8137.jpg,nCT,val
nCT/nCT8138.jpg,nCT,val
nCT/nCT8139.jpg,nCT,val
nCT/nCT8140.jpg,nCT,val
nCT/nCT8141.jpg,nCT,val
nCT/nCT8142.jpg,nCT,val
nCT/nCT8143.jpg,nCT,val
nCT/nCT8144.jpg,nCT,val
nCT/nCT8145.jpg,nCT,val
nCT/nCT8146.jpg,nCT,val
nCT/nCT8147.jpg,nCT,val
nCT/nCT8148.jpg,nCT,val
nCT/nCT8149.jpg,nCT,val
nCT/nCT8150.jpg,nCT,val
nCT/nCT8151.jpg,nCT,val
nCT/nCT8152.jpg,nCT,val
nCT/nCT8153.jpg,nCT,val
nCT/nCT8154.jpg,nCT,val
nCT/nCT8155.jpg,nCT,val
nCT/nCT8156.jpg,nCT,val
nCT/nCT8157.jpg,nCT,val
nCT/nCT8158.jpg,nCT,val
nCT/nCT8159.jpg,nCT,val
nCT/nCT8160.jpg,nCT,val
nCT/nCT8161.jpg,nCT,val
nCT/nCT8162.jpg,nCT,val
nCT/nCT8163.jpg,nCT,val
nCT/nCT8164.jpg,nCT,val
nCT/nCT8165.jpg,nCT,val
nCT/nCT8166.jpg,nCT,val
nCT/nCT8167.jpg,nCT,val
nCT/nCT8168.jpg,nCT,val
nCT/nCT8169.jpg,nCT,val
nCT/nCT8170.jpg,nCT,val
nCT/nCT8171.jpg,nCT,val
nCT/nCT8172.jpg,nCT,val
nCT/nCT8173.jpg,nCT,val
nCT/nCT8174.jpg,nCT,val
nCT/nCT8175.jpg,nCT,val
nCT/nCT8176.jpg,nCT,val
nCT/nCT8177.jpg,nCT,val
nCT/nCT8178.jpg,nCT,val
nCT/nCT8179.jpg,nCT,val
nCT/nCT8180.jpg,nCT,val
nCT/nCT8181.jpg,nCT,val
nCT/nCT8182.jpg,nCT,val
nCT/nCT8183.jpg,nCT,val
nCT/nCT8184.jpg,nCT,val
nCT/nCT8185.jpg,nCT,val
nCT/nCT8186.jpg,nCT,val
nCT/nCT8187.jpg,nCT,val
nCT/nCT8188.jpg,nCT,val
nCT/nCT8189.jpg,nCT,val
nCT/nCT8190.jpg,nCT,val
nCT/nCT8191.jpg,nCT,val
nCT/nCT8192.jpg,nCT,val
nCT/nCT8193.jpg,nCT,val
nCT/nCT8194.jpg,nCT,val
nCT/nCT8195.jpg,nCT,val
nCT/nCT8196.jpg,nCT,val
nCT/nCT8197.jpg,nCT,val
nCT/nCT8198.jpg,nCT,val
nCT/nCT8199.jpg,nCT,val
nCT/nCT8200.jpg,nCT,val
nCT/nCT8201.jpg,nCT,val
nCT/nCT8202.jpg,nCT,val
nCT/nCT8203.jpg,nCT,val
nCT/nCT8204.jpg,nCT,val
nCT/nCT8205.jpg,nCT,val
nCT/nCT8206.jpg,nCT,val
nCT/nCT8207.jpg,nCT,val
nCT/nCT8208.jpg,nCT,val
nCT/nCT8209.jpg,nCT,val
nCT/nCT8210.jpg,nCT,val
nCT/nCT8211.jpg,nCT,val
nCT/nCT8212.jpg,nCT,val
nCT/nCT8213.jpg,nCT,val
nCT/nCT8214.jpg,nCT,val
nCT/nCT8215.jpg,nCT,val
nCT/nCT8216.jpg,nCT,val
nCT/nCT8217.jpg,nCT,val
nCT/nCT8218.jpg,nCT,val
nCT/nCT8219.jpg,nCT,val
nCT/nCT8220.jpg,nCT,val
nCT/nCT8221.jpg,nCT,val
nCT/nCT8222.jpg,nCT,val
nCT/nCT8223.jpg,nCT,val
nCT/nCT8224.jpg,nCT,val
nCT/nCT8225.jpg,nCT,val
nCT/nCT8226.jpg,nCT,val
nCT/nCT8227.jpg,nCT,val
nCT/nCT8228.jpg,nCT,val
nCT/nCT8229.jpg,nCT,val
nCT/nCT8230.jpg,nCT,val
nCT/nCT8231.jpg,nCT,val
nCT/nCT8232.jpg,nCT,val
nCT/nCT8233.jpg,nCT,val
nCT/nCT8234.jpg,nCT,val
nCT/nCT8235.jpg,nCT,val
nCT/nCT8236.jpg,nCT,val
nCT/nCT8237.jpg,nCT,val
nCT/nCT8238.jpg,nCT,val
nCT/nCT8239.jpg,nCT,val
nCT/nCT8240.jpg,nCT,val
nCT/nCT8241.jpg,nCT,val
nCT/nCT8242.jpg,nCT,val
nCT/nCT8243.jpg,nCT,val
nCT/nCT8244.jpg,nCT,val
nCT/nCT8245.jpg,nCT,val
nCT/nCT8246.jpg,nCT,val
nCT/nCT8247.jpg,nCT,val
nCT/nCT8248.jpg,nCT,val
nCT/nCT8249.jpg,nCT,val
nCT/nCT8250.jpg,nCT,val
nCT/nCT8251.jpg,nCT,val
nCT/nCT8252.jpg,nCT,val
nCT/nCT8253.jpg,nCT,val
nCT/nCT8254.jpg,nCT,val
nCT/nCT8255.jpg,nCT,val
nCT/nCT8256.jpg,nCT,val
nCT/nCT8257.jpg,nCT,val
nCT/nCT8258.jpg,nCT,val
nCT/nCT8259.jpg,nCT,val
nCT/nCT8260.jpg,nCT,val
nCT/nCT8261.jpg,nCT,val
nCT/nCT8262.jpg,nCT,val
nCT/nCT8263.jpg,nCT,val
nCT/nCT8264.jpg,nCT,val
nCT/nCT8265.jpg,nCT,val
nCT/nCT8266.jpg,nCT,val
nCT/nCT8267.jpg,nCT,val
nCT/nCT8268.jpg,nCT,val
nCT/nCT8269.jpg,nCT,val
nCT/nCT8270.jpg,nCT,val
nCT/nCT8271.jpg,nCT,val
nCT/nCT8272.jpg,nCT,val
nCT/nCT8273.jpg,nCT,val
nCT/nCT8274.jpg,nCT,val
nCT/nCT8275.jpg,nCT,val
nCT/nCT8276.jpg,nCT,val
nCT/nCT8277.jpg,nCT,val
nCT/nCT8278.jpg,nCT,val
nCT/nCT8279.jpg,nCT,val
nCT/nCT8280.jpg,nCT,val
nCT/nCT8281.jpg,nCT,val
nCT/nCT8282.jpg,nCT,val
nCT/nCT8283.jpg,nCT,val
nCT/nCT8284.jpg,nCT,val
nCT/nCT8285.jpg,nCT,val
nCT/nCT8286.jpg,nCT,val
nCT/nCT8287.jpg,nCT,val
nCT/nCT8288.jpg,nCT,val
nCT/nCT8289.jpg,nCT,val
nCT/nCT8290.jpg,nCT,val
nCT/nCT8291.jpg,nCT,val
nCT/nCT8292.jpg,nCT,val
nCT/nCT8293.jpg,nCT,val
nCT/nCT8294.jpg,nCT,val
nCT/nCT8295.jpg,nCT,val
nCT/nCT8296.jpg,nCT,val
nCT/nCT8297.jpg,nCT,val
nCT/nCT8298.jpg,nCT,val
nCT/nCT8299.jpg,nCT,val
nCT/nCT8300.jpg,nCT,val
nCT/nCT8301.jpg,nCT,val
nCT/nCT8302.jpg,nCT,val
nCT/nCT8303.jpg,nCT,val
nCT/nCT8304.jpg,nCT,val
nCT/nCT8305.jpg,nCT,val
nCT/nCT8306.jpg,nCT,val
nCT/nCT8307.jpg,nCT,val
nCT/nCT8308.jpg,nCT,val
nCT/nCT8309.jpg,nCT,val
nCT/nCT8310.jpg,nCT,val
nCT/nCT8311.jpg,nCT,val
nCT/nCT8312.jpg,nCT,val
nCT/nCT8313.jpg,nCT,val
nCT/nCT8314.jpg,nCT,val
nCT/nCT8315.jpg,nCT,val
nCT/nCT8316.jpg,nCT,val
nCT/nCT8317.jpg,nCT,val
nCT/nCT8318.jpg,nCT,val
nCT/nCT8319.jpg,nCT,val
nCT/nCT8320.jpg,nCT,val
nCT/nCT8321.jpg,nCT,val
nCT/nCT8322.jpg,nCT,val
nCT/nCT8323.jpg,nCT,val
nCT/nCT8324.jpg,nCT,val
nCT/nCT8325.jpg,nCT,val
nCT/nCT8326.jpg,nCT,val
nCT/nCT8327.jpg,nCT,val
nCT/nCT8328.jpg,nCT,val
nCT/nCT8329.jpg,nCT,val
nCT/nCT8330.jpg,nCT,val
nCT/nCT8331.jpg,nCT,val
nCT/nCT8332.jpg,nCT,val
nCT/nCT8333.jpg,nCT,val
nCT/nCT8334.jpg,nCT,val
nCT/nCT8335.jpg,nCT,val
nCT/nCT8336.jpg,nCT,val
nCT/nCT8337.jpg,nCT,val
nCT/nCT8338.jpg,nCT,val
nCT/nCT8339.jpg,nCT,val
nCT/nCT8340.jpg,nCT,val
nCT/nCT8341.jpg,nCT,val
nCT/nCT8342.jpg,nCT,val
nCT/nCT8343.jpg,nCT,val
nCT/nCT8344.jpg,nCT,val
nCT/nCT8345.jpg,nCT,val
nCT/nCT8346.jpg,nCT,val
nCT/nCT8347.jpg,nCT,val
nCT/nCT8348.jpg,nCT,val
nCT/nCT8349.jpg,nCT,val
nCT/nCT8350.jpg,nCT,val
nCT/nCT8351.jpg,nCT,val
nCT/nCT8352.jpg,nCT,val
nCT/nCT8353.jpg,nCT,val
nCT/nCT8354.jpg,nCT,val
nCT/nCT8355.jpg,nCT,val
nCT/nCT8356.jpg,nCT,val
nCT/nCT8357.jpg,nCT,val
nCT/nCT8358.jpg,nCT,val
nCT/nCT8359.jpg,nCT,val
nCT/nCT8360.jpg,nCT,val
nCT/nCT8361.jpg,nCT,val
nCT/nCT8362.jpg,nCT,val
nCT/nCT8363.jpg,nCT,val
nCT/nCT8364.jpg,nCT,val
nCT/nCT8365.jpg,nCT,val
nCT/nCT8366.jpg,nCT,val
nCT/nCT8367.jpg,nCT,val
nCT/nCT8368.jpg,nCT,val
nCT/nCT8369.jpg,nCT,val
nCT/nCT8370.jpg,nCT,val
nCT/nCT8371.jpg,nCT,val
nCT/nCT8372.jpg,nCT,val
nCT/nCT8373.jpg,nCT,val
nCT/nCT8374.jpg,nCT,val
nCT/nCT8375.jpg,nCT,val
nCT/nCT8376.jpg,nCT,val
nCT/nCT8377.jpg,nCT,val
nCT/nCT8378.jpg,nCT,val
nCT/nCT8379.jpg,nCT,val
nCT/nCT8380.jpg,nCT,val
nCT/nCT8381.jpg,nCT,val
nCT/nCT8382.jpg,nCT,val
nCT/nCT8383.jpg,nCT,val
nCT/nCT8384.jpg,nCT,val
nCT/nCT8385.jpg,nCT,val
nCT/nCT8386.jpg,nCT,val
nCT/nCT8387.jpg,nCT,val
nCT/nCT8388.jpg,nCT,val
nCT/nCT8389.jpg,nCT,val
nCT/nCT8390.jpg,nCT,val
nCT/nCT8391.jpg,nCT,val
nCT/nCT8392.jpg,nCT,val
nCT/nCT8393.jpg,nCT,val
nCT/nCT8394.jpg,nCT,val
nCT/nCT8395.jpg,nCT,val
nCT/nCT8396.jpg,nCT,val
nCT/nCT8397.jpg,nCT,val
nCT/nCT8398.jpg,nCT,val
nCT/nCT8399.jpg,nCT,val
nCT/nCT8400.jpg,nCT,val
nCT/nCT8401.jpg,nCT,val
nCT/nCT8402.jpg,nCT,val
nCT/nCT8403.jpg,nCT,val
nCT/nCT8404.jpg,nCT,val
nCT/nCT8405.jpg,nCT,val
nCT/nCT8406.jpg,nCT,val
nCT/nCT8407.jpg,nCT,val
nCT/nCT8408.jpg,nCT,val
nCT/nCT8409.jpg,nCT,val
nCT/nCT8410.jpg,nCT,val
nCT/nCT8411.jpg,nCT,val
nCT/nCT8412.jpg,nCT,val
nCT/nCT8413.jpg,nCT,val
nCT/nCT8414.jpg,nCT,val
nCT/nCT8415.jpg,nCT,val
nCT/nCT8416.jpg,nCT,val
nCT/nCT8417.jpg,nCT,val
nCT/nCT8418.jpg,nCT,val
nCT/nCT8419.jpg,nCT,val
nCT/nCT8420.jpg,nCT,val
nCT/nCT8421.jpg,nCT,val
nCT/nCT8422.jpg,nCT,val
nCT/nCT8423.jpg,nCT,val
nCT/nCT8424.jpg,nCT,val
nCT/nCT8425.jpg,nCT,val
nCT/nCT8426.jpg,nCT,val
nCT/nCT8427.jpg,nCT,val
nCT/nCT8428.jpg,nCT,val
nCT/nCT8429.jpg,nCT,val
nCT/nCT8430.jpg,nCT,val
nCT/nCT8431.jpg,nCT,val
nCT/nCT8432.jpg,nCT,val
nCT/nCT8433.jpg,nCT,val
nCT/nCT8434.jpg,nCT,val
nCT/nCT8435.jpg,nCT,val
nCT/nCT8436.jpg,nCT,val
nCT/nCT8437.jpg,nCT,val
nCT/nCT8438.jpg,nCT,val
nCT/nCT8439.jpg,nCT,val
nCT/nCT8440.jpg,nCT,val
nCT/nCT8441.jpg,nCT,val
nCT/nCT8442.jpg,nCT,val
nCT/nCT8443.jpg,nCT,val
nCT/nCT8444.jpg,nCT,val
nCT/nCT8445.jpg,nCT,val
nCT/nCT8446.jpg,nCT,val
nCT/nCT8447.jpg,nCT,val
nCT/nCT8448.jpg,nCT,val
nCT/nCT8449.jpg,nCT,val
nCT/nCT8450.jpg,nCT,val
nCT/nCT8451.jpg,nCT,val
nCT/nCT8452.jpg,nCT,val
nCT/nCT8453.jpg,nCT,val
nCT/nCT8454.jpg,nCT,val
nCT/nCT8455.jpg,nCT,val
nCT/nCT8456.jpg,nCT,val
nCT/nCT8457.jpg,nCT,val
nCT/nCT8458.jpg,nCT,val
nCT/nCT8459.jpg,nCT,val
nCT/nCT8460.jpg,nCT,val
nCT/nCT8461.jpg,nCT,val
nCT/nCT8462.jpg,nCT,val
nCT/nCT8463.jpg,nCT,val
nCT/nCT8464.jpg,nCT,val
nCT/nCT8465.jpg,nCT,val
nCT/nCT8466.jpg,nCT,val
nCT/nCT8467.jpg,nCT,val
nCT/nCT8468.jpg,nCT,val
nCT/nCT8469.jpg,nCT,val
nCT/nCT8470.jpg,nCT,val
nCT/nCT8471.jpg,nCT,val
nCT/nCT8472.jpg,nCT,val
nCT/nCT8473.jpg,nCT,val
nCT/nCT8474.jpg,nCT,val
nCT/nCT8475.jpg,nCT,val
nCT/nCT8476.jpg,nCT,val
nCT/nCT8477.jpg,nCT,val
nCT/nCT8478.jpg,nCT,val
nCT/nCT8479.jpg,nCT,val
nCT/nCT8480.jpg,nCT,val
nCT/nCT8481.jpg,nCT,val
nCT/nCT8482.jpg,nCT,val
nCT/nCT8483.jpg,nCT,val
nCT/nCT8484.jpg,nCT,val
nCT/nCT8485.jpg,nCT,val
nCT/nCT8486.jpg,nCT,val
nCT/nCT8487.jpg,nCT,val
nCT/nCT8488.jpg,nCT,val
nCT/nCT8489.jpg,nCT,val
nCT/nCT8490.jpg,nCT,val
nCT/nCT8491.jpg,nCT,val
nCT/nCT8492.jpg,nCT,val
nCT/nCT8493.jpg,nCT,val
nCT/nCT8494.jpg,nCT,val
nCT/nCT8495.jpg,nCT,val
nCT/nCT8496.jpg,nCT,val
nCT/nCT8497.jpg,nCT,val
nCT/nCT8498.jpg,nCT,val
nCT/nCT8499.jpg,nCT,val
nCT/nCT8500.jpg,nCT,val
nCT/nCT8501.jpg,nCT,val
nCT/nCT8502.jpg,nCT,val
nCT/nCT8503.jpg,nCT,val
nCT/nCT8504.jpg,nCT,val
nCT/nCT8505.jpg,nCT,val
nCT/nCT8506.jpg,nCT,val
nCT/nCT8507.jpg,nCT,val
nCT/nCT8508.jpg,nCT,val
nCT/nCT8509.jpg,nCT,val
nCT/nCT8510.jpg,nCT,val
nCT/nCT8511.jpg,nCT,val
nCT/nCT8512.jpg,nCT,val
nCT/nCT8513.jpg,nCT,val
nCT/nCT8514.jpg,nCT,val
nCT/nCT8515.jpg,nCT,val
nCT/nCT8516.jpg,nCT,val
nCT/nCT8517.jpg,nCT,val
nCT/nCT8518.jpg,nCT,val
nCT/nCT8519.jpg,nCT,val
nCT/nCT8520.jpg,nCT,val
nCT/nCT8521.jpg,nCT,val
nCT/nCT8522.jpg,nCT,val
nCT/nCT8523.jpg,nCT,val
nCT/nCT8524.jpg,nCT,val
nCT/nCT8525.jpg,nCT,val
nCT/nCT8526.jpg,nCT,val
nCT/nCT8527.jpg,nCT,val
nCT/nCT8528.jpg,nCT,val
nCT/nCT8529.jpg,nCT,val
nCT/nCT8530.jpg,nCT,val
nCT/nCT8531.jpg,nCT,val
nCT/nCT8532.jpg,nCT,val
nCT/nCT8533.jpg,nCT,val
nCT/nCT8534.jpg,nCT,val
nCT/nCT8535.jpg,nCT,val
nCT/nCT8536.jpg,nCT,val
nCT/nCT8537.jpg,nCT,val
nCT/nCT8538.jpg,nCT,val
nCT/nCT8539.jpg,nCT,val
nCT/nCT8540.jpg,nCT,val
nCT/nCT8541.jpg,nCT,val
nCT/nCT8542.jpg,nCT,val
nCT/nCT8543.jpg,nCT,val
nCT/nCT8544.jpg,nCT,val
nCT/nCT8545.jpg,nCT,val
nCT/nCT8546.jpg,nCT,val
nCT/nCT8547.jpg,nCT,val
nCT/nCT8548.jpg,nCT,val
nCT/nCT8549.jpg,nCT,val
nCT/nCT8550.jpg,nCT,val
nCT/nCT8551.jpg,nCT,val
nCT/nCT8552.jpg,nCT,val
nCT/nCT8553.jpg,nCT,val
nCT/nCT8554.jpg,nCT,val
nCT/nCT8555.jpg,nCT,val
nCT/nCT8556.jpg,nCT,val
nCT/nCT8557.jpg,nCT,val
nCT/nCT8558.jpg,nCT,val
nCT/nCT8559.jpg,nCT,val
nCT/nCT8560.jpg,nCT,val
nCT/nCT8561.jpg,nCT,val
nCT/nCT8562.jpg,nCT,val
nCT/nCT8563.jpg,nCT,val
nCT/nCT8564.jpg,nCT,val
nCT/nCT8565.jpg,nCT,val
nCT/nCT8566.jpg,nCT,val
nCT/nCT8567.jpg,nCT,val
nCT/nCT8568.jpg,nCT,val
nCT/nCT8569.jpg,nCT,val
nCT/nCT8570.jpg,nCT,val
nCT/nCT8571.jpg,nCT,val
nCT/nCT8572.jpg,nCT,val
nCT/nCT8573.jpg,nCT,val
nCT/nCT8574.jpg,nCT,val
nCT/nCT8575.jpg,nCT,val
nCT/nCT8576.jpg,nCT,val
nCT/nCT8577.jpg,nCT,val
nCT/nCT8578.jpg,nCT,val
nCT/nCT8579.jpg,nCT,val
nCT/nCT8580.jpg,nCT,val
nCT/nCT8581.jpg,nCT,val
nCT/nCT8582.jpg,nCT,val
nCT/nCT8583.jpg,nCT,val
nCT/nCT8584.jpg,nCT,val
nCT/nCT8585.jpg,nCT,val
nCT/nCT8586.jpg,nCT,val
nCT/nCT8587.jpg,nCT,val
nCT/nCT8588.jpg,nCT,val
nCT/nCT8589.jpg,nCT,val
nCT/nCT8590.jpg,nCT,val
nCT/nCT8591.jpg,nCT,val
nCT/nCT8592.jpg,nCT,val
nCT/nCT8593.jpg,nCT,val
nCT/nCT8594.jpg,nCT,val
nCT/nCT8595.jpg,nCT,val
nCT/nCT8596.jpg,nCT,val
nCT/nCT8597.jpg,nCT,val
nCT/nCT8598.jpg,nCT,val
nCT/nCT8599.jpg,nCT,val
nCT/nCT8600.jpg,nCT,val
nCT/nCT8601.jpg,nCT,val
nCT/nCT8602.jpg,nCT,val
nCT/nCT8603.jpg,nCT,val
nCT/nCT8604.jpg,nCT,val
nCT/nCT8605.jpg,nCT,val
nCT/nCT8606.jpg,nCT,val
nCT/nCT8607.jpg,nCT,val
nCT/nCT8608.jpg,nCT,val
nCT/nCT8609.jpg,nCT,val
nCT/nCT8610.jpg,nCT,val
nCT/nCT8611.jpg,nCT,val
nCT/nCT8612.jpg,nCT,val
nCT/nCT8613.jpg,nCT,val
nCT/nCT8614.jpg,nCT,val
nCT/nCT8615.jpg,nCT,val
nCT/nCT8616.jpg,nCT,val
nCT/nCT8617.jpg,nCT,val
nCT/nCT8618.jpg,nCT,val
nCT/nCT8619.jpg,nCT,val
nCT/nCT8620.jpg,nCT,val
nCT/nCT8621.jpg,nCT,val
nCT/nCT8622.jpg,nCT,val
nCT/nCT8623.jpg,nCT,val
nCT/nCT8624.jpg,nCT,val
nCT/nCT8625.jpg,nCT,val
nCT/nCT8626.jpg,nCT,val
nCT/nCT8627.jpg,nCT,val
nCT/nCT8628.jpg,nCT,val
nCT/nCT8629.jpg,nCT,val
nCT/nCT8630.jpg,nCT,val
nCT/nCT8631.jpg,nCT,val
nCT/nCT8632.jpg,nCT,val
nCT/nCT8633.jpg,nCT,val
nCT/nCT8634.jpg,nCT,val
nCT/nCT8635.jpg,nCT,val
nCT/nCT8636.jpg,nCT,val
nCT/nCT8637.jpg,nCT,val
nCT/nCT8638.jpg,nCT,val
nCT/nCT8639.jpg,nCT,val
nCT/nCT8640.jpg,nCT,val
nCT/nCT8641.jpg,nCT,val
nCT/nCT8642.jpg,nCT,val
nCT/nCT8643.jpg,nCT,val
nCT/nCT8644.jpg,nCT,val
nCT/nCT8645.jpg,nCT,val
nCT/nCT8646.jpg,nCT,val
nCT/nCT8647.jpg,nCT,val
nCT/nCT8648.jpg,nCT,val
nCT/nCT8649.jpg,nCT,val
nCT/nCT8650.jpg,nCT,val
nCT/nCT8651.jpg,nCT,val
nCT/nCT8652.jpg,nCT,val
nCT/nCT8653.jpg,nCT,val
nCT/nCT8654.jpg,nCT,val
nCT/nCT8655.jpg,nCT,val
nCT/nCT8656.jpg,nCT,val
nCT/nCT8657.jpg,nCT,val
nCT/nCT8658.jpg,nCT,val
nCT/nCT8659.jpg,nCT,val
nCT/nCT8660.jpg,nCT,val
nCT/nCT8661.jpg,nCT,val
nCT/nCT8662.jpg,nCT,val
nCT/nCT8663.jpg,nCT,val
nCT/nCT8664.jpg,nCT,val
nCT/nCT8665.jpg,nCT,val
nCT/nCT8666.jpg,nCT,val
nCT/nCT8667.jpg,nCT,val
nCT/nCT8668.jpg,nCT,val
nCT/nCT8669.jpg,nCT,val
nCT/nCT8670.jpg,nCT,val
nCT/nCT8671.jpg,nCT,val
nCT/nCT8672.jpg,nCT,val
nCT/nCT8673.jpg,nCT,val
nCT/nCT8674.jpg,nCT,val
nCT/nCT8675.jpg,nCT,val
nCT/nCT8676.jpg,nCT,val
nCT/nCT8677.jpg,nCT,val
nCT/nCT8678.jpg,nCT,val
nCT/nCT8679.jpg,nCT,val
nCT/nCT8680.jpg,nCT,val
nCT/nCT8681.jpg,nCT,val
nCT/nCT8682.jpg,nCT,val
nCT/nCT8683.jpg,nCT,val
nCT/nCT8684.jpg,nCT,val
nCT/nCT8685.jpg,nCT,val
nCT/nCT8686.jpg,nCT,val
nCT/nCT8687.jpg,nCT,val
nCT/nCT8688.jpg,nCT,val
nCT/nCT8689.jpg,nCT,val
nCT/nCT8690.jpg,nCT,val
nCT/nCT8691.jpg,nCT,val
nCT/nCT8692.jpg,nCT,val
nCT/nCT8693.jpg,nCT,val
nCT/nCT8694.jpg,nCT,val
nCT/nCT8695.jpg,nCT,val
nCT/nCT8696.jpg,nCT,val
nCT/nCT8697.jpg,nCT,val
nCT/nCT8698.jpg,nCT,val
nCT/nCT8699.jpg,nCT,val
nCT/nCT8700.jpg,nCT,val
nCT/nCT8701.jpg,nCT,val
nCT/nCT8702.jpg,nCT,val
nCT/nCT8703.jpg,nCT,val
nCT/nCT8704.jpg,nCT,val
nCT/nCT8705.jpg,nCT,val
nCT/nCT8706.jpg,nCT,val
nCT/nCT8707.jpg,nCT,val
nCT/nCT8708.jpg,nCT,val
nCT/nCT8709.jpg,nCT,val
nCT/nCT8710.jpg,nCT,val
nCT/nCT8711.jpg,nCT,val
nCT/nCT8712.jpg,nCT,val
nCT/nCT8713.jpg,nCT,val
nCT/nCT8714.jpg,nCT,val
nCT/nCT8715.jpg,nCT,val
nCT/nCT8716.jpg,nCT,val
nCT/nCT8717.jpg,nCT,val
nCT/nCT8718.jpg,nCT,val
nCT/nCT8719.jpg,nCT,val
nCT/nCT8720.jpg,nCT,val
nCT/nCT8721.jpg,nCT,val
nCT/nCT8722.jpg,nCT,val
nCT/nCT8723.jpg,nCT,val
nCT/nCT8724.jpg,nCT,val
nCT/nCT8725.jpg,nCT,val
nCT/nCT8726.jpg,nCT,val
nCT/nCT8727.jpg,nCT,val
nCT/nCT8728.jpg,nCT,val
nCT/nCT8729.jpg,nCT,val
nCT/nCT8730.jpg,nCT,val
nCT/nCT8731.jpg,nCT,val
nCT/nCT8732.jpg,nCT,val
nCT/nCT8733.jpg,nCT,val
nCT/nCT8734.jpg,nCT,val
nCT/nCT8735.jpg,nCT,val
nCT/nCT8736.jpg,nCT,val
nCT/nCT8737.jpg,nCT,val
nCT/nCT8738.jpg,nCT,val
nCT/nCT8739.jpg,nCT,val
nCT/nCT8740.jpg,nCT,val
nCT/nCT8741.jpg,nCT,val
nCT/nCT8742.jpg,nCT,val
nCT/nCT8743.jpg,nCT,val
nCT/nCT8744.jpg,nCT,val
NiCT/NiCT1939.jpg,NiCT,val
NiCT/NiCT1943.jpg,NiCT,val
NiCT/NiCT1944.jpg,NiCT,val
NiCT/NiCT1945.jpg,NiCT,val
NiCT/NiCT1946.jpg,NiCT,val
NiCT/NiCT1947.jpg,NiCT,val
NiCT/NiCT1948.jpg,NiCT,val
NiCT/NiCT1952.jpg,NiCT,val
NiCT/NiCT1953.jpg,NiCT,val
NiCT/NiCT1954.jpg,NiCT,val
NiCT/NiCT1955.jpg,NiCT,val
NiCT/NiCT1956.jpg,NiCT,val
NiCT/NiCT1957.jpg,NiCT,val
NiCT/NiCT1960.jpg,NiCT,val
NiCT/NiCT1961.jpg,NiCT,val
NiCT/NiCT1962.jpg,NiCT,val
NiCT/NiCT1963.jpg,NiCT,val
NiCT/NiCT1964.jpg,NiCT,val
NiCT/NiCT1965.jpg,NiCT,val
NiCT/NiCT1968.jpg,NiCT,val
NiCT/NiCT1969.jpg,NiCT,val
NiCT/NiCT1970.jpg,NiCT,val
NiCT/NiCT1971.jpg,NiCT,val
NiCT/NiCT1972.jpg,NiCT,val
NiCT/NiCT1973.jpg,NiCT,val
NiCT/NiCT1976.jpg,NiCT,val
NiCT/NiCT1977.jpg,NiCT,val
NiCT/NiCT1978.jpg,NiCT,val
NiCT/NiCT1979.jpg,NiCT,val
NiCT/NiCT1980.jpg,NiCT,val
NiCT/NiCT1981.jpg,NiCT,val
NiCT/NiCT1984.jpg,NiCT,val
NiCT/NiCT1985.jpg,NiCT,val
NiCT/NiCT1986.jpg,NiCT,val
NiCT/NiCT1987.jpg,NiCT,val
NiCT/NiCT1988.jpg,NiCT,val
NiCT/NiCT1989.jpg,NiCT,val
NiCT/NiCT1990.jpg,NiCT,val
NiCT/NiCT1993.jpg,NiCT,val
NiCT/NiCT1994.jpg,NiCT,val
NiCT/NiCT1995.jpg,NiCT,val
NiCT/NiCT1996.jpg,NiCT,val
NiCT/NiCT1997.jpg,NiCT,val
NiCT/NiCT1998.jpg,NiCT,val
NiCT/NiCT1999.jpg,NiCT,val
NiCT/NiCT2002.jpg,NiCT,val
NiCT/NiCT2003.jpg,NiCT,val
NiCT/NiCT2004.jpg,NiCT,val
NiCT/NiCT2005.jpg,NiCT,val
NiCT/NiCT2006.jpg,NiCT,val
NiCT/NiCT2007.jpg,NiCT,val
NiCT/NiCT2010.jpg,NiCT,val
NiCT/NiCT2011.jpg,NiCT,val
NiCT/NiCT2012.jpg,NiCT,val
NiCT/NiCT2013.jpg,NiCT,val
NiCT/NiCT2014.jpg,NiCT,val
NiCT/NiCT2015.jpg,NiCT,val
NiCT/NiCT2018.jpg,NiCT,val
NiCT/NiCT2019.jpg,NiCT,val
NiCT/NiCT2020.jpg,NiCT,val
NiCT/NiCT2021.jpg,NiCT,val
NiCT/NiCT2022.jpg,NiCT,val
NiCT/NiCT2023.jpg,NiCT,val
NiCT/NiCT2026.jpg,NiCT,val
NiCT/NiCT2027.jpg,NiCT,val
NiCT/NiCT2028.jpg,NiCT,val
NiCT/NiCT2029.jpg,NiCT,val
NiCT/NiCT2030.jpg,NiCT,val
NiCT/NiCT2031.jpg,NiCT,val
NiCT/NiCT2034.jpg,NiCT,val
NiCT/NiCT2035.jpg,NiCT,val
NiCT/NiCT2036.jpg,NiCT,val
NiCT/NiCT2037.jpg,NiCT,val
NiCT/NiCT2038.jpg,NiCT,val
NiCT/NiCT2039.jpg,NiCT,val
NiCT/NiCT2042.jpg,NiCT,val
NiCT/NiCT2043.jpg,NiCT,val
NiCT/NiCT2044.jpg,NiCT,val
NiCT/NiCT2045.jpg,NiCT,val
NiCT/NiCT2046.jpg,NiCT,val
NiCT/NiCT2047.jpg,NiCT,val
NiCT/NiCT2050.jpg,NiCT,val
NiCT/NiCT2051.jpg,NiCT,val
NiCT/NiCT2052.jpg,NiCT,val
NiCT/NiCT2053.jpg,NiCT,val
NiCT/NiCT2054.jpg,NiCT,val
NiCT/NiCT2055.jpg,NiCT,val
NiCT/NiCT2058.jpg,NiCT,val
NiCT/NiCT2059.jpg,NiCT,val
NiCT/NiCT2060.jpg,NiCT,val
NiCT/NiCT2061.jpg,NiCT,val
NiCT/NiCT2062.jpg,NiCT,val
NiCT/NiCT2063.jpg,NiCT,val
NiCT/NiCT2066.jpg,NiCT,val
NiCT/NiCT2067.jpg,NiCT,val
NiCT/NiCT2068.jpg,NiCT,val
NiCT/NiCT2069.jpg,NiCT,val
NiCT/NiCT2070.jpg,NiCT,val
NiCT/NiCT2071.jpg,NiCT,val
NiCT/NiCT2074.jpg,NiCT,val
NiCT/NiCT2075.jpg,NiCT,val
NiCT/NiCT2076.jpg,NiCT,val
NiCT/NiCT2077.jpg,NiCT,val
NiCT/NiCT2078.jpg,NiCT,val
NiCT/NiCT2079.jpg,NiCT,val
NiCT/NiCT2082.jpg,NiCT,val
NiCT/NiCT2083.jpg,NiCT,val
NiCT/NiCT2084.jpg,NiCT,val
NiCT/NiCT2085.jpg,NiCT,val
NiCT/NiCT2086.jpg,NiCT,val
NiCT/NiCT2087.jpg,NiCT,val
NiCT/NiCT2090.jpg,NiCT,val
NiCT/NiCT2091.jpg,NiCT,val
NiCT/NiCT2092.jpg,NiCT,val
NiCT/NiCT2093.jpg,NiCT,val
NiCT/NiCT2094.jpg,NiCT,val
NiCT/NiCT2095.jpg,NiCT,val
NiCT/NiCT2098.jpg,NiCT,val
NiCT/NiCT2099.jpg,NiCT,val
NiCT/NiCT2100.jpg,NiCT,val
NiCT/NiCT2101.jpg,NiCT,val
NiCT/NiCT2102.jpg,NiCT,val
NiCT/NiCT2105.jpg,NiCT,val
NiCT/NiCT2106.jpg,NiCT,val
NiCT/NiCT4244.jpg,NiCT,val
NiCT/NiCT4245.jpg,NiCT,val
NiCT/NiCT4246.jpg,NiCT,val
NiCT/NiCT4247.jpg,NiCT,val
NiCT/NiCT4248.jpg,NiCT,val
NiCT/NiCT4249.jpg,NiCT,val
NiCT/NiCT4250.jpg,NiCT,val
NiCT/NiCT4251.jpg,NiCT,val
NiCT/NiCT4252.jpg,NiCT,val
NiCT/NiCT4253.jpg,NiCT,val
NiCT/NiCT4254.jpg,NiCT,val
NiCT/NiCT4255.jpg,NiCT,val
NiCT/NiCT4256.jpg,NiCT,val
NiCT/NiCT4257.jpg,NiCT,val
NiCT/NiCT4258.jpg,NiCT,val
NiCT/NiCT4259.jpg,NiCT,val
NiCT/NiCT4260.jpg,NiCT,val
NiCT/NiCT4261.jpg,NiCT,val
NiCT/NiCT4262.jpg,NiCT,val
NiCT/NiCT4263.jpg,NiCT,val
NiCT/NiCT4264.jpg,NiCT,val
NiCT/NiCT4265.jpg,NiCT,val
NiCT/NiCT4266.jpg,NiCT,val
NiCT/NiCT4267.jpg,NiCT,val
NiCT/NiCT4268.jpg,NiCT,val
NiCT/NiCT4269.jpg,NiCT,val
NiCT/NiCT4270.jpg,NiCT,val
NiCT/NiCT4271.jpg,NiCT,val
NiCT/NiCT4272.jpg,NiCT,val
NiCT/NiCT4273.jpg,NiCT,val
NiCT/NiCT4274.jpg,NiCT,val
NiCT/NiCT4275.jpg,NiCT,val
NiCT/NiCT4276.jpg,NiCT,val
NiCT/NiCT4277.jpg,NiCT,val
NiCT/NiCT4278.jpg,NiCT,val
NiCT/NiCT4279.jpg,NiCT,val
NiCT/NiCT4280.jpg,NiCT,val
NiCT/NiCT4281.jpg,NiCT,val
NiCT/NiCT4282.jpg,NiCT,val
NiCT/NiCT4283.jpg,NiCT,val
NiCT/NiCT4284.jpg,NiCT,val
NiCT/NiCT4285.jpg,NiCT,val
NiCT/NiCT4286.jpg,NiCT,val
NiCT/NiCT4287.jpg,NiCT,val
NiCT/NiCT4288.jpg,NiCT,val
NiCT/NiCT4289.jpg,NiCT,val
NiCT/NiCT4290.jpg,NiCT,val
NiCT/NiCT4291.jpg,NiCT,val
NiCT/NiCT4292.jpg,NiCT,val
NiCT/NiCT4293.jpg,NiCT,val
NiCT/NiCT4294.jpg,NiCT,val
NiCT/NiCT4295.jpg,NiCT,val
NiCT/NiCT4296.jpg,NiCT,val
NiCT/NiCT4297.jpg,NiCT,val
NiCT/NiCT4298.jpg,NiCT,val
NiCT/NiCT4299.jpg,NiCT,val
NiCT/NiCT4300.jpg,NiCT,val
NiCT/NiCT4301.jpg,NiCT,val
NiCT/NiCT4302.jpg,NiCT,val
NiCT/NiCT4303.jpg,NiCT,val
NiCT/NiCT4304.jpg,NiCT,val
NiCT/NiCT4305.jpg,NiCT,val
NiCT/NiCT4306.jpg,NiCT,val
NiCT/NiCT4307.jpg,NiCT,val
NiCT/NiCT4308.jpg,NiCT,val
NiCT/NiCT4309.jpg,NiCT,val
NiCT/NiCT4310.jpg,NiCT,val
NiCT/NiCT4311.jpg,NiCT,val
NiCT/NiCT4312.jpg,NiCT,val
NiCT/NiCT4313.jpg,NiCT,val
NiCT/NiCT4314.jpg,NiCT,val
NiCT/NiCT4315.jpg,NiCT,val
NiCT/NiCT4316.jpg,NiCT,val
NiCT/NiCT4317.jpg,NiCT,val
NiCT/NiCT4318.jpg,NiCT,val
NiCT/NiCT4319.jpg,NiCT,val
NiCT/NiCT4320.jpg,NiCT,val
NiCT/NiCT4321.jpg,NiCT,val
NiCT/NiCT4322.jpg,NiCT,val
NiCT/NiCT4323.jpg,NiCT,val
NiCT/NiCT4324.jpg,NiCT,val
NiCT/NiCT4325.jpg,NiCT,val
NiCT/NiCT4326.jpg,NiCT,val
NiCT/NiCT4327.jpg,NiCT,val
NiCT/NiCT4328.jpg,NiCT,val
NiCT/NiCT4329.jpg,NiCT,val
NiCT/NiCT4330.jpg,NiCT,val
NiCT/NiCT4331.jpg,NiCT,val
NiCT/NiCT4332.jpg,NiCT,val
NiCT/NiCT4333.jpg,NiCT,val
NiCT/NiCT4334.jpg,NiCT,val
NiCT/NiCT4335.jpg,NiCT,val
NiCT/NiCT4336.jpg,NiCT,val
NiCT/NiCT4337.jpg,NiCT,val
NiCT/NiCT4338.jpg,NiCT,val
NiCT/NiCT4339.jpg,NiCT,val
NiCT/NiCT4340.jpg,NiCT,val
NiCT/NiCT4341.jpg,NiCT,val
NiCT/NiCT4342.jpg,NiCT,val
NiCT/NiCT4343.jpg,NiCT,val
NiCT/NiCT4344.jpg,NiCT,val
NiCT/NiCT4345.jpg,NiCT,val
NiCT/NiCT4346.jpg,NiCT,val
NiCT/NiCT4347.jpg,NiCT,val
NiCT/NiCT4348.jpg,NiCT,val
NiCT/NiCT4349.jpg,NiCT,val
NiCT/NiCT4350.jpg,NiCT,val
NiCT/NiCT4351.jpg,NiCT,val
NiCT/NiCT4352.jpg,NiCT,val
NiCT/NiCT4353.jpg,NiCT,val
NiCT/NiCT4354.jpg,NiCT,val
NiCT/NiCT4355.jpg,NiCT,val
NiCT/NiCT4356.jpg,NiCT,val
NiCT/NiCT4357.jpg,NiCT,val
NiCT/NiCT4358.jpg,NiCT,val
NiCT/NiCT4359.jpg,NiCT,val
NiCT/NiCT4360.jpg,NiCT,val
NiCT/NiCT4361.jpg,NiCT,val
NiCT/NiCT4362.jpg,NiCT,val
NiCT/NiCT4363.jpg,NiCT,val
NiCT/NiCT4364.jpg,NiCT,val
NiCT/NiCT4365.jpg,NiCT,val
NiCT/NiCT4366.jpg,NiCT,val
NiCT/NiCT4367.jpg,NiCT,val
NiCT/NiCT4368.jpg,NiCT,val
NiCT/NiCT4369.jpg,NiCT,val
NiCT/NiCT4370.jpg,NiCT,val
NiCT/NiCT4371.jpg,NiCT,val
NiCT/NiCT4372.jpg,NiCT,val
NiCT/NiCT4373.jpg,NiCT,val
NiCT/NiCT4374.jpg,NiCT,val
NiCT/NiCT4375.jpg,NiCT,val
NiCT/NiCT4376.jpg,NiCT,val
NiCT/NiCT4377.jpg,NiCT,val
NiCT/NiCT4378.jpg,NiCT,val
NiCT/NiCT4379.jpg,NiCT,val
NiCT/NiCT4380.jpg,NiCT,val
NiCT/NiCT4381.jpg,NiCT,val
NiCT/NiCT4382.jpg,NiCT,val
NiCT/NiCT4383.jpg,NiCT,val
NiCT/NiCT4384.jpg,NiCT,val
NiCT/NiCT4385.jpg,NiCT,val
NiCT/NiCT4386.jpg,NiCT,val
NiCT/NiCT4387.jpg,NiCT,val
NiCT/NiCT4388.jpg,NiCT,val
NiCT/NiCT4389.jpg,NiCT,val
NiCT/NiCT4390.jpg,NiCT,val
NiCT/NiCT4391.jpg,NiCT,val
NiCT/NiCT4392.jpg,NiCT,val
NiCT/NiCT4393.jpg,NiCT,val
NiCT/NiCT4394.jpg,NiCT,val
NiCT/NiCT4395.jpg,NiCT,val
NiCT/NiCT4396.jpg,NiCT,val
NiCT/NiCT4397.jpg,NiCT,val
NiCT/NiCT4398.jpg,NiCT,val
NiCT/NiCT4399.jpg,NiCT,val
NiCT/NiCT4400.jpg,NiCT,val
NiCT/NiCT4401.jpg,NiCT,val
NiCT/NiCT4402.jpg,NiCT,val
NiCT/NiCT4403.jpg,NiCT,val
NiCT/NiCT4404.jpg,NiCT,val
NiCT/NiCT4405.jpg,NiCT,val
NiCT/NiCT4406.jpg,NiCT,val
NiCT/NiCT4407.jpg,NiCT,val
NiCT/NiCT4408.jpg,NiCT,val
NiCT/NiCT4409.jpg,NiCT,val
NiCT/NiCT4410.jpg,NiCT,val
NiCT/NiCT4411.jpg,NiCT,val
NiCT/NiCT4412.jpg,NiCT,val
NiCT/NiCT4413.jpg,NiCT,val
NiCT/NiCT4414.jpg,NiCT,val
NiCT/NiCT4415.jpg,NiCT,val
NiCT/NiCT4416.jpg,NiCT,val
NiCT/NiCT4417.jpg,NiCT,val
NiCT/NiCT4418.jpg,NiCT,val
NiCT/NiCT4419.jpg,NiCT,val
NiCT/NiCT4420.jpg,NiCT,val
NiCT/NiCT4421.jpg,NiCT,val
NiCT/NiCT4422.jpg,NiCT,val
NiCT/NiCT4423.jpg,NiCT,val
NiCT/NiCT4424.jpg,NiCT,val
NiCT/NiCT4425.jpg,NiCT,val
NiCT/NiCT4426.jpg,NiCT,val
NiCT/NiCT4427.jpg,NiCT,val
NiCT/NiCT4428.jpg,NiCT,val
NiCT/NiCT4429.jpg,NiCT,val
NiCT/NiCT4430.jpg,NiCT,val
NiCT/NiCT4431.jpg,NiCT,val
NiCT/NiCT4432.jpg,NiCT,val
NiCT/NiCT4433.jpg,NiCT,val
NiCT/NiCT4434.jpg,NiCT,val
NiCT/NiCT4435.jpg,NiCT,val
NiCT/NiCT4436.jpg,NiCT,val
NiCT/NiCT4437.jpg,NiCT,val
NiCT/NiCT4438.jpg,NiCT,val
NiCT/NiCT4439.jpg,NiCT,val
NiCT/NiCT4440.jpg,NiCT,val
NiCT/NiCT4441.jpg,NiCT,val
NiCT/NiCT4442.jpg,NiCT,val
NiCT/NiCT4443.jpg,NiCT,val
NiCT/NiCT4444.jpg,NiCT,val
NiCT/NiCT4445.jpg,NiCT,val
NiCT/NiCT4446.jpg,NiCT,val
NiCT/NiCT4447.jpg,NiCT,val
NiCT/NiCT4448.jpg,NiCT,val
NiCT/NiCT4449.jpg,NiCT,val
NiCT/NiCT4450.jpg,NiCT,val
NiCT/NiCT4451.jpg,NiCT,val
NiCT/NiCT4452.jpg,NiCT,val
NiCT/NiCT4453.jpg,NiCT,val
NiCT/NiCT4454.jpg,NiCT,val
NiCT/NiCT4455.jpg,NiCT,val
NiCT/NiCT4456.jpg,NiCT,val
NiCT/NiCT4457.jpg,NiCT,val
NiCT/NiCT4458.jpg,NiCT,val
NiCT/NiCT4459.jpg,NiCT,val
NiCT/NiCT4460.jpg,NiCT,val
NiCT/NiCT4461.jpg,NiCT,val
NiCT/NiCT4462.jpg,NiCT,val
NiCT/NiCT4463.jpg,NiCT,val
NiCT/NiCT4464.jpg,NiCT,val
NiCT/NiCT4465.jpg,NiCT,val
NiCT/NiCT4466.jpg,NiCT,val
NiCT/NiCT4467.jpg,NiCT,val
NiCT/NiCT4468.jpg,NiCT,val
NiCT/NiCT4469.jpg,NiCT,val
NiCT/NiCT4470.jpg,NiCT,val
NiCT/NiCT4471.jpg,NiCT,val
NiCT/NiCT4472.jpg,NiCT,val
NiCT/NiCT4473.jpg,NiCT,val
NiCT/NiCT4474.jpg,NiCT,val
NiCT/NiCT4475.jpg,NiCT,val
NiCT/NiCT4476.jpg,NiCT,val
NiCT/NiCT4477.jpg,NiCT,val
NiCT/NiCT4478.jpg,NiCT,val
NiCT/NiCT4479.jpg,NiCT,val
NiCT/NiCT4480.jpg,NiCT,val
NiCT/NiCT4481.jpg,NiCT,val
NiCT/NiCT4482.jpg,NiCT,val
NiCT/NiCT4483.jpg,NiCT,val
NiCT/NiCT4484.jpg,NiCT,val
NiCT/NiCT4485.jpg,NiCT,val
NiCT/NiCT4486.jpg,NiCT,val
NiCT/NiCT4487.jpg,NiCT,val
NiCT/NiCT4488.jpg,NiCT,val
NiCT/NiCT4489.jpg,NiCT,val
NiCT/NiCT4490.jpg,NiCT,val
NiCT/NiCT4491.jpg,NiCT,val
NiCT/NiCT4492.jpg,NiCT,val
NiCT/NiCT4493.jpg,NiCT,val
NiCT/NiCT4494.jpg,NiCT,val
NiCT/NiCT4495.jpg,NiCT,val
NiCT/NiCT4496.jpg,NiCT,val
NiCT/NiCT4497.jpg,NiCT,val
NiCT/NiCT4498.jpg,NiCT,val
NiCT/NiCT4499.jpg,NiCT,val
NiCT/NiCT4500.jpg,NiCT,val
NiCT/NiCT4501.jpg,NiCT,val
NiCT/NiCT4502.jpg,NiCT,val
NiCT/NiCT4503.jpg,NiCT,val
NiCT/NiCT4504.jpg,NiCT,val
NiCT/NiCT4505.jpg,NiCT,val
NiCT/NiCT4506.jpg,NiCT,val
NiCT/NiCT4507.jpg,NiCT,val
NiCT/NiCT4508.jpg,NiCT,val
NiCT/NiCT4509.jpg,NiCT,val
NiCT/NiCT4510.jpg,NiCT,val
NiCT/NiCT4511.jpg,NiCT,val
NiCT/NiCT4512.jpg,NiCT,val
NiCT/NiCT4513.jpg,NiCT,val
NiCT/NiCT4514.jpg,NiCT,val
NiCT/NiCT4515.jpg,NiCT,val
NiCT/NiCT4516.jpg,NiCT,val
NiCT/NiCT4517.jpg,NiCT,val
NiCT/NiCT4518.jpg,NiCT,val
NiCT/NiCT4519.jpg,NiCT,val
NiCT/NiCT4520.jpg,NiCT,val
NiCT/NiCT4521.jpg,NiCT,val
NiCT/NiCT4522.jpg,NiCT,val
NiCT/NiCT4523.jpg,NiCT,val
NiCT/NiCT4524.jpg,NiCT,val
NiCT/NiCT4525.jpg,NiCT,val
NiCT/NiCT4526.jpg,NiCT,val
NiCT/NiCT4527.jpg,NiCT,val
NiCT/NiCT4528.jpg,NiCT,val
NiCT/NiCT4529.jpg,NiCT,val
NiCT/NiCT4530.jpg,NiCT,val
NiCT/NiCT4531.jpg,NiCT,val
NiCT/NiCT4532.jpg,NiCT,val
NiCT/NiCT4533.jpg,NiCT,val
NiCT/NiCT4534.jpg,NiCT,val
NiCT/NiCT4535.jpg,NiCT,val
NiCT/NiCT4536.jpg,NiCT,val
NiCT/NiCT4537.jpg,NiCT,val
NiCT/NiCT4538.jpg,NiCT,val
NiCT/NiCT4539.jpg,NiCT,val
NiCT/NiCT4540.jpg,NiCT,val
NiCT/NiCT4541.jpg,NiCT,val
NiCT/NiCT4542.jpg,NiCT,val
NiCT/NiCT4543.jpg,NiCT,val
NiCT/NiCT4544.jpg,NiCT,val
NiCT/NiCT4545.jpg,NiCT,val
NiCT/NiCT4546.jpg,NiCT,val
NiCT/NiCT4547.jpg,NiCT,val
NiCT/NiCT4548.jpg,NiCT,val
NiCT/NiCT4549.jpg,NiCT,val
NiCT/NiCT4550.jpg,NiCT,val
NiCT/NiCT4551.jpg,NiCT,val
NiCT/NiCT4552.jpg,NiCT,val
NiCT/NiCT4553.jpg,NiCT,val
NiCT/NiCT4554.jpg,NiCT,val
NiCT/NiCT4555.jpg,NiCT,val
NiCT/NiCT4556.jpg,NiCT,val
NiCT/NiCT4557.jpg,NiCT,val
NiCT/NiCT4558.jpg,NiCT,val
NiCT/NiCT4559.jpg,NiCT,val
NiCT/NiCT4560.jpg,NiCT,val
NiCT/NiCT4561.jpg,NiCT,val
NiCT/NiCT4562.jpg,NiCT,val
NiCT/NiCT4563.jpg,NiCT,val
NiCT/NiCT4564.jpg,NiCT,val
NiCT/NiCT4565.jpg,NiCT,val
NiCT/NiCT4566.jpg,NiCT,val
NiCT/NiCT4567.jpg,NiCT,val
NiCT/NiCT4568.jpg,NiCT,val
NiCT/NiCT4569.jpg,NiCT,val
NiCT/NiCT4570.jpg,NiCT,val
NiCT/NiCT4571.jpg,NiCT,val
NiCT/NiCT4572.jpg,NiCT,val
NiCT/NiCT4573.jpg,NiCT,val
NiCT/NiCT4574.jpg,NiCT,val
NiCT/NiCT4575.jpg,NiCT,val
NiCT/NiCT4576.jpg,NiCT,val
NiCT/NiCT4577.jpg,NiCT,val
NiCT/NiCT4578.jpg,NiCT,val
NiCT/NiCT4579.jpg,NiCT,val
NiCT/NiCT4580.jpg,NiCT,val
NiCT/NiCT4581.jpg,NiCT,val
NiCT/NiCT4582.jpg,NiCT,val
NiCT/NiCT4583.jpg,NiCT,val
NiCT/NiCT4584.jpg,NiCT,val
NiCT/NiCT4585.jpg,NiCT,val
NiCT/NiCT4586.jpg,NiCT,val
NiCT/NiCT4587.jpg,NiCT,val
NiCT/NiCT4588.jpg,NiCT,val
NiCT/NiCT4589.jpg,NiCT,val
NiCT/NiCT4590.jpg,NiCT,val
NiCT/NiCT4591.jpg,NiCT,val
NiCT/NiCT4592.jpg,NiCT,val
NiCT/NiCT4593.jpg,NiCT,val
NiCT/NiCT4594.jpg,NiCT,val
NiCT/NiCT4595.jpg,NiCT,val
NiCT/NiCT4596.jpg,NiCT,val
NiCT/NiCT4597.jpg,NiCT,val
NiCT/NiCT4598.jpg,NiCT,val
NiCT/NiCT4599.jpg,NiCT,val
NiCT/NiCT4600.jpg,NiCT,val
NiCT/NiCT4601.jpg,NiCT,val
NiCT/NiCT4602.jpg,NiCT,val
NiCT/NiCT4603.jpg,NiCT,val
NiCT/NiCT4604.jpg,NiCT,val
NiCT/NiCT4605.jpg,NiCT,val
NiCT/NiCT4606.jpg,NiCT,val
NiCT/NiCT4607.jpg,NiCT,val
NiCT/NiCT4608.jpg,NiCT,val
NiCT/NiCT4609.jpg,NiCT,val
NiCT/NiCT4610.jpg,NiCT,val
NiCT/NiCT4611.jpg,NiCT,val
NiCT/NiCT4612.jpg,NiCT,val
NiCT/NiCT4613.jpg,NiCT,val
NiCT/NiCT4614.jpg,NiCT,val
NiCT/NiCT4615.jpg,NiCT,val
NiCT/NiCT4616.jpg,NiCT,val
NiCT/NiCT4617.jpg,NiCT,val
NiCT/NiCT4618.jpg,NiCT,val
NiCT/NiCT4619.jpg,NiCT,val
NiCT/NiCT4620.jpg,NiCT,val
NiCT/NiCT4621.jpg,NiCT,val
NiCT/NiCT4622.jpg,NiCT,val
NiCT/NiCT4623.jpg,NiCT,val
NiCT/NiCT4624.jpg,NiCT,val
NiCT/NiCT4625.jpg,NiCT,val
NiCT/NiCT4626.jpg,NiCT,val
NiCT/NiCT4627.jpg,NiCT,val
NiCT/NiCT4628.jpg,NiCT,val
NiCT/NiCT4629.jpg,NiCT,val
NiCT/NiCT4630.jpg,NiCT,val
NiCT/NiCT4631.jpg,NiCT,val
NiCT/NiCT4632.jpg,NiCT,val
NiCT/NiCT4633.jpg,NiCT,val
NiCT/NiCT4634.jpg,NiCT,val
NiCT/NiCT4635.jpg,NiCT,val
NiCT/NiCT4636.jpg,NiCT,val
NiCT/NiCT4637.jpg,NiCT,val
NiCT/NiCT4638.jpg,NiCT,val
NiCT/NiCT4639.jpg,NiCT,val
NiCT/NiCT4640.jpg,NiCT,val
NiCT/NiCT4641.jpg,NiCT,val
NiCT/NiCT4642.jpg,NiCT,val
NiCT/NiCT4643.jpg,NiCT,val
NiCT/NiCT4644.jpg,NiCT,val
NiCT/NiCT4645.jpg,NiCT,val
NiCT/NiCT4646.jpg,NiCT,val
NiCT/NiCT4647.jpg,NiCT,val
NiCT/NiCT4648.jpg,NiCT,val
NiCT/NiCT4649.jpg,NiCT,val
NiCT/NiCT4650.jpg,NiCT,val
NiCT/NiCT4651.jpg,NiCT,val
NiCT/NiCT4652.jpg,NiCT,val
NiCT/NiCT4653.jpg,NiCT,val
NiCT/NiCT4654.jpg,NiCT,val
NiCT/NiCT4655.jpg,NiCT,val
NiCT/NiCT4656.jpg,NiCT,val
NiCT/NiCT4657.jpg,NiCT,val
NiCT/NiCT4658.jpg,NiCT,val
NiCT/NiCT4659.jpg,NiCT,val
NiCT/NiCT4660.jpg,NiCT,val
NiCT/NiCT4661.jpg,NiCT,val
NiCT/NiCT4662.jpg,NiCT,val
NiCT/NiCT4663.jpg,NiCT,val
NiCT/NiCT4664.jpg,NiCT,val
NiCT/NiCT4665.jpg,NiCT,val
NiCT/NiCT4666.jpg,NiCT,val
NiCT/NiCT4667.jpg,NiCT,val
NiCT/NiCT4668.jpg,NiCT,val
NiCT/NiCT4669.jpg,NiCT,val
NiCT/NiCT4670.jpg,NiCT,val
NiCT/NiCT4671.jpg,NiCT,val
NiCT/NiCT4672.jpg,NiCT,val
NiCT/NiCT4673.jpg,NiCT,val
NiCT/NiCT4674.jpg,NiCT,val
NiCT/NiCT4675.jpg,NiCT,val
NiCT/NiCT4676.jpg,NiCT,val
NiCT/NiCT4677.jpg,NiCT,val
NiCT/NiCT4678.jpg,NiCT,val
NiCT/NiCT4679.jpg,NiCT,val
NiCT/NiCT4680.jpg,NiCT,val
NiCT/NiCT4681.jpg,NiCT,val
NiCT/NiCT4682.jpg,NiCT,val
NiCT/NiCT4683.jpg,NiCT,val
NiCT/NiCT4684.jpg,NiCT,val
NiCT/NiCT4685.jpg,NiCT,val
NiCT/NiCT4686.jpg,NiCT,val
NiCT/NiCT4687.jpg,NiCT,val
NiCT/NiCT4688.jpg,NiCT,val
NiCT/NiCT4689.jpg,NiCT,val
NiCT/NiCT4690.jpg,NiCT,val
NiCT/NiCT4691.jpg,NiCT,val
NiCT/NiCT4692.jpg,NiCT,val
NiCT/NiCT4693.jpg,NiCT,val
NiCT/NiCT4694.jpg,NiCT,val
NiCT/NiCT4695.jpg,NiCT,val
NiCT/NiCT4696.jpg,NiCT,val
NiCT/NiCT4697.jpg,NiCT,val
NiCT/NiCT4698.jpg,NiCT,val
NiCT/NiCT4699.jpg,NiCT,val
NiCT/NiCT4700.jpg,NiCT,val
NiCT/NiCT4701.jpg,NiCT,val
NiCT/NiCT4702.jpg,NiCT,val
NiCT/NiCT4703.jpg,NiCT,val
NiCT/NiCT4704.jpg,NiCT,val
NiCT/NiCT4705.jpg,NiCT,val
NiCT/NiCT4706.jpg,NiCT,val
NiCT/NiCT4707.jpg,NiCT,val
NiCT/NiCT4708.jpg,NiCT,val
NiCT/NiCT4709.jpg,NiCT,val
NiCT/NiCT4710.jpg,NiCT,val
NiCT/NiCT4711.jpg,NiCT,val
NiCT/NiCT4712.jpg,NiCT,val
NiCT/NiCT4713.jpg,NiCT,val
NiCT/NiCT4714.jpg,NiCT,val
NiCT/NiCT4715.jpg,NiCT,val
NiCT/NiCT4716.jpg,NiCT,val
NiCT/NiCT4717.jpg,NiCT,val
NiCT/NiCT4718.jpg,NiCT,val
NiCT/NiCT4719.jpg,NiCT,val
NiCT/NiCT4720.jpg,NiCT,val
NiCT/NiCT4721.jpg,NiCT,val
NiCT/NiCT4722.jpg,NiCT,val
NiCT/NiCT4723.jpg,NiCT,val
NiCT/NiCT4724.jpg,NiCT,val
NiCT/NiCT4725.jpg,NiCT,val
NiCT/NiCT4726.jpg,NiCT,val
NiCT/NiCT4727.jpg,NiCT,val
NiCT/NiCT4728.jpg,NiCT,val
NiCT/NiCT4729.jpg,NiCT,val
NiCT/NiCT4730.jpg,NiCT,val
NiCT/NiCT4731.jpg,NiCT,val
NiCT/NiCT4732.jpg,NiCT,val
NiCT/NiCT4733.jpg,NiCT,val
NiCT/NiCT4734.jpg,NiCT,val
NiCT/NiCT4735.jpg,NiCT,val
NiCT/NiCT4736.jpg,NiCT,val
NiCT/NiCT4737.jpg,NiCT,val
NiCT/NiCT4738.jpg,NiCT,val
NiCT/NiCT4739.jpg,NiCT,val
NiCT/NiCT4740.jpg,NiCT,val
NiCT/NiCT4741.jpg,NiCT,val
NiCT/NiCT4742.jpg,NiCT,val
NiCT/NiCT4743.jpg,NiCT,val
NiCT/NiCT4744.jpg,NiCT,val
NiCT/NiCT4745.jpg,NiCT,val
NiCT/NiCT4746.jpg,NiCT,val
NiCT/NiCT4747.jpg,NiCT,val
NiCT/NiCT4748.jpg,NiCT,val
NiCT/NiCT4749.jpg,NiCT,val
NiCT/NiCT4750.jpg,NiCT,val
NiCT/NiCT4751.jpg,NiCT,val
NiCT/NiCT4752.jpg,NiCT,val
NiCT/NiCT4753.jpg,NiCT,val
NiCT/NiCT4754.jpg,NiCT,val
NiCT/NiCT4755.jpg,NiCT,val
NiCT/NiCT4756.jpg,NiCT,val
NiCT/NiCT4757.jpg,NiCT,val
NiCT/NiCT4758.jpg,NiCT,val
NiCT/NiCT4759.jpg,NiCT,val
NiCT/NiCT4760.jpg,NiCT,val
NiCT/NiCT4761.jpg,NiCT,val
NiCT/NiCT4762.jpg,NiCT,val
NiCT/NiCT4763.jpg,NiCT,val
NiCT/NiCT4764.jpg,NiCT,val
NiCT/NiCT4765.jpg,NiCT,val
NiCT/NiCT4766.jpg,NiCT,val
NiCT/NiCT4767.jpg,NiCT,val
NiCT/NiCT4768.jpg,NiCT,val
NiCT/NiCT4769.jpg,NiCT,val
NiCT/NiCT4770.jpg,NiCT,val
NiCT/NiCT4771.jpg,NiCT,val
NiCT/NiCT4772.jpg,NiCT,val
NiCT/NiCT4773.jpg,NiCT,val
NiCT/NiCT4774.jpg,NiCT,val
NiCT/NiCT4775.jpg,NiCT,val
NiCT/NiCT4776.jpg,NiCT,val
NiCT/NiCT4777.jpg,NiCT,val
NiCT/NiCT4778.jpg,NiCT,val
NiCT/NiCT4779.jpg,NiCT,val
NiCT/NiCT4780.jpg,NiCT,val
NiCT/NiCT4781.jpg,NiCT,val
NiCT/NiCT4782.jpg,NiCT,val
NiCT/NiCT4783.jpg,NiCT,val
NiCT/NiCT4784.jpg,NiCT,val
NiCT/NiCT4785.jpg,NiCT,val
NiCT/NiCT4786.jpg,NiCT,val
NiCT/NiCT4787.jpg,NiCT,val
NiCT/NiCT4788.jpg,NiCT,val
NiCT/NiCT4789.jpg,NiCT,val
NiCT/NiCT4790.jpg,NiCT,val
NiCT/NiCT4791.jpg,NiCT,val
NiCT/NiCT4792.jpg,NiCT,val
NiCT/NiCT4793.jpg,NiCT,val
NiCT/NiCT4794.jpg,NiCT,val
NiCT/NiCT4795.jpg,NiCT,val
NiCT/NiCT4796.jpg,NiCT,val
NiCT/NiCT4797.jpg,NiCT,val
NiCT/NiCT4798.jpg,NiCT,val
NiCT/NiCT4799.jpg,NiCT,val
NiCT/NiCT4800.jpg,NiCT,val
NiCT/NiCT4801.jpg,NiCT,val
NiCT/NiCT4802.jpg,NiCT,val
NiCT/NiCT4803.jpg,NiCT,val
NiCT/NiCT4804.jpg,NiCT,val
NiCT/NiCT4805.jpg,NiCT,val
NiCT/NiCT4806.jpg,NiCT,val
NiCT/NiCT4807.jpg,NiCT,val
NiCT/NiCT4808.jpg,NiCT,val
NiCT/NiCT4809.jpg,NiCT,val
NiCT/NiCT4810.jpg,NiCT,val
NiCT/NiCT4811.jpg,NiCT,val
NiCT/NiCT4812.jpg,NiCT,val
NiCT/NiCT4813.jpg,NiCT,val
NiCT/NiCT4814.jpg,NiCT,val
NiCT/NiCT4815.jpg,NiCT,val
NiCT/NiCT4816.jpg,NiCT,val
NiCT/NiCT4817.jpg,NiCT,val
NiCT/NiCT4818.jpg,NiCT,val
NiCT/NiCT4819.jpg,NiCT,val
NiCT/NiCT4820.jpg,NiCT,val
NiCT/NiCT4821.jpg,NiCT,val
NiCT/NiCT4822.jpg,NiCT,val
NiCT/NiCT4823.jpg,NiCT,val
NiCT/NiCT4824.jpg,NiCT,val
NiCT/NiCT4825.jpg,NiCT,val
NiCT/NiCT4826.jpg,NiCT,val
NiCT/NiCT4827.jpg,NiCT,val
NiCT/NiCT4828.jpg,NiCT,val
NiCT/NiCT4829.jpg,NiCT,val
NiCT/NiCT4830.jpg,NiCT,val
NiCT/NiCT4831.jpg,NiCT,val
NiCT/NiCT4832.jpg,NiCT,val
NiCT/NiCT4833.jpg,NiCT,val
NiCT/NiCT4834.jpg,NiCT,val
NiCT/NiCT4835.jpg,NiCT,val
NiCT/NiCT4836.jpg,NiCT,val
NiCT/NiCT4837.jpg,NiCT,val
NiCT/NiCT4838.jpg,NiCT,val
NiCT/NiCT4839.jpg,NiCT,val
NiCT/NiCT4840.jpg,NiCT,val
NiCT/NiCT4841.jpg,NiCT,val
NiCT/NiCT4842.jpg,NiCT,val
NiCT/NiCT4843.jpg,NiCT,val
NiCT/NiCT4844.jpg,NiCT,val
NiCT/NiCT4845.jpg,NiCT,val
NiCT/NiCT4846.jpg,NiCT,val
NiCT/NiCT4847.jpg,NiCT,val
NiCT/NiCT4848.jpg,NiCT,val
NiCT/NiCT4849.jpg,NiCT,val
NiCT/NiCT4850.jpg,NiCT,val
NiCT/NiCT4851.jpg,NiCT,val
NiCT/NiCT4852.jpg,NiCT,val
NiCT/NiCT4853.jpg,NiCT,val
NiCT/NiCT4854.jpg,NiCT,val
NiCT/NiCT4855.jpg,NiCT,val
NiCT/NiCT4856.jpg,NiCT,val
NiCT/NiCT4857.jpg,NiCT,val
NiCT/NiCT4858.jpg,NiCT,val
NiCT/NiCT4859.jpg,NiCT,val
NiCT/NiCT4860.jpg,NiCT,val
NiCT/NiCT4861.jpg,NiCT,val
NiCT/NiCT4862.jpg,NiCT,val
NiCT/NiCT4863.jpg,NiCT,val
NiCT/NiCT4864.jpg,NiCT,val
NiCT/NiCT4865.jpg,NiCT,val
NiCT/NiCT4866.jpg,NiCT,val
NiCT/NiCT4867.jpg,NiCT,val
NiCT/NiCT4868.jpg,NiCT,val
NiCT/NiCT4869.jpg,NiCT,val
NiCT/NiCT4870.jpg,NiCT,val
NiCT/NiCT4871.jpg,NiCT,val
NiCT/NiCT4872.jpg,NiCT,val
NiCT/NiCT4873.jpg,NiCT,val
NiCT/NiCT4874.jpg,NiCT,val
NiCT/NiCT4875.jpg,NiCT,val
NiCT/NiCT4876.jpg,NiCT,val
NiCT/NiCT4877.jpg,NiCT,val
NiCT/NiCT4878.jpg,NiCT,val
NiCT/NiCT4879.jpg,NiCT,val
NiCT/NiCT4880.jpg,NiCT,val
NiCT/NiCT4881.jpg,NiCT,val
NiCT/NiCT4882.jpg,NiCT,val
NiCT/NiCT4883.jpg,NiCT,val
NiCT/NiCT4884.jpg,NiCT,val
NiCT/NiCT4885.jpg,NiCT,val
NiCT/NiCT4886.jpg,NiCT,val
NiCT/NiCT4887.jpg,NiCT,val
NiCT/NiCT4888.jpg,NiCT,val
NiCT/NiCT4889.jpg,NiCT,val
NiCT/NiCT4890.jpg,NiCT,val
NiCT/NiCT4891.jpg,NiCT,val
NiCT/NiCT4892.jpg,NiCT,val
NiCT/NiCT4893.jpg,NiCT,val
NiCT/NiCT4894.jpg,NiCT,val
NiCT/NiCT4895.jpg,NiCT,val
NiCT/NiCT4896.jpg,NiCT,val
NiCT/NiCT4897.jpg,NiCT,val
NiCT/NiCT4898.jpg,NiCT,val
NiCT/NiCT4899.jpg,NiCT,val
NiCT/NiCT4900.jpg,NiCT,val
NiCT/NiCT4901.jpg,NiCT,val
NiCT/NiCT4902.jpg,NiCT,val
NiCT/NiCT4903.jpg,NiCT,val
NiCT/NiCT4904.jpg,NiCT,val
NiCT/NiCT4905.jpg,NiCT,val
NiCT/NiCT4906.jpg,NiCT,val
NiCT/NiCT4907.jpg,NiCT,val
NiCT/NiCT4908.jpg,NiCT,val
NiCT/NiCT4909.jpg,NiCT,val
NiCT/NiCT4910.jpg,NiCT,val
NiCT/NiCT4911.jpg,NiCT,val
NiCT/NiCT4912.jpg,NiCT,val
NiCT/NiCT4913.jpg,NiCT,val
NiCT/NiCT4914.jpg,NiCT,val
NiCT/NiCT4915.jpg,NiCT,val
NiCT/NiCT4916.jpg,NiCT,val
NiCT/NiCT4917.jpg,NiCT,val
NiCT/NiCT4918.jpg,NiCT,val
NiCT/NiCT4919.jpg,NiCT,val
NiCT/NiCT4920.jpg,NiCT,val
NiCT/NiCT4921.jpg,NiCT,val
NiCT/NiCT4922.jpg,NiCT,val
NiCT/NiCT4923.jpg,NiCT,val
NiCT/NiCT4924.jpg,NiCT,val
NiCT/NiCT4925.jpg,NiCT,val
NiCT/NiCT4926.jpg,NiCT,val
NiCT/NiCT4927.jpg,NiCT,val
NiCT/NiCT4928.jpg,NiCT,val
NiCT/NiCT4929.jpg,NiCT,val
NiCT/NiCT4930.jpg,NiCT,val
NiCT/NiCT4931.jpg,NiCT,val
NiCT/NiCT4932.jpg,NiCT,val
NiCT/NiCT4933.jpg,NiCT,val
NiCT/NiCT4934.jpg,NiCT,val
NiCT/NiCT4935.jpg,NiCT,val
NiCT/NiCT4936.jpg,NiCT,val
NiCT/NiCT4937.jpg,NiCT,val
NiCT/NiCT4938.jpg,NiCT,val
NiCT/NiCT4939.jpg,NiCT,val
NiCT/NiCT4940.jpg,NiCT,val
NiCT/NiCT4941.jpg,NiCT,val
NiCT/NiCT4942.jpg,NiCT,val
NiCT/NiCT4943.jpg,NiCT,val
NiCT/NiCT4944.jpg,NiCT,val
NiCT/NiCT4945.jpg,NiCT,val
NiCT/NiCT4946.jpg,NiCT,val
NiCT/NiCT4947.jpg,NiCT,val
NiCT/NiCT4948.jpg,NiCT,val
NiCT/NiCT4949.jpg,NiCT,val
NiCT/NiCT4950.jpg,NiCT,val
NiCT/NiCT4951.jpg,NiCT,val
NiCT/NiCT4952.jpg,NiCT,val
NiCT/NiCT4953.jpg,NiCT,val
NiCT/NiCT4954.jpg,NiCT,val
NiCT/NiCT4955.jpg,NiCT,val
NiCT/NiCT4956.jpg,NiCT,val
NiCT/NiCT4957.jpg,NiCT,val
NiCT/NiCT4958.jpg,NiCT,val
NiCT/NiCT4959.jpg,NiCT,val
NiCT/NiCT4960.jpg,NiCT,val
NiCT/NiCT4961.jpg,NiCT,val
NiCT/NiCT4962.jpg,NiCT,val
NiCT/NiCT4963.jpg,NiCT,val
NiCT/NiCT4964.jpg,NiCT,val
NiCT/NiCT4965.jpg,NiCT,val
NiCT/NiCT4966.jpg,NiCT,val
NiCT/NiCT4967.jpg,NiCT,val
NiCT/NiCT4968.jpg,NiCT,val
NiCT/NiCT4969.jpg,NiCT,val
NiCT/NiCT4970.jpg,NiCT,val
NiCT/NiCT4971.jpg,NiCT,val
NiCT/NiCT4972.jpg,NiCT,val
NiCT/NiCT4973.jpg,NiCT,val
pCT/pCT10.jpg,pCT,val
pCT/pCT2804.jpg,pCT,val
pCT/pCT2805.jpg,pCT,val
pCT/pCT2806.jpg,pCT,val
pCT/pCT2807.jpg,pCT,val
pCT/pCT2808.jpg,pCT,val
pCT/pCT2809.jpg,pCT,val
pCT/pCT2810.jpg,pCT,val
pCT/pCT2811.jpg,pCT,val
pCT/pCT2812.jpg,pCT,val
pCT/pCT2813.jpg,pCT,val
pCT/pCT2814.jpg,pCT,val
pCT/pCT2815.jpg,pCT,val
pCT/pCT2816.jpg,pCT,val
pCT/pCT2817.jpg,pCT,val
pCT/pCT2818.jpg,pCT,val
pCT/pCT2819.jpg,pCT,val
pCT/pCT2820.jpg,pCT,val
pCT/pCT2821.jpg,pCT,val
pCT/pCT2822.jpg,pCT,val
pCT/pCT2823.jpg,pCT,val
pCT/pCT2824.jpg,pCT,val
pCT/pCT2825.jpg,pCT,val
pCT/pCT2826.jpg,pCT,val
pCT/pCT2827.jpg,pCT,val
pCT/pCT2828.jpg,pCT,val
pCT/pCT2829.jpg,pCT,val
pCT/pCT2830.jpg,pCT,val
pCT/pCT2831.jpg,pCT,val
pCT/pCT2832.jpg,pCT,val
pCT/pCT2833.jpg,pCT,val
pCT/pCT2834.jpg,pCT,val
pCT/pCT2835.jpg,pCT,val
pCT/pCT2836.jpg,pCT,val
pCT/pCT2837.jpg,pCT,val
pCT/pCT2838.jpg,pCT,val
pCT/pCT2839.jpg,pCT,val
pCT/pCT2840.jpg,pCT,val
pCT/pCT2841.jpg,pCT,val
pCT/pCT2842.jpg,pCT,val
pCT/pCT2843.jpg,pCT,val
pCT/pCT2844.jpg,pCT,val
pCT/pCT2845.jpg,pCT,val
pCT/pCT2846.jpg,pCT,val
pCT/pCT2847.jpg,pCT,val
pCT/pCT2848.jpg,pCT,val
pCT/pCT2849.jpg,pCT,val
pCT/pCT2850.jpg,pCT,val
pCT/pCT2851.jpg,pCT,val
pCT/pCT2852.jpg,pCT,val
pCT/pCT2853.jpg,pCT,val
pCT/pCT2854.jpg,pCT,val
pCT/pCT2855.jpg,pCT,val
pCT/pCT2856.jpg,pCT,val
pCT/pCT2857.jpg,pCT,val
pCT/pCT2858.jpg,pCT,val
pCT/pCT2859.jpg,pCT,val
pCT/pCT2860.jpg,pCT,val
pCT/pCT2861.jpg,pCT,val
pCT/pCT2862.jpg,pCT,val
pCT/pCT2863.jpg,pCT,val
pCT/pCT2864.jpg,pCT,val
pCT/pCT2865.jpg,pCT,val
pCT/pCT2866.jpg,pCT,val
pCT/pCT2867.jpg,pCT,val
pCT/pCT2868.jpg,pCT,val
pCT/pCT2869.jpg,pCT,val
pCT/pCT2870.jpg,pCT,val
pCT/pCT2871.jpg,pCT,val
pCT/pCT2872.jpg,pCT,val
pCT/pCT2873.jpg,pCT,val
pCT/pCT2874.jpg,pCT,val
pCT/pCT2875.jpg,pCT,val
pCT/pCT2876.jpg,pCT,val
pCT/pCT2877.jpg,pCT,val
pCT/pCT2878.jpg,pCT,val
pCT/pCT2879.jpg,pCT,val
pCT/pCT2880.jpg,pCT,val
pCT/pCT2881.jpg,pCT,val
pCT/pCT2882.jpg,pCT,val
pCT/pCT2883.jpg,pCT,val
pCT/pCT2884.jpg,pCT,val
pCT/pCT2885.jpg,pCT,val
pCT/pCT2886.jpg,pCT,val
pCT/pCT2887.jpg,pCT,val
pCT/pCT2888.jpg,pCT,val
pCT/pCT2889.jpg,pCT,val
pCT/pCT2890.jpg,pCT,val
pCT/pCT2891.jpg,pCT,val
pCT/pCT2892.jpg,pCT,val
pCT/pCT2893.jpg,pCT,val
pCT/pCT2894.jpg,pCT,val
pCT/pCT2895.jpg,pCT,val
pCT/pCT2896.jpg,pCT,val
pCT/pCT2897.jpg,pCT,val
pCT/pCT2898.jpg,pCT,val
pCT/pCT2899.jpg,pCT,val
pCT/pCT2900.jpg,pCT,val
pCT/pCT2901.jpg,pCT,val
pCT/pCT2902.jpg,pCT,val
pCT/pCT2903.jpg,pCT,val
pCT/pCT2904.jpg,pCT,val
pCT/pCT2905.jpg,pCT,val
pCT/pCT2906.jpg,pCT,val
pCT/pCT2907.jpg,pCT,val
pCT/pCT2908.jpg,pCT,val
pCT/pCT2909.jpg,pCT,val
pCT/pCT2910.jpg,pCT,val
pCT/pCT2911.jpg,pCT,val
pCT/pCT2912.jpg,pCT,val
pCT/pCT2913.jpg,pCT,val
pCT/pCT2914.jpg,pCT,val
pCT/pCT2915.jpg,pCT,val
pCT/pCT2916.jpg,pCT,val
pCT/pCT2917.jpg,pCT,val
pCT/pCT2918.jpg,pCT,val
pCT/pCT2919.jpg,pCT,val
pCT/pCT2920.jpg,pCT,val
pCT/pCT2921.jpg,pCT,val
pCT/pCT2922.jpg,pCT,val
pCT/pCT2923.jpg,pCT,val
pCT/pCT2924.jpg,pCT,val
pCT/pCT2925.jpg,pCT,val
pCT/pCT2926.jpg,pCT,val
pCT/pCT2927.jpg,pCT,val
pCT/pCT2928.jpg,pCT,val
pCT/pCT2929.jpg,pCT,val
pCT/pCT2930.jpg,pCT,val
pCT/pCT2931.jpg,pCT,val
pCT/pCT2932.jpg,pCT,val
pCT/pCT2933.jpg,pCT,val
pCT/pCT2934.jpg,pCT,val
pCT/pCT2935.jpg,pCT,val
pCT/pCT2936.jpg,pCT,val
pCT/pCT2937.jpg,pCT,val
pCT/pCT2938.jpg,pCT,val
pCT/pCT2939.jpg,pCT,val
pCT/pCT2940.jpg,pCT,val
pCT/pCT2941.jpg,pCT,val
pCT/pCT2942.jpg,pCT,val
pCT/pCT2943.jpg,pCT,val
pCT/pCT2944.jpg,pCT,val
pCT/pCT2945.jpg,pCT,val
pCT/pCT2946.jpg,pCT,val
pCT/pCT2947.jpg,pCT,val
pCT/pCT2948.jpg,pCT,val
pCT/pCT2949.jpg,pCT,val
pCT/pCT2950.jpg,pCT,val
pCT/pCT2951.jpg,pCT,val
pCT/pCT2952.jpg,pCT,val
pCT/pCT2953.jpg,pCT,val
pCT/pCT2954.jpg,pCT,val
pCT/pCT2955.jpg,pCT,val
pCT/pCT2956.jpg,pCT,val
pCT/pCT2957.jpg,pCT,val
pCT/pCT2958.jpg,pCT,val
pCT/pCT2959.jpg,pCT,val
pCT/pCT2960.jpg,pCT,val
pCT/pCT2961.jpg,pCT,val
pCT/pCT2962.jpg,pCT,val
pCT/pCT2963.jpg,pCT,val
pCT/pCT2964.jpg,pCT,val
pCT/pCT2965.jpg,pCT,val
pCT/pCT2966.jpg,pCT,val
pCT/pCT2967.jpg,pCT,val
pCT/pCT2968.jpg,pCT,val
pCT/pCT2969.jpg,pCT,val
pCT/pCT2970.jpg,pCT,val
pCT/pCT2971.jpg,pCT,val
pCT/pCT2972.jpg,pCT,val
pCT/pCT2973.jpg,pCT,val
pCT/pCT2974.jpg,pCT,val
pCT/pCT2975.jpg,pCT,val
pCT/pCT2976.jpg,pCT,val
pCT/pCT2977.jpg,pCT,val
pCT/pCT2978.jpg,pCT,val
pCT/pCT2979.jpg,pCT,val
pCT/pCT2980.jpg,pCT,val
pCT/pCT2981.jpg,pCT,val
pCT/pCT2982.jpg,pCT,val
pCT/pCT2983.jpg,pCT,val
pCT/pCT2984.jpg,pCT,val
pCT/pCT2985.jpg,pCT,val
pCT/pCT2986.jpg,pCT,val
pCT/pCT2987.jpg,pCT,val
pCT/pCT2988.jpg,pCT,val
pCT/pCT2989.jpg,pCT,val
pCT/pCT2990.jpg,pCT,val
pCT/pCT2991.jpg,pCT,val
pCT/pCT2992.jpg,pCT,val
pCT/pCT2993.jpg,pCT,val
pCT/pCT2994.jpg,pCT,val
pCT/pCT2995.jpg,pCT,val
pCT/pCT2996.jpg,pCT,val
pCT/pCT2997.jpg,pCT,val
pCT/pCT2998.jpg,pCT,val
pCT/pCT2999.jpg,pCT,val
pCT/pCT3000.jpg,pCT,val
pCT/pCT3001.jpg,pCT,val
pCT/pCT3002.jpg,pCT,val
pCT/pCT3003.jpg,pCT,val
pCT/pCT3004.jpg,pCT,val
pCT/pCT3005.jpg,pCT,val
pCT/pCT3006.jpg,pCT,val
pCT/pCT3007.jpg,pCT,val
pCT/pCT3008.jpg,pCT,val
pCT/pCT3009.jpg,pCT,val
pCT/pCT3010.jpg,pCT,val
pCT/pCT3011.jpg,pCT,val
pCT/pCT3012.jpg,pCT,val
pCT/pCT3013.jpg,pCT,val
pCT/pCT3014.jpg,pCT,val
pCT/pCT3015.jpg,pCT,val
pCT/pCT3016.jpg,pCT,val
pCT/pCT3017.jpg,pCT,val
pCT/pCT3018.jpg,pCT,val
pCT/pCT3019.jpg,pCT,val
pCT/pCT3020.jpg,pCT,val
pCT/pCT3021.jpg,pCT,val
pCT/pCT3022.jpg,pCT,val
pCT/pCT3023.jpg,pCT,val
pCT/pCT3024.jpg,pCT,val
pCT/pCT3025.jpg,pCT,val
pCT/pCT3026.jpg,pCT,val
pCT/pCT3027.jpg,pCT,val
pCT/pCT3028.jpg,pCT,val
pCT/pCT3029.jpg,pCT,val
pCT/pCT3030.jpg,pCT,val
pCT/pCT3031.jpg,pCT,val
pCT/pCT3032.jpg,pCT,val
pCT/pCT3033.jpg,pCT,val
pCT/pCT3034.jpg,pCT,val
pCT/pCT3035.jpg,pCT,val
pCT/pCT3036.jpg,pCT,val
pCT/pCT3037.jpg,pCT,val
pCT/pCT3038.jpg,pCT,val
pCT/pCT3039.jpg,pCT,val
pCT/pCT3040.jpg,pCT,val
pCT/pCT3041.jpg,pCT,val
pCT/pCT3042.jpg,pCT,val
pCT/pCT3043.jpg,pCT,val
pCT/pCT3044.jpg,pCT,val
pCT/pCT3045.jpg,pCT,val
pCT/pCT3046.jpg,pCT,val
pCT/pCT3047.jpg,pCT,val
pCT/pCT3048.jpg,pCT,val
pCT/pCT3049.jpg,pCT,val
pCT/pCT3050.jpg,pCT,val
pCT/pCT3051.jpg,pCT,val
pCT/pCT3052.jpg,pCT,val
pCT/pCT3053.jpg,pCT,val
pCT/pCT3054.jpg,pCT,val
pCT/pCT3055.jpg,pCT,val
pCT/pCT3056.jpg,pCT,val
pCT/pCT3057.jpg,pCT,val
pCT/pCT3058.jpg,pCT,val
pCT/pCT3059.jpg,pCT,val
pCT/pCT3060.jpg,pCT,val
pCT/pCT3061.jpg,pCT,val
pCT/pCT3062.jpg,pCT,val
pCT/pCT3063.jpg,pCT,val
pCT/pCT3064.jpg,pCT,val
pCT/pCT3065.jpg,pCT,val
pCT/pCT3066.jpg,pCT,val
pCT/pCT3067.jpg,pCT,val
pCT/pCT3068.jpg,pCT,val
pCT/pCT3069.jpg,pCT,val
pCT/pCT3070.jpg,pCT,val
pCT/pCT3071.jpg,pCT,val
pCT/pCT3072.jpg,pCT,val
pCT/pCT3073.jpg,pCT,val
pCT/pCT3074.jpg,pCT,val
pCT/pCT3075.jpg,pCT,val
pCT/pCT3076.jpg,pCT,val
pCT/pCT3077.jpg,pCT,val
pCT/pCT3078.jpg,pCT,val
pCT/pCT3079.jpg,pCT,val
pCT/pCT3080.jpg,pCT,val
pCT/pCT3081.jpg,pCT,val
pCT/pCT3082.jpg,pCT,val
pCT/pCT3083.jpg,pCT,val
pCT/pCT3084.jpg,pCT,val
pCT/pCT3085.jpg,pCT,val
pCT/pCT3086.jpg,pCT,val
pCT/pCT3087.jpg,pCT,val
pCT/pCT3088.jpg,pCT,val
pCT/pCT3089.jpg,pCT,val
pCT/pCT3090.jpg,pCT,val
pCT/pCT3091.jpg,pCT,val
pCT/pCT3092.jpg,pCT,val
pCT/pCT3093.jpg,pCT,val
pCT/pCT3094.jpg,pCT,val
pCT/pCT3095.jpg,pCT,val
pCT/pCT3096.jpg,pCT,val
pCT/pCT3097.jpg,pCT,val
pCT/pCT3098.jpg,pCT,val
pCT/pCT3099.jpg,pCT,val
pCT/pCT3100.jpg,pCT,val
pCT/pCT3101.jpg,pCT,val
pCT/pCT3102.jpg,pCT,val
pCT/pCT3103.jpg,pCT,val
pCT/pCT3104.jpg,pCT,val
pCT/pCT3105.jpg,pCT,val
pCT/pCT3106.jpg,pCT,val
pCT/pCT3107.jpg,pCT,val
pCT/pCT3108.jpg,pCT,val
pCT/pCT3109.jpg,pCT,val
pCT/pCT3110.jpg,pCT,val
pCT/pCT3111.jpg,pCT,val
pCT/pCT3112.jpg,pCT,val
pCT/pCT3113.jpg,pCT,val
pCT/pCT3114.jpg,pCT,val
pCT/pCT3115.jpg,pCT,val
pCT/pCT3116.jpg,pCT,val
pCT/pCT3117.jpg,pCT,val
pCT/pCT3118.jpg,pCT,val
pCT/pCT3119.jpg,pCT,val
pCT/pCT3120.jpg,pCT,val
pCT/pCT3121.jpg,pCT,val
pCT/pCT3122.jpg,pCT,val
pCT/pCT3123.jpg,pCT,val
pCT/pCT3124.jpg,pCT,val
pCT/pCT3125.jpg,pCT,val
pCT/pCT3126.jpg,pCT,val
pCT/pCT3127.jpg,pCT,val
pCT/pCT3128.jpg,pCT,val
pCT/pCT3129.jpg,pCT,val
pCT/pCT3130.jpg,pCT,val
pCT/pCT3131.jpg,pCT,val
pCT/pCT3132.jpg,pCT,val
pCT/pCT3133.jpg,pCT,val
pCT/pCT3134.jpg,pCT,val
pCT/pCT3135.jpg,pCT,val
pCT/pCT3136.jpg,pCT,val
pCT/pCT3137.jpg,pCT,val
pCT/pCT3138.jpg,pCT,val
pCT/pCT3139.jpg,pCT,val
pCT/pCT3140.jpg,pCT,val
pCT/pCT3141.jpg,pCT,val
pCT/pCT3142.jpg,pCT,val
pCT/pCT3143.jpg,pCT,val
pCT/pCT3144.jpg,pCT,val
pCT/pCT3145.jpg,pCT,val
pCT/pCT3146.jpg,pCT,val
pCT/pCT3147.jpg,pCT,val
pCT/pCT3148.jpg,pCT,val
pCT/pCT3149.jpg,pCT,val
pCT/pCT3150.jpg,pCT,val
pCT/pCT3151.jpg,pCT,val
pCT/pCT3152.jpg,pCT,val
pCT/pCT3153.jpg,pCT,val
pCT/pCT3154.jpg,pCT,val
pCT/pCT3155.jpg,pCT,val
pCT/pCT3156.jpg,pCT,val
pCT/pCT3157.jpg,pCT,val
pCT/pCT3158.jpg,pCT,val
pCT/pCT3159.jpg,pCT,val
pCT/pCT3160.jpg,pCT,val
pCT/pCT3161.jpg,pCT,val
pCT/pCT3162.jpg,pCT,val
pCT/pCT3163.jpg,pCT,val
pCT/pCT3164.jpg,pCT,val
pCT/pCT3165.jpg,pCT,val
pCT/pCT3166.jpg,pCT,val
pCT/pCT3167.jpg,pCT,val
pCT/pCT3168.jpg,pCT,val
pCT/pCT3169.jpg,pCT,val
pCT/pCT3170.jpg,pCT,val
pCT/pCT3171.jpg,pCT,val
pCT/pCT3172.jpg,pCT,val
pCT/pCT3173.jpg,pCT,val
pCT/pCT3174.jpg,pCT,val
pCT/pCT3175.jpg,pCT,val
pCT/pCT3176.jpg,pCT,val
pCT/pCT3177.jpg,pCT,val
pCT/pCT3178.jpg,pCT,val
pCT/pCT3179.jpg,pCT,val
pCT/pCT3180.jpg,pCT,val
pCT/pCT3181.jpg,pCT,val
pCT/pCT3182.jpg,pCT,val
pCT/pCT3183.jpg,pCT,val
pCT/pCT3184.jpg,pCT,val
pCT/pCT3185.jpg,pCT,val
pCT/pCT3186.jpg,pCT,val
pCT/pCT3187.jpg,pCT,val
pCT/pCT3188.jpg,pCT,val
pCT/pCT3189.jpg,pCT,val
pCT/pCT3190.jpg,pCT,val
pCT/pCT3191.jpg,pCT,val
pCT/pCT3192.jpg,pCT,val
pCT/pCT3193.jpg,pCT,val
pCT/pCT3194.jpg,pCT,val
pCT/pCT3195.jpg,pCT,val
pCT/pCT3196.jpg,pCT,val
pCT/pCT3197.jpg,pCT,val
pCT/pCT3198.jpg,pCT,val
pCT/pCT3199.jpg,pCT,val
pCT/pCT3200.jpg,pCT,val
pCT/pCT3201.jpg,pCT,val
pCT/pCT3202.jpg,pCT,val
pCT/pCT3203.jpg,pCT,val
pCT/pCT3204.jpg,pCT,val
pCT/pCT3205.jpg,pCT,val
pCT/pCT3206.jpg,pCT,val
pCT/pCT3207.jpg,pCT,val
pCT/pCT3208.jpg,pCT,val
pCT/pCT3209.jpg,pCT,val
pCT/pCT3210.jpg,pCT,val
pCT/pCT3211.jpg,pCT,val
pCT/pCT3212.jpg,pCT,val
pCT/pCT3213.jpg,pCT,val
pCT/pCT3214.jpg,pCT,val
pCT/pCT3215.jpg,pCT,val
pCT/pCT3216.jpg,pCT,val
pCT/pCT3217.jpg,pCT,val
pCT/pCT3218.jpg,pCT,val
pCT/pCT3219.jpg,pCT,val
pCT/pCT3220.jpg,pCT,val
pCT/pCT3221.jpg,pCT,val
pCT/pCT3222.jpg,pCT,val
pCT/pCT3223.jpg,pCT,val
pCT/pCT3224.jpg,pCT,val
pCT/pCT3225.jpg,pCT,val
pCT/pCT3226.jpg,pCT,val
pCT/pCT3227.jpg,pCT,val
pCT/pCT3228.jpg,pCT,val
pCT/pCT3229.jpg,pCT,val
pCT/pCT3230.jpg,pCT,val
pCT/pCT3231.jpg,pCT,val
pCT/pCT3232.jpg,pCT,val
pCT/pCT3233.jpg,pCT,val
pCT/pCT3234.jpg,pCT,val
pCT/pCT3235.jpg,pCT,val
pCT/pCT3236.jpg,pCT,val
pCT/pCT3237.jpg,pCT,val
pCT/pCT3238.jpg,pCT,val
pCT/pCT3239.jpg,pCT,val
pCT/pCT3240.jpg,pCT,val
pCT/pCT3241.jpg,pCT,val
pCT/pCT3242.jpg,pCT,val
pCT/pCT3243.jpg,pCT,val
pCT/pCT3244.jpg,pCT,val
pCT/pCT3245.jpg,pCT,val
pCT/pCT3246.jpg,pCT,val
pCT/pCT3247.jpg,pCT,val
pCT/pCT3248.jpg,pCT,val
pCT/pCT3249.jpg,pCT,val
pCT/pCT3250.jpg,pCT,val
pCT/pCT3251.jpg,pCT,val
pCT/pCT3252.jpg,pCT,val
pCT/pCT3253.jpg,pCT,val
pCT/pCT3254.jpg,pCT,val
pCT/pCT3255.jpg,pCT,val
pCT/pCT3256.jpg,pCT,val
pCT/pCT3257.jpg,pCT,val
pCT/pCT3258.jpg,pCT,val
pCT/pCT3259.jpg,pCT,val
pCT/pCT3260.jpg,pCT,val
pCT/pCT3261.jpg,pCT,val
pCT/pCT3262.jpg,pCT,val
pCT/pCT3263.jpg,pCT,val
pCT/pCT3264.jpg,pCT,val
pCT/pCT3265.jpg,pCT,val
pCT/pCT3266.jpg,pCT,val
pCT/pCT3267.jpg,pCT,val
pCT/pCT3268.jpg,pCT,val
pCT/pCT3269.jpg,pCT,val
pCT/pCT3270.jpg,pCT,val
pCT/pCT3271.jpg,pCT,val
pCT/pCT3272.jpg,pCT,val
pCT/pCT3273.jpg,pCT,val
pCT/pCT3274.jpg,pCT,val
pCT/pCT3275.jpg,pCT,val
pCT/pCT3276.jpg,pCT,val
pCT/pCT3277.jpg,pCT,val
pCT/pCT3278.jpg,pCT,val
pCT/pCT3279.jpg,pCT,val
pCT/pCT3280.jpg,pCT,val
pCT/pCT3281.jpg,pCT,val
pCT/pCT3282.jpg,pCT,val
pCT/pCT3283.jpg,pCT,val
pCT/pCT3284.jpg,pCT,val
pCT/pCT3285.jpg,pCT,val
pCT/pCT3286.jpg,pCT,val
pCT/pCT3287.jpg,pCT,val
pCT/pCT3288.jpg,pCT,val
pCT/pCT3289.jpg,pCT,val
pCT/pCT3290.jpg,pCT,val
pCT/pCT3291.jpg,pCT,val
pCT/pCT3292.jpg,pCT,val
pCT/pCT3293.jpg,pCT,val
pCT/pCT3294.jpg,pCT,val
pCT/pCT3295.jpg,pCT,val
pCT/pCT3296.jpg,pCT,val
pCT/pCT3297.jpg,pCT,val
pCT/pCT3298.jpg,pCT,val
pCT/pCT3299.jpg,pCT,val
pCT/pCT3300.jpg,pCT,val
pCT/pCT3301.jpg,pCT,val
pCT/pCT3302.jpg,pCT,val
pCT/pCT3303.jpg,pCT,val
pCT/pCT3304.jpg,pCT,val
pCT/pCT3305.jpg,pCT,val
pCT/pCT3306.jpg,pCT,val
pCT/pCT3307.jpg,pCT,val
pCT/pCT3308.jpg,pCT,val
pCT/pCT3309.jpg,pCT,val
pCT/pCT3310.jpg,pCT,val
pCT/pCT3311.jpg,pCT,val
pCT/pCT3312.jpg,pCT,val
pCT/pCT3313.jpg,pCT,val
pCT/pCT3314.jpg,pCT,val
pCT/pCT3315.jpg,pCT,val
pCT/pCT3316.jpg,pCT,val
pCT/pCT3317.jpg,pCT,val
pCT/pCT3318.jpg,pCT,val
pCT/pCT3319.jpg,pCT,val
pCT/pCT3320.jpg,pCT,val
pCT/pCT3321.jpg,pCT,val
pCT/pCT3322.jpg,pCT,val
pCT/pCT3323.jpg,pCT,val
pCT/pCT3324.jpg,pCT,val
pCT/pCT3325.jpg,pCT,val
pCT/pCT3326.jpg,pCT,val
pCT/pCT3327.jpg,pCT,val
pCT/pCT3328.jpg,pCT,val
pCT/pCT3329.jpg,pCT,val
pCT/pCT3330.jpg,pCT,val
pCT/pCT3331.jpg,pCT,val
pCT/pCT3332.jpg,pCT,val
pCT/pCT3333.jpg,pCT,val
pCT/pCT3334.jpg,pCT,val
pCT/pCT3335.jpg,pCT,val
pCT/pCT3336.jpg,pCT,val
pCT/pCT3337.jpg,pCT,val
pCT/pCT3338.jpg,pCT,val
pCT/pCT3339.jpg,pCT,val
pCT/pCT3340.jpg,pCT,val
pCT/pCT3341.jpg,pCT,val
pCT/pCT3342.jpg,pCT,val
pCT/pCT3343.jpg,pCT,val
pCT/pCT3344.jpg,pCT,val
pCT/pCT3345.jpg,pCT,val
pCT/pCT3346.jpg,pCT,val
pCT/pCT3347.jpg,pCT,val
pCT/pCT3348.jpg,pCT,val
pCT/pCT3349.jpg,pCT,val
pCT/pCT3350.jpg,pCT,val
pCT/pCT3351.jpg,pCT,val
pCT/pCT3352.jpg,pCT,val
pCT/pCT3353.jpg,pCT,val
pCT/pCT3354.jpg,pCT,val
pCT/pCT3355.jpg,pCT,val
pCT/pCT3356.jpg,pCT,val
pCT/pCT3357.jpg,pCT,val
pCT/pCT3358.jpg,pCT,val
pCT/pCT3359.jpg,pCT,val
pCT/pCT3360.jpg,pCT,val
pCT/pCT3361.jpg,pCT,val
pCT/pCT3362.jpg,pCT,val
pCT/pCT3363.jpg,pCT,val
pCT/pCT3364.jpg,pCT,val
pCT/pCT3365.jpg,pCT,val
pCT/pCT3366.jpg,pCT,val
pCT/pCT3367.jpg,pCT,val
pCT/pCT3368.jpg,pCT,val
pCT/pCT3369.jpg,pCT,val
pCT/pCT3370.jpg,pCT,val
pCT/pCT3371.jpg,pCT,val
pCT/pCT3372.jpg,pCT,val
pCT/pCT3373.jpg,pCT,val
pCT/pCT3374.jpg,pCT,val
pCT/pCT3375.jpg,pCT,val
pCT/pCT3376.jpg,pCT,val
pCT/pCT3377.jpg,pCT,val
pCT/pCT3378.jpg,pCT,val
pCT/pCT3379.jpg,pCT,val
pCT/pCT3380.jpg,pCT,val
pCT/pCT3381.jpg,pCT,val
pCT/pCT3382.jpg,pCT,val
pCT/pCT3383.jpg,pCT,val
pCT/pCT3384.jpg,pCT,val
pCT/pCT3385.jpg,pCT,val
pCT/pCT3386.jpg,pCT,val
pCT/pCT3387.jpg,pCT,val
pCT/pCT3388.jpg,pCT,val
pCT/pCT3389.jpg,pCT,val
pCT/pCT3390.jpg,pCT,val
pCT/pCT3391.jpg,pCT,val
pCT/pCT3392.jpg,pCT,val
pCT/pCT3393.jpg,pCT,val
pCT/pCT3394.jpg,pCT,val
pCT/pCT3395.jpg,pCT,val
pCT/pCT3396.jpg,pCT,val
pCT/pCT3397.jpg,pCT,val
pCT/pCT3398.jpg,pCT,val
pCT/pCT3399.jpg,pCT,val
pCT/pCT3400.jpg,pCT,val
pCT/pCT3401.jpg,pCT,val
nCT/nCT6832.jpg,nCT,test
nCT/nCT6833.jpg,nCT,test
nCT/nCT6834.jpg,nCT,test
nCT/nCT6835.jpg,nCT,test
nCT/nCT6838.jpg,nCT,test
nCT/nCT6840.jpg,nCT,test
nCT/nCT6846.jpg,nCT,test
nCT/nCT6858.jpg,nCT,test
nCT/nCT6864.jpg,nCT,test
nCT/nCT6871.jpg,nCT,test
nCT/nCT6876.jpg,nCT,test
nCT/nCT6877.jpg,nCT,test
nCT/nCT6878.jpg,nCT,test
nCT/nCT6883.jpg,nCT,test
nCT/nCT6884.jpg,nCT,test
nCT/nCT6890.jpg,nCT,test
nCT/nCT6893.jpg,nCT,test
nCT/nCT6902.jpg,nCT,test
nCT/nCT6904.jpg,nCT,test
nCT/nCT6908.jpg,nCT,test
nCT/nCT6921.jpg,nCT,test
nCT/nCT6922.jpg,nCT,test
nCT/nCT6923.jpg,nCT,test
nCT/nCT6924.jpg,nCT,test
nCT/nCT6929.jpg,nCT,test
nCT/nCT6930.jpg,nCT,test
nCT/nCT6936.jpg,nCT,test
nCT/nCT6937.jpg,nCT,test
nCT/nCT6938.jpg,nCT,test
nCT/nCT6950.jpg,nCT,test
nCT/nCT6955.jpg,nCT,test
nCT/nCT6967.jpg,nCT,test
nCT/nCT6968.jpg,nCT,test
nCT/nCT6969.jpg,nCT,test
nCT/nCT6970.jpg,nCT,test
nCT/nCT6975.jpg,nCT,test
nCT/nCT6976.jpg,nCT,test
nCT/nCT6982.jpg,nCT,test
nCT/nCT6983.jpg,nCT,test
nCT/nCT6995.jpg,nCT,test
nCT/nCT7000.jpg,nCT,test
nCT/nCT7013.jpg,nCT,test
nCT/nCT7014.jpg,nCT,test
nCT/nCT7016.jpg,nCT,test
nCT/nCT7020.jpg,nCT,test
nCT/nCT7021.jpg,nCT,test
nCT/nCT7028.jpg,nCT,test
nCT/nCT7040.jpg,nCT,test
nCT/nCT7045.jpg,nCT,test
nCT/nCT7048.jpg,nCT,test
nCT/nCT7061.jpg,nCT,test
nCT/nCT7064.jpg,nCT,test
nCT/nCT7066.jpg,nCT,test
nCT/nCT7067.jpg,nCT,test
nCT/nCT7070.jpg,nCT,test
nCT/nCT7071.jpg,nCT,test
nCT/nCT7072.jpg,nCT,test
nCT/nCT7076.jpg,nCT,test
nCT/nCT7078.jpg,nCT,test
nCT/nCT7079.jpg,nCT,test
nCT/nCT7080.jpg,nCT,test
nCT/nCT7083.jpg,nCT,test
nCT/nCT7087.jpg,nCT,test
nCT/nCT7089.jpg,nCT,test
nCT/nCT7099.jpg,nCT,test
nCT/nCT7100.jpg,nCT,test
nCT/nCT7103.jpg,nCT,test
nCT/nCT7107.jpg,nCT,test
nCT/nCT7108.jpg,nCT,test
nCT/nCT7109.jpg,nCT,test
nCT/nCT7111.jpg,nCT,test
nCT/nCT7114.jpg,nCT,test
nCT/nCT7118.jpg,nCT,test
nCT/nCT7119.jpg,nCT,test
nCT/nCT7122.jpg,nCT,test
nCT/nCT7123.jpg,nCT,test
nCT/nCT7125.jpg,nCT,test
nCT/nCT7133.jpg,nCT,test
nCT/nCT7137.jpg,nCT,test
nCT/nCT7142.jpg,nCT,test
nCT/nCT7144.jpg,nCT,test
nCT/nCT7147.jpg,nCT,test
nCT/nCT7148.jpg,nCT,test
nCT/nCT7149.jpg,nCT,test
nCT/nCT7150.jpg,nCT,test
nCT/nCT7151.jpg,nCT,test
nCT/nCT7155.jpg,nCT,test
nCT/nCT7158.jpg,nCT,test
nCT/nCT7159.jpg,nCT,test
nCT/nCT7160.jpg,nCT,test
nCT/nCT7163.jpg,nCT,test
nCT/nCT7164.jpg,nCT,test
nCT/nCT7166.jpg,nCT,test
nCT/nCT7177.jpg,nCT,test
nCT/nCT7178.jpg,nCT,test
nCT/nCT7183.jpg,nCT,test
nCT/nCT7187.jpg,nCT,test
nCT/nCT7188.jpg,nCT,test
nCT/nCT7189.jpg,nCT,test
nCT/nCT7190.jpg,nCT,test
nCT/nCT7191.jpg,nCT,test
nCT/nCT7192.jpg,nCT,test
nCT/nCT7198.jpg,nCT,test
nCT/nCT7199.jpg,nCT,test
nCT/nCT7201.jpg,nCT,test
nCT/nCT7204.jpg,nCT,test
nCT/nCT7205.jpg,nCT,test
nCT/nCT7211.jpg,nCT,test
nCT/nCT7216.jpg,nCT,test
nCT/nCT7222.jpg,nCT,test
nCT/nCT7224.jpg,nCT,test
nCT/nCT7228.jpg,nCT,test
nCT/nCT7229.jpg,nCT,test
nCT/nCT7230.jpg,nCT,test
nCT/nCT7231.jpg,nCT,test
nCT/nCT7232.jpg,nCT,test
nCT/nCT7239.jpg,nCT,test
nCT/nCT7240.jpg,nCT,test
nCT/nCT7241.jpg,nCT,test
nCT/nCT7244.jpg,nCT,test
nCT/nCT7245.jpg,nCT,test
nCT/nCT7246.jpg,nCT,test
nCT/nCT7255.jpg,nCT,test
nCT/nCT7257.jpg,nCT,test
nCT/nCT7264.jpg,nCT,test
nCT/nCT7266.jpg,nCT,test
nCT/nCT7269.jpg,nCT,test
nCT/nCT7270.jpg,nCT,test
nCT/nCT7271.jpg,nCT,test
nCT/nCT7272.jpg,nCT,test
nCT/nCT7273.jpg,nCT,test
nCT/nCT7277.jpg,nCT,test
nCT/nCT7279.jpg,nCT,test
nCT/nCT7280.jpg,nCT,test
nCT/nCT7281.jpg,nCT,test
nCT/nCT7284.jpg,nCT,test
nCT/nCT7285.jpg,nCT,test
nCT/nCT7286.jpg,nCT,test
nCT/nCT7288.jpg,nCT,test
nCT/nCT7289.jpg,nCT,test
nCT/nCT7298.jpg,nCT,test
nCT/nCT7300.jpg,nCT,test
nCT/nCT7306.jpg,nCT,test
nCT/nCT7310.jpg,nCT,test
nCT/nCT7312.jpg,nCT,test
nCT/nCT7313.jpg,nCT,test
nCT/nCT7314.jpg,nCT,test
nCT/nCT7321.jpg,nCT,test
nCT/nCT7322.jpg,nCT,test
nCT/nCT7323.jpg,nCT,test
nCT/nCT7324.jpg,nCT,test
nCT/nCT7325.jpg,nCT,test
nCT/nCT7326.jpg,nCT,test
nCT/nCT7327.jpg,nCT,test
nCT/nCT7332.jpg,nCT,test
nCT/nCT7333.jpg,nCT,test
nCT/nCT7334.jpg,nCT,test
nCT/nCT7339.jpg,nCT,test
nCT/nCT7340.jpg,nCT,test
nCT/nCT7344.jpg,nCT,test
nCT/nCT7352.jpg,nCT,test
nCT/nCT7356.jpg,nCT,test
nCT/nCT7361.jpg,nCT,test
nCT/nCT7362.jpg,nCT,test
nCT/nCT7363.jpg,nCT,test
nCT/nCT7364.jpg,nCT,test
nCT/nCT7371.jpg,nCT,test
nCT/nCT7372.jpg,nCT,test
nCT/nCT7373.jpg,nCT,test
nCT/nCT7374.jpg,nCT,test
nCT/nCT7375.jpg,nCT,test
nCT/nCT7376.jpg,nCT,test
nCT/nCT7382.jpg,nCT,test
nCT/nCT7383.jpg,nCT,test
nCT/nCT7389.jpg,nCT,test
nCT/nCT7390.jpg,nCT,test
nCT/nCT7399.jpg,nCT,test
nCT/nCT7400.jpg,nCT,test
nCT/nCT7403.jpg,nCT,test
nCT/nCT7406.jpg,nCT,test
nCT/nCT7411.jpg,nCT,test
nCT/nCT7412.jpg,nCT,test
nCT/nCT7413.jpg,nCT,test
nCT/nCT7414.jpg,nCT,test
nCT/nCT7415.jpg,nCT,test
nCT/nCT7422.jpg,nCT,test
nCT/nCT7423.jpg,nCT,test
nCT/nCT7424.jpg,nCT,test
nCT/nCT7425.jpg,nCT,test
nCT/nCT7426.jpg,nCT,test
nCT/nCT7427.jpg,nCT,test
nCT/nCT7429.jpg,nCT,test
nCT/nCT7433.jpg,nCT,test
nCT/nCT7434.jpg,nCT,test
nCT/nCT7435.jpg,nCT,test
nCT/nCT7440.jpg,nCT,test
nCT/nCT7441.jpg,nCT,test
nCT/nCT7444.jpg,nCT,test
nCT/nCT7452.jpg,nCT,test
nCT/nCT7455.jpg,nCT,test
nCT/nCT7457.jpg,nCT,test
nCT/nCT7463.jpg,nCT,test
nCT/nCT7464.jpg,nCT,test
nCT/nCT7465.jpg,nCT,test
nCT/nCT7467.jpg,nCT,test
nCT/nCT7473.jpg,nCT,test
nCT/nCT7474.jpg,nCT,test
nCT/nCT7475.jpg,nCT,test
nCT/nCT7476.jpg,nCT,test
nCT/nCT7477.jpg,nCT,test
nCT/nCT7478.jpg,nCT,test
nCT/nCT7480.jpg,nCT,test
nCT/nCT7484.jpg,nCT,test
nCT/nCT7485.jpg,nCT,test
nCT/nCT7488.jpg,nCT,test
nCT/nCT7491.jpg,nCT,test
nCT/nCT7492.jpg,nCT,test
nCT/nCT7499.jpg,nCT,test
nCT/nCT7503.jpg,nCT,test
nCT/nCT7507.jpg,nCT,test
nCT/nCT7510.jpg,nCT,test
nCT/nCT7515.jpg,nCT,test
nCT/nCT7516.jpg,nCT,test
nCT/nCT7517.jpg,nCT,test
nCT/nCT7518.jpg,nCT,test
nCT/nCT7525.jpg,nCT,test
nCT/nCT7526.jpg,nCT,test
nCT/nCT7527.jpg,nCT,test
nCT/nCT7528.jpg,nCT,test
nCT/nCT7529.jpg,nCT,test
nCT/nCT7531.jpg,nCT,test
nCT/nCT7536.jpg,nCT,test
nCT/nCT7537.jpg,nCT,test
nCT/nCT7542.jpg,nCT,test
nCT/nCT7543.jpg,nCT,test
nCT/nCT7554.jpg,nCT,test
nCT/nCT7555.jpg,nCT,test
nCT/nCT7560.jpg,nCT,test
nCT/nCT7566.jpg,nCT,test
nCT/nCT7567.jpg,nCT,test
nCT/nCT7568.jpg,nCT,test
nCT/nCT7569.jpg,nCT,test
nCT/nCT7570.jpg,nCT,test
nCT/nCT7575.jpg,nCT,test
nCT/nCT7576.jpg,nCT,test
nCT/nCT7577.jpg,nCT,test
nCT/nCT7578.jpg,nCT,test
nCT/nCT7579.jpg,nCT,test
nCT/nCT7580.jpg,nCT,test
nCT/nCT7581.jpg,nCT,test
nCT/nCT7586.jpg,nCT,test
nCT/nCT7587.jpg,nCT,test
nCT/nCT7588.jpg,nCT,test
nCT/nCT7593.jpg,nCT,test
nCT/nCT7594.jpg,nCT,test
nCT/nCT7599.jpg,nCT,test
nCT/nCT7606.jpg,nCT,test
nCT/nCT7610.jpg,nCT,test
nCT/nCT7611.jpg,nCT,test
nCT/nCT7617.jpg,nCT,test
nCT/nCT7618.jpg,nCT,test
nCT/nCT7619.jpg,nCT,test
nCT/nCT7620.jpg,nCT,test
nCT/nCT9959.jpg,nCT,test
nCT/nCT9960.jpg,nCT,test
nCT/nCT9961.jpg,nCT,test
nCT/nCT9962.jpg,nCT,test
nCT/nCT9963.jpg,nCT,test
nCT/nCT9964.jpg,nCT,test
nCT/nCT9965.jpg,nCT,test
nCT/nCT9966.jpg,nCT,test
nCT/nCT9967.jpg,nCT,test
nCT/nCT9968.jpg,nCT,test
nCT/nCT9969.jpg,nCT,test
nCT/nCT9970.jpg,nCT,test
nCT/nCT9971.jpg,nCT,test
nCT/nCT9972.jpg,nCT,test
nCT/nCT9979.jpg,nCT,test
nCT/nCT8745.jpg,nCT,test
nCT/nCT8746.jpg,nCT,test
nCT/nCT8747.jpg,nCT,test
nCT/nCT8748.jpg,nCT,test
nCT/nCT8749.jpg,nCT,test
nCT/nCT8750.jpg,nCT,test
nCT/nCT8751.jpg,nCT,test
nCT/nCT8752.jpg,nCT,test
nCT/nCT8753.jpg,nCT,test
nCT/nCT8754.jpg,nCT,test
nCT/nCT8755.jpg,nCT,test
nCT/nCT8756.jpg,nCT,test
nCT/nCT8757.jpg,nCT,test
nCT/nCT8758.jpg,nCT,test
nCT/nCT8759.jpg,nCT,test
nCT/nCT8760.jpg,nCT,test
nCT/nCT8761.jpg,nCT,test
nCT/nCT8762.jpg,nCT,test
nCT/nCT8763.jpg,nCT,test
nCT/nCT8764.jpg,nCT,test
nCT/nCT8765.jpg,nCT,test
nCT/nCT8766.jpg,nCT,test
nCT/nCT8767.jpg,nCT,test
nCT/nCT8768.jpg,nCT,test
nCT/nCT8769.jpg,nCT,test
nCT/nCT8770.jpg,nCT,test
nCT/nCT8771.jpg,nCT,test
nCT/nCT8772.jpg,nCT,test
nCT/nCT8773.jpg,nCT,test
nCT/nCT8774.jpg,nCT,test
nCT/nCT8775.jpg,nCT,test
nCT/nCT8776.jpg,nCT,test
nCT/nCT8777.jpg,nCT,test
nCT/nCT8778.jpg,nCT,test
nCT/nCT8779.jpg,nCT,test
nCT/nCT8780.jpg,nCT,test
nCT/nCT8781.jpg,nCT,test
nCT/nCT8782.jpg,nCT,test
nCT/nCT8783.jpg,nCT,test
nCT/nCT8784.jpg,nCT,test
nCT/nCT8785.jpg,nCT,test
nCT/nCT8786.jpg,nCT,test
nCT/nCT8787.jpg,nCT,test
nCT/nCT8788.jpg,nCT,test
nCT/nCT8789.jpg,nCT,test
nCT/nCT8790.jpg,nCT,test
nCT/nCT8791.jpg,nCT,test
nCT/nCT8792.jpg,nCT,test
nCT/nCT8793.jpg,nCT,test
nCT/nCT8794.jpg,nCT,test
nCT/nCT8795.jpg,nCT,test
nCT/nCT8796.jpg,nCT,test
nCT/nCT8797.jpg,nCT,test
nCT/nCT8798.jpg,nCT,test
nCT/nCT8799.jpg,nCT,test
nCT/nCT8800.jpg,nCT,test
nCT/nCT8801.jpg,nCT,test
nCT/nCT8802.jpg,nCT,test
nCT/nCT8803.jpg,nCT,test
nCT/nCT8804.jpg,nCT,test
nCT/nCT8805.jpg,nCT,test
nCT/nCT8806.jpg,nCT,test
nCT/nCT8807.jpg,nCT,test
nCT/nCT8808.jpg,nCT,test
nCT/nCT8809.jpg,nCT,test
nCT/nCT8810.jpg,nCT,test
nCT/nCT8811.jpg,nCT,test
nCT/nCT8812.jpg,nCT,test
nCT/nCT8813.jpg,nCT,test
nCT/nCT8814.jpg,nCT,test
nCT/nCT8815.jpg,nCT,test
nCT/nCT8816.jpg,nCT,test
nCT/nCT8817.jpg,nCT,test
nCT/nCT8818.jpg,nCT,test
nCT/nCT8819.jpg,nCT,test
nCT/nCT8820.jpg,nCT,test
nCT/nCT8821.jpg,nCT,test
nCT/nCT8822.jpg,nCT,test
nCT/nCT8823.jpg,nCT,test
nCT/nCT8824.jpg,nCT,test
nCT/nCT8825.jpg,nCT,test
nCT/nCT8826.jpg,nCT,test
nCT/nCT8827.jpg,nCT,test
nCT/nCT8828.jpg,nCT,test
nCT/nCT8829.jpg,nCT,test
nCT/nCT8830.jpg,nCT,test
nCT/nCT8831.jpg,nCT,test
nCT/nCT8832.jpg,nCT,test
nCT/nCT8833.jpg,nCT,test
nCT/nCT8834.jpg,nCT,test
nCT/nCT8835.jpg,nCT,test
nCT/nCT8836.jpg,nCT,test
nCT/nCT8837.jpg,nCT,test
nCT/nCT8838.jpg,nCT,test
nCT/nCT8839.jpg,nCT,test
nCT/nCT8840.jpg,nCT,test
nCT/nCT8841.jpg,nCT,test
nCT/nCT8842.jpg,nCT,test
nCT/nCT8843.jpg,nCT,test
nCT/nCT8844.jpg,nCT,test
nCT/nCT8845.jpg,nCT,test
nCT/nCT8846.jpg,nCT,test
nCT/nCT8847.jpg,nCT,test
nCT/nCT8848.jpg,nCT,test
nCT/nCT8849.jpg,nCT,test
nCT/nCT8850.jpg,nCT,test
nCT/nCT8851.jpg,nCT,test
nCT/nCT8852.jpg,nCT,test
nCT/nCT8853.jpg,nCT,test
nCT/nCT8854.jpg,nCT,test
nCT/nCT8855.jpg,nCT,test
nCT/nCT8856.jpg,nCT,test
nCT/nCT8857.jpg,nCT,test
nCT/nCT8858.jpg,nCT,test
nCT/nCT8859.jpg,nCT,test
nCT/nCT8860.jpg,nCT,test
nCT/nCT8861.jpg,nCT,test
nCT/nCT8862.jpg,nCT,test
nCT/nCT8863.jpg,nCT,test
nCT/nCT8864.jpg,nCT,test
nCT/nCT8865.jpg,nCT,test
nCT/nCT8866.jpg,nCT,test
nCT/nCT8867.jpg,nCT,test
nCT/nCT8868.jpg,nCT,test
nCT/nCT8869.jpg,nCT,test
nCT/nCT8870.jpg,nCT,test
nCT/nCT8871.jpg,nCT,test
nCT/nCT8872.jpg,nCT,test
nCT/nCT8873.jpg,nCT,test
nCT/nCT8874.jpg,nCT,test
nCT/nCT8875.jpg,nCT,test
nCT/nCT8876.jpg,nCT,test
nCT/nCT8877.jpg,nCT,test
nCT/nCT8878.jpg,nCT,test
nCT/nCT8879.jpg,nCT,test
nCT/nCT8880.jpg,nCT,test
nCT/nCT8881.jpg,nCT,test
nCT/nCT8882.jpg,nCT,test
nCT/nCT8883.jpg,nCT,test
nCT/nCT8884.jpg,nCT,test
nCT/nCT8885.jpg,nCT,test
nCT/nCT8886.jpg,nCT,test
nCT/nCT8887.jpg,nCT,test
nCT/nCT8888.jpg,nCT,test
nCT/nCT8889.jpg,nCT,test
nCT/nCT8890.jpg,nCT,test
nCT/nCT8891.jpg,nCT,test
nCT/nCT8892.jpg,nCT,test
nCT/nCT8893.jpg,nCT,test
nCT/nCT8894.jpg,nCT,test
nCT/nCT8895.jpg,nCT,test
nCT/nCT8896.jpg,nCT,test
nCT/nCT8897.jpg,nCT,test
nCT/nCT8898.jpg,nCT,test
nCT/nCT8899.jpg,nCT,test
nCT/nCT8900.jpg,nCT,test
nCT/nCT8901.jpg,nCT,test
nCT/nCT8902.jpg,nCT,test
nCT/nCT8903.jpg,nCT,test
nCT/nCT8904.jpg,nCT,test
nCT/nCT8905.jpg,nCT,test
nCT/nCT8906.jpg,nCT,test
nCT/nCT8907.jpg,nCT,test
nCT/nCT8908.jpg,nCT,test
nCT/nCT8909.jpg,nCT,test
nCT/nCT8910.jpg,nCT,test
nCT/nCT8911.jpg,nCT,test
nCT/nCT8912.jpg,nCT,test
nCT/nCT8913.jpg,nCT,test
nCT/nCT8914.jpg,nCT,test
nCT/nCT8915.jpg,nCT,test
nCT/nCT8916.jpg,nCT,test
nCT/nCT8917.jpg,nCT,test
nCT/nCT8918.jpg,nCT,test
nCT/nCT8919.jpg,nCT,test
nCT/nCT8920.jpg,nCT,test
nCT/nCT8921.jpg,nCT,test
nCT/nCT8922.jpg,nCT,test
nCT/nCT8923.jpg,nCT,test
nCT/nCT8924.jpg,nCT,test
nCT/nCT8925.jpg,nCT,test
nCT/nCT8926.jpg,nCT,test
nCT/nCT8927.jpg,nCT,test
nCT/nCT8928.jpg,nCT,test
nCT/nCT8929.jpg,nCT,test
nCT/nCT8930.jpg,nCT,test
nCT/nCT8931.jpg,nCT,test
nCT/nCT8932.jpg,nCT,test
nCT/nCT8933.jpg,nCT,test
nCT/nCT8934.jpg,nCT,test
nCT/nCT8935.jpg,nCT,test
nCT/nCT8936.jpg,nCT,test
nCT/nCT8937.jpg,nCT,test
nCT/nCT8938.jpg,nCT,test
nCT/nCT8939.jpg,nCT,test
nCT/nCT8940.jpg,nCT,test
nCT/nCT8941.jpg,nCT,test
nCT/nCT8942.jpg,nCT,test
nCT/nCT8943.jpg,nCT,test
nCT/nCT8944.jpg,nCT,test
nCT/nCT8945.jpg,nCT,test
nCT/nCT8946.jpg,nCT,test
nCT/nCT8947.jpg,nCT,test
nCT/nCT8948.jpg,nCT,test
nCT/nCT8949.jpg,nCT,test
nCT/nCT8950.jpg,nCT,test
nCT/nCT8951.jpg,nCT,test
nCT/nCT8952.jpg,nCT,test
nCT/nCT8953.jpg,nCT,test
nCT/nCT8954.jpg,nCT,test
nCT/nCT8955.jpg,nCT,test
nCT/nCT8956.jpg,nCT,test
nCT/nCT8957.jpg,nCT,test
nCT/nCT8958.jpg,nCT,test
nCT/nCT8959.jpg,nCT,test
nCT/nCT8960.jpg,nCT,test
nCT/nCT8961.jpg,nCT,test
nCT/nCT8962.jpg,nCT,test
nCT/nCT8963.jpg,nCT,test
nCT/nCT8964.jpg,nCT,test
nCT/nCT8965.jpg,nCT,test
nCT/nCT8966.jpg,nCT,test
nCT/nCT8967.jpg,nCT,test
nCT/nCT8968.jpg,nCT,test
nCT/nCT8969.jpg,nCT,test
nCT/nCT8970.jpg,nCT,test
nCT/nCT8971.jpg,nCT,test
nCT/nCT8972.jpg,nCT,test
nCT/nCT8973.jpg,nCT,test
nCT/nCT8974.jpg,nCT,test
nCT/nCT8975.jpg,nCT,test
nCT/nCT8976.jpg,nCT,test
nCT/nCT8977.jpg,nCT,test
nCT/nCT8978.jpg,nCT,test
nCT/nCT8979.jpg,nCT,test
nCT/nCT8980.jpg,nCT,test
nCT/nCT8981.jpg,nCT,test
nCT/nCT8982.jpg,nCT,test
nCT/nCT8983.jpg,nCT,test
nCT/nCT8984.jpg,nCT,test
nCT/nCT8985.jpg,nCT,test
nCT/nCT8986.jpg,nCT,test
nCT/nCT8987.jpg,nCT,test
nCT/nCT8988.jpg,nCT,test
nCT/nCT8989.jpg,nCT,test
nCT/nCT8990.jpg,nCT,test
nCT/nCT8991.jpg,nCT,test
nCT/nCT8992.jpg,nCT,test
nCT/nCT8993.jpg,nCT,test
nCT/nCT8994.jpg,nCT,test
nCT/nCT8995.jpg,nCT,test
nCT/nCT8996.jpg,nCT,test
nCT/nCT8997.jpg,nCT,test
nCT/nCT8998.jpg,nCT,test
nCT/nCT8999.jpg,nCT,test
nCT/nCT9000.jpg,nCT,test
nCT/nCT9001.jpg,nCT,test
nCT/nCT9002.jpg,nCT,test
nCT/nCT9003.jpg,nCT,test
nCT/nCT9004.jpg,nCT,test
nCT/nCT9005.jpg,nCT,test
nCT/nCT9006.jpg,nCT,test
nCT/nCT9007.jpg,nCT,test
nCT/nCT9008.jpg,nCT,test
nCT/nCT9009.jpg,nCT,test
nCT/nCT9010.jpg,nCT,test
nCT/nCT9011.jpg,nCT,test
nCT/nCT9012.jpg,nCT,test
nCT/nCT9013.jpg,nCT,test
nCT/nCT9014.jpg,nCT,test
nCT/nCT9015.jpg,nCT,test
nCT/nCT9016.jpg,nCT,test
nCT/nCT9017.jpg,nCT,test
nCT/nCT9018.jpg,nCT,test
nCT/nCT9019.jpg,nCT,test
nCT/nCT9020.jpg,nCT,test
nCT/nCT9021.jpg,nCT,test
nCT/nCT9022.jpg,nCT,test
nCT/nCT9023.jpg,nCT,test
nCT/nCT9024.jpg,nCT,test
nCT/nCT9025.jpg,nCT,test
nCT/nCT9026.jpg,nCT,test
nCT/nCT9027.jpg,nCT,test
nCT/nCT9028.jpg,nCT,test
nCT/nCT9029.jpg,nCT,test
nCT/nCT9030.jpg,nCT,test
nCT/nCT9031.jpg,nCT,test
nCT/nCT9032.jpg,nCT,test
nCT/nCT9033.jpg,nCT,test
nCT/nCT9034.jpg,nCT,test
nCT/nCT9035.jpg,nCT,test
nCT/nCT9036.jpg,nCT,test
nCT/nCT9037.jpg,nCT,test
nCT/nCT9038.jpg,nCT,test
nCT/nCT9039.jpg,nCT,test
nCT/nCT9040.jpg,nCT,test
nCT/nCT9041.jpg,nCT,test
nCT/nCT9042.jpg,nCT,test
nCT/nCT9043.jpg,nCT,test
nCT/nCT9044.jpg,nCT,test
nCT/nCT9045.jpg,nCT,test
nCT/nCT9046.jpg,nCT,test
nCT/nCT9047.jpg,nCT,test
nCT/nCT9048.jpg,nCT,test
nCT/nCT9049.jpg,nCT,test
nCT/nCT9050.jpg,nCT,test
nCT/nCT9051.jpg,nCT,test
nCT/nCT9052.jpg,nCT,test
nCT/nCT9053.jpg,nCT,test
nCT/nCT9054.jpg,nCT,test
nCT/nCT9055.jpg,nCT,test
nCT/nCT9056.jpg,nCT,test
nCT/nCT9057.jpg,nCT,test
nCT/nCT9058.jpg,nCT,test
nCT/nCT9059.jpg,nCT,test
nCT/nCT9060.jpg,nCT,test
nCT/nCT9061.jpg,nCT,test
nCT/nCT9062.jpg,nCT,test
nCT/nCT9063.jpg,nCT,test
nCT/nCT9064.jpg,nCT,test
nCT/nCT9065.jpg,nCT,test
nCT/nCT9066.jpg,nCT,test
nCT/nCT9067.jpg,nCT,test
nCT/nCT9068.jpg,nCT,test
nCT/nCT9069.jpg,nCT,test
nCT/nCT9070.jpg,nCT,test
nCT/nCT9071.jpg,nCT,test
nCT/nCT9072.jpg,nCT,test
nCT/nCT9073.jpg,nCT,test
nCT/nCT9074.jpg,nCT,test
nCT/nCT9075.jpg,nCT,test
nCT/nCT9076.jpg,nCT,test
nCT/nCT9077.jpg,nCT,test
nCT/nCT9078.jpg,nCT,test
nCT/nCT9079.jpg,nCT,test
nCT/nCT9080.jpg,nCT,test
nCT/nCT9081.jpg,nCT,test
nCT/nCT9082.jpg,nCT,test
nCT/nCT9083.jpg,nCT,test
nCT/nCT9084.jpg,nCT,test
nCT/nCT9085.jpg,nCT,test
nCT/nCT9086.jpg,nCT,test
nCT/nCT9087.jpg,nCT,test
nCT/nCT9088.jpg,nCT,test
nCT/nCT9089.jpg,nCT,test
nCT/nCT9090.jpg,nCT,test
nCT/nCT9091.jpg,nCT,test
nCT/nCT9092.jpg,nCT,test
nCT/nCT9093.jpg,nCT,test
nCT/nCT9094.jpg,nCT,test
nCT/nCT9095.jpg,nCT,test
nCT/nCT9096.jpg,nCT,test
nCT/nCT9097.jpg,nCT,test
nCT/nCT9098.jpg,nCT,test
nCT/nCT9099.jpg,nCT,test
nCT/nCT9100.jpg,nCT,test
nCT/nCT9101.jpg,nCT,test
nCT/nCT9102.jpg,nCT,test
nCT/nCT9103.jpg,nCT,test
nCT/nCT9104.jpg,nCT,test
nCT/nCT9105.jpg,nCT,test
nCT/nCT9106.jpg,nCT,test
nCT/nCT9107.jpg,nCT,test
nCT/nCT9108.jpg,nCT,test
nCT/nCT9109.jpg,nCT,test
nCT/nCT9110.jpg,nCT,test
nCT/nCT9111.jpg,nCT,test
nCT/nCT9112.jpg,nCT,test
nCT/nCT9113.jpg,nCT,test
nCT/nCT9114.jpg,nCT,test
nCT/nCT9115.jpg,nCT,test
nCT/nCT9116.jpg,nCT,test
nCT/nCT9117.jpg,nCT,test
nCT/nCT9118.jpg,nCT,test
nCT/nCT9119.jpg,nCT,test
nCT/nCT9120.jpg,nCT,test
nCT/nCT9121.jpg,nCT,test
nCT/nCT9122.jpg,nCT,test
nCT/nCT9123.jpg,nCT,test
nCT/nCT9124.jpg,nCT,test
nCT/nCT9125.jpg,nCT,test
nCT/nCT9126.jpg,nCT,test
nCT/nCT9127.jpg,nCT,test
nCT/nCT9128.jpg,nCT,test
nCT/nCT9129.jpg,nCT,test
nCT/nCT9130.jpg,nCT,test
nCT/nCT9131.jpg,nCT,test
nCT/nCT9132.jpg,nCT,test
nCT/nCT9133.jpg,nCT,test
nCT/nCT9134.jpg,nCT,test
nCT/nCT9135.jpg,nCT,test
nCT/nCT9136.jpg,nCT,test
nCT/nCT9137.jpg,nCT,test
nCT/nCT9138.jpg,nCT,test
nCT/nCT9139.jpg,nCT,test
nCT/nCT9140.jpg,nCT,test
nCT/nCT9141.jpg,nCT,test
nCT/nCT9142.jpg,nCT,test
nCT/nCT9143.jpg,nCT,test
nCT/nCT9144.jpg,nCT,test
nCT/nCT9145.jpg,nCT,test
nCT/nCT9146.jpg,nCT,test
nCT/nCT9147.jpg,nCT,test
nCT/nCT9148.jpg,nCT,test
nCT/nCT9149.jpg,nCT,test
nCT/nCT9150.jpg,nCT,test
nCT/nCT9151.jpg,nCT,test
nCT/nCT9152.jpg,nCT,test
nCT/nCT9153.jpg,nCT,test
nCT/nCT9154.jpg,nCT,test
nCT/nCT9155.jpg,nCT,test
nCT/nCT9156.jpg,nCT,test
nCT/nCT9157.jpg,nCT,test
nCT/nCT9158.jpg,nCT,test
nCT/nCT9159.jpg,nCT,test
nCT/nCT9160.jpg,nCT,test
nCT/nCT9161.jpg,nCT,test
nCT/nCT9162.jpg,nCT,test
nCT/nCT9163.jpg,nCT,test
nCT/nCT9164.jpg,nCT,test
nCT/nCT9165.jpg,nCT,test
nCT/nCT9166.jpg,nCT,test
nCT/nCT9167.jpg,nCT,test
nCT/nCT9168.jpg,nCT,test
nCT/nCT9169.jpg,nCT,test
nCT/nCT9170.jpg,nCT,test
nCT/nCT9171.jpg,nCT,test
nCT/nCT9172.jpg,nCT,test
nCT/nCT9173.jpg,nCT,test
nCT/nCT9174.jpg,nCT,test
nCT/nCT9175.jpg,nCT,test
nCT/nCT9176.jpg,nCT,test
nCT/nCT9177.jpg,nCT,test
nCT/nCT9178.jpg,nCT,test
nCT/nCT9179.jpg,nCT,test
nCT/nCT9180.jpg,nCT,test
nCT/nCT9181.jpg,nCT,test
nCT/nCT9182.jpg,nCT,test
nCT/nCT9183.jpg,nCT,test
nCT/nCT9184.jpg,nCT,test
nCT/nCT9185.jpg,nCT,test
nCT/nCT9186.jpg,nCT,test
nCT/nCT9187.jpg,nCT,test
nCT/nCT9188.jpg,nCT,test
nCT/nCT9189.jpg,nCT,test
nCT/nCT9190.jpg,nCT,test
nCT/nCT9191.jpg,nCT,test
nCT/nCT9192.jpg,nCT,test
nCT/nCT9193.jpg,nCT,test
nCT/nCT9194.jpg,nCT,test
nCT/nCT9195.jpg,nCT,test
nCT/nCT9196.jpg,nCT,test
nCT/nCT9197.jpg,nCT,test
nCT/nCT9198.jpg,nCT,test
nCT/nCT9199.jpg,nCT,test
nCT/nCT9200.jpg,nCT,test
nCT/nCT9201.jpg,nCT,test
nCT/nCT9202.jpg,nCT,test
nCT/nCT9203.jpg,nCT,test
nCT/nCT9204.jpg,nCT,test
nCT/nCT9205.jpg,nCT,test
nCT/nCT9206.jpg,nCT,test
nCT/nCT9207.jpg,nCT,test
nCT/nCT9208.jpg,nCT,test
nCT/nCT9209.jpg,nCT,test
nCT/nCT9210.jpg,nCT,test
nCT/nCT9211.jpg,nCT,test
nCT/nCT9212.jpg,nCT,test
nCT/nCT9213.jpg,nCT,test
nCT/nCT9214.jpg,nCT,test
nCT/nCT9215.jpg,nCT,test
nCT/nCT9216.jpg,nCT,test
nCT/nCT9217.jpg,nCT,test
nCT/nCT9218.jpg,nCT,test
nCT/nCT9219.jpg,nCT,test
nCT/nCT9220.jpg,nCT,test
nCT/nCT9221.jpg,nCT,test
nCT/nCT9222.jpg,nCT,test
nCT/nCT9223.jpg,nCT,test
nCT/nCT9224.jpg,nCT,test
nCT/nCT9225.jpg,nCT,test
nCT/nCT9226.jpg,nCT,test
nCT/nCT9227.jpg,nCT,test
nCT/nCT9228.jpg,nCT,test
nCT/nCT9229.jpg,nCT,test
nCT/nCT9230.jpg,nCT,test
nCT/nCT9231.jpg,nCT,test
nCT/nCT9232.jpg,nCT,test
nCT/nCT9233.jpg,nCT,test
nCT/nCT9234.jpg,nCT,test
nCT/nCT9235.jpg,nCT,test
nCT/nCT9236.jpg,nCT,test
nCT/nCT9237.jpg,nCT,test
nCT/nCT9238.jpg,nCT,test
nCT/nCT9239.jpg,nCT,test
nCT/nCT9240.jpg,nCT,test
nCT/nCT9241.jpg,nCT,test
nCT/nCT9242.jpg,nCT,test
nCT/nCT9243.jpg,nCT,test
nCT/nCT9244.jpg,nCT,test
nCT/nCT9245.jpg,nCT,test
nCT/nCT9246.jpg,nCT,test
nCT/nCT9247.jpg,nCT,test
nCT/nCT9248.jpg,nCT,test
nCT/nCT9249.jpg,nCT,test
nCT/nCT9250.jpg,nCT,test
nCT/nCT9251.jpg,nCT,test
nCT/nCT9252.jpg,nCT,test
nCT/nCT9253.jpg,nCT,test
nCT/nCT9254.jpg,nCT,test
nCT/nCT9255.jpg,nCT,test
nCT/nCT9256.jpg,nCT,test
nCT/nCT9257.jpg,nCT,test
nCT/nCT9258.jpg,nCT,test
nCT/nCT9259.jpg,nCT,test
nCT/nCT9260.jpg,nCT,test
nCT/nCT9261.jpg,nCT,test
nCT/nCT9262.jpg,nCT,test
nCT/nCT9263.jpg,nCT,test
nCT/nCT9264.jpg,nCT,test
nCT/nCT9265.jpg,nCT,test
nCT/nCT9266.jpg,nCT,test
nCT/nCT9267.jpg,nCT,test
nCT/nCT9268.jpg,nCT,test
nCT/nCT9269.jpg,nCT,test
nCT/nCT9270.jpg,nCT,test
nCT/nCT9271.jpg,nCT,test
nCT/nCT9272.jpg,nCT,test
nCT/nCT9273.jpg,nCT,test
nCT/nCT9274.jpg,nCT,test
nCT/nCT9275.jpg,nCT,test
nCT/nCT9276.jpg,nCT,test
nCT/nCT9277.jpg,nCT,test
nCT/nCT9278.jpg,nCT,test
nCT/nCT9279.jpg,nCT,test
nCT/nCT9280.jpg,nCT,test
nCT/nCT9281.jpg,nCT,test
nCT/nCT9282.jpg,nCT,test
nCT/nCT9283.jpg,nCT,test
nCT/nCT9284.jpg,nCT,test
nCT/nCT9285.jpg,nCT,test
nCT/nCT9286.jpg,nCT,test
nCT/nCT9287.jpg,nCT,test
nCT/nCT9288.jpg,nCT,test
nCT/nCT9289.jpg,nCT,test
nCT/nCT9290.jpg,nCT,test
nCT/nCT9291.jpg,nCT,test
nCT/nCT9292.jpg,nCT,test
nCT/nCT9293.jpg,nCT,test
nCT/nCT9294.jpg,nCT,test
nCT/nCT9295.jpg,nCT,test
nCT/nCT9296.jpg,nCT,test
nCT/nCT9297.jpg,nCT,test
nCT/nCT9298.jpg,nCT,test
nCT/nCT9299.jpg,nCT,test
nCT/nCT9300.jpg,nCT,test
nCT/nCT9301.jpg,nCT,test
nCT/nCT9302.jpg,nCT,test
nCT/nCT9303.jpg,nCT,test
nCT/nCT9304.jpg,nCT,test
nCT/nCT9305.jpg,nCT,test
nCT/nCT9306.jpg,nCT,test
nCT/nCT9307.jpg,nCT,test
nCT/nCT9308.jpg,nCT,test
nCT/nCT9309.jpg,nCT,test
nCT/nCT9310.jpg,nCT,test
nCT/nCT9311.jpg,nCT,test
nCT/nCT9312.jpg,nCT,test
nCT/nCT9313.jpg,nCT,test
nCT/nCT9314.jpg,nCT,test
nCT/nCT9315.jpg,nCT,test
nCT/nCT9316.jpg,nCT,test
nCT/nCT9317.jpg,nCT,test
nCT/nCT9318.jpg,nCT,test
nCT/nCT9319.jpg,nCT,test
nCT/nCT9320.jpg,nCT,test
nCT/nCT9321.jpg,nCT,test
nCT/nCT9322.jpg,nCT,test
nCT/nCT9323.jpg,nCT,test
nCT/nCT9324.jpg,nCT,test
nCT/nCT9325.jpg,nCT,test
nCT/nCT9326.jpg,nCT,test
nCT/nCT9327.jpg,nCT,test
nCT/nCT9328.jpg,nCT,test
nCT/nCT9329.jpg,nCT,test
nCT/nCT9330.jpg,nCT,test
nCT/nCT9331.jpg,nCT,test
nCT/nCT9332.jpg,nCT,test
nCT/nCT9333.jpg,nCT,test
nCT/nCT9334.jpg,nCT,test
nCT/nCT9335.jpg,nCT,test
nCT/nCT9336.jpg,nCT,test
nCT/nCT9337.jpg,nCT,test
nCT/nCT9338.jpg,nCT,test
nCT/nCT9339.jpg,nCT,test
nCT/nCT9340.jpg,nCT,test
nCT/nCT9341.jpg,nCT,test
nCT/nCT9342.jpg,nCT,test
nCT/nCT9343.jpg,nCT,test
nCT/nCT9344.jpg,nCT,test
nCT/nCT9345.jpg,nCT,test
nCT/nCT9346.jpg,nCT,test
nCT/nCT9347.jpg,nCT,test
nCT/nCT9348.jpg,nCT,test
nCT/nCT9349.jpg,nCT,test
nCT/nCT9350.jpg,nCT,test
nCT/nCT9351.jpg,nCT,test
nCT/nCT9352.jpg,nCT,test
nCT/nCT9353.jpg,nCT,test
nCT/nCT9354.jpg,nCT,test
nCT/nCT9355.jpg,nCT,test
nCT/nCT9356.jpg,nCT,test
nCT/nCT9357.jpg,nCT,test
nCT/nCT9358.jpg,nCT,test
nCT/nCT9359.jpg,nCT,test
nCT/nCT9360.jpg,nCT,test
nCT/nCT9361.jpg,nCT,test
nCT/nCT9362.jpg,nCT,test
nCT/nCT9363.jpg,nCT,test
nCT/nCT9364.jpg,nCT,test
nCT/nCT9365.jpg,nCT,test
nCT/nCT9366.jpg,nCT,test
nCT/nCT9367.jpg,nCT,test
nCT/nCT9368.jpg,nCT,test
nCT/nCT9369.jpg,nCT,test
nCT/nCT9370.jpg,nCT,test
nCT/nCT9371.jpg,nCT,test
nCT/nCT9372.jpg,nCT,test
nCT/nCT9373.jpg,nCT,test
nCT/nCT9374.jpg,nCT,test
nCT/nCT9375.jpg,nCT,test
nCT/nCT9376.jpg,nCT,test
nCT/nCT9377.jpg,nCT,test
nCT/nCT9378.jpg,nCT,test
nCT/nCT9379.jpg,nCT,test
nCT/nCT9380.jpg,nCT,test
nCT/nCT9381.jpg,nCT,test
nCT/nCT9382.jpg,nCT,test
nCT/nCT9383.jpg,nCT,test
nCT/nCT9384.jpg,nCT,test
nCT/nCT9385.jpg,nCT,test
nCT/nCT9386.jpg,nCT,test
nCT/nCT9387.jpg,nCT,test
nCT/nCT9388.jpg,nCT,test
nCT/nCT9389.jpg,nCT,test
nCT/nCT9390.jpg,nCT,test
nCT/nCT9391.jpg,nCT,test
nCT/nCT9392.jpg,nCT,test
nCT/nCT9393.jpg,nCT,test
nCT/nCT9394.jpg,nCT,test
nCT/nCT9395.jpg,nCT,test
nCT/nCT9396.jpg,nCT,test
nCT/nCT9397.jpg,nCT,test
nCT/nCT9398.jpg,nCT,test
nCT/nCT9399.jpg,nCT,test
nCT/nCT9400.jpg,nCT,test
nCT/nCT9401.jpg,nCT,test
nCT/nCT9402.jpg,nCT,test
nCT/nCT9403.jpg,nCT,test
nCT/nCT9404.jpg,nCT,test
nCT/nCT9405.jpg,nCT,test
nCT/nCT9406.jpg,nCT,test
nCT/nCT9407.jpg,nCT,test
nCT/nCT9408.jpg,nCT,test
nCT/nCT9409.jpg,nCT,test
nCT/nCT9410.jpg,nCT,test
nCT/nCT9411.jpg,nCT,test
nCT/nCT9412.jpg,nCT,test
nCT/nCT9413.jpg,nCT,test
nCT/nCT9414.jpg,nCT,test
nCT/nCT9415.jpg,nCT,test
nCT/nCT9416.jpg,nCT,test
nCT/nCT9417.jpg,nCT,test
nCT/nCT9418.jpg,nCT,test
nCT/nCT9419.jpg,nCT,test
nCT/nCT9420.jpg,nCT,test
nCT/nCT9421.jpg,nCT,test
nCT/nCT9422.jpg,nCT,test
nCT/nCT9423.jpg,nCT,test
nCT/nCT9424.jpg,nCT,test
nCT/nCT9425.jpg,nCT,test
nCT/nCT9426.jpg,nCT,test
nCT/nCT9427.jpg,nCT,test
nCT/nCT9428.jpg,nCT,test
nCT/nCT9429.jpg,nCT,test
nCT/nCT9430.jpg,nCT,test
nCT/nCT9431.jpg,nCT,test
nCT/nCT9432.jpg,nCT,test
nCT/nCT9433.jpg,nCT,test
nCT/nCT9434.jpg,nCT,test
nCT/nCT9435.jpg,nCT,test
nCT/nCT9436.jpg,nCT,test
nCT/nCT9437.jpg,nCT,test
nCT/nCT9438.jpg,nCT,test
nCT/nCT9439.jpg,nCT,test
nCT/nCT9440.jpg,nCT,test
nCT/nCT9441.jpg,nCT,test
nCT/nCT9442.jpg,nCT,test
nCT/nCT9443.jpg,nCT,test
nCT/nCT9444.jpg,nCT,test
nCT/nCT9445.jpg,nCT,test
nCT/nCT9446.jpg,nCT,test
nCT/nCT9447.jpg,nCT,test
nCT/nCT9448.jpg,nCT,test
nCT/nCT9449.jpg,nCT,test
nCT/nCT9450.jpg,nCT,test
nCT/nCT9451.jpg,nCT,test
nCT/nCT9452.jpg,nCT,test
nCT/nCT9453.jpg,nCT,test
nCT/nCT9454.jpg,nCT,test
nCT/nCT9455.jpg,nCT,test
nCT/nCT9456.jpg,nCT,test
nCT/nCT9457.jpg,nCT,test
nCT/nCT9458.jpg,nCT,test
nCT/nCT9459.jpg,nCT,test
nCT/nCT9460.jpg,nCT,test
nCT/nCT9461.jpg,nCT,test
nCT/nCT9462.jpg,nCT,test
nCT/nCT9463.jpg,nCT,test
nCT/nCT9464.jpg,nCT,test
nCT/nCT9465.jpg,nCT,test
nCT/nCT9466.jpg,nCT,test
nCT/nCT9467.jpg,nCT,test
nCT/nCT9468.jpg,nCT,test
nCT/nCT9469.jpg,nCT,test
nCT/nCT9470.jpg,nCT,test
nCT/nCT9471.jpg,nCT,test
nCT/nCT9472.jpg,nCT,test
nCT/nCT9473.jpg,nCT,test
nCT/nCT9474.jpg,nCT,test
nCT/nCT9475.jpg,nCT,test
nCT/nCT9476.jpg,nCT,test
nCT/nCT9477.jpg,nCT,test
nCT/nCT9478.jpg,nCT,test
nCT/nCT9479.jpg,nCT,test
nCT/nCT9480.jpg,nCT,test
nCT/nCT9481.jpg,nCT,test
nCT/nCT9482.jpg,nCT,test
nCT/nCT9483.jpg,nCT,test
nCT/nCT9484.jpg,nCT,test
nCT/nCT9485.jpg,nCT,test
nCT/nCT9486.jpg,nCT,test
nCT/nCT9487.jpg,nCT,test
nCT/nCT9488.jpg,nCT,test
nCT/nCT9489.jpg,nCT,test
nCT/nCT9490.jpg,nCT,test
nCT/nCT9491.jpg,nCT,test
nCT/nCT9492.jpg,nCT,test
nCT/nCT9493.jpg,nCT,test
nCT/nCT9494.jpg,nCT,test
nCT/nCT9495.jpg,nCT,test
nCT/nCT9496.jpg,nCT,test
nCT/nCT9497.jpg,nCT,test
nCT/nCT9498.jpg,nCT,test
nCT/nCT9499.jpg,nCT,test
nCT/nCT9500.jpg,nCT,test
nCT/nCT9501.jpg,nCT,test
nCT/nCT9502.jpg,nCT,test
nCT/nCT9503.jpg,nCT,test
nCT/nCT9504.jpg,nCT,test
nCT/nCT9505.jpg,nCT,test
nCT/nCT9506.jpg,nCT,test
nCT/nCT9507.jpg,nCT,test
nCT/nCT9508.jpg,nCT,test
nCT/nCT9509.jpg,nCT,test
nCT/nCT9510.jpg,nCT,test
nCT/nCT9511.jpg,nCT,test
nCT/nCT9512.jpg,nCT,test
nCT/nCT9513.jpg,nCT,test
nCT/nCT9514.jpg,nCT,test
nCT/nCT9515.jpg,nCT,test
nCT/nCT9516.jpg,nCT,test
nCT/nCT9517.jpg,nCT,test
nCT/nCT9518.jpg,nCT,test
nCT/nCT9519.jpg,nCT,test
nCT/nCT9520.jpg,nCT,test
nCT/nCT9521.jpg,nCT,test
nCT/nCT9522.jpg,nCT,test
nCT/nCT9523.jpg,nCT,test
nCT/nCT9524.jpg,nCT,test
nCT/nCT9525.jpg,nCT,test
nCT/nCT9526.jpg,nCT,test
nCT/nCT9527.jpg,nCT,test
nCT/nCT9528.jpg,nCT,test
nCT/nCT9529.jpg,nCT,test
nCT/nCT9530.jpg,nCT,test
nCT/nCT9531.jpg,nCT,test
nCT/nCT9532.jpg,nCT,test
nCT/nCT9533.jpg,nCT,test
nCT/nCT9534.jpg,nCT,test
nCT/nCT9535.jpg,nCT,test
nCT/nCT9536.jpg,nCT,test
nCT/nCT9537.jpg,nCT,test
nCT/nCT9538.jpg,nCT,test
nCT/nCT9539.jpg,nCT,test
nCT/nCT9540.jpg,nCT,test
nCT/nCT9541.jpg,nCT,test
nCT/nCT9542.jpg,nCT,test
nCT/nCT9543.jpg,nCT,test
nCT/nCT9544.jpg,nCT,test
nCT/nCT9545.jpg,nCT,test
nCT/nCT9546.jpg,nCT,test
nCT/nCT9547.jpg,nCT,test
nCT/nCT9548.jpg,nCT,test
nCT/nCT9549.jpg,nCT,test
nCT/nCT9550.jpg,nCT,test
nCT/nCT9551.jpg,nCT,test
nCT/nCT9552.jpg,nCT,test
nCT/nCT9553.jpg,nCT,test
nCT/nCT9554.jpg,nCT,test
nCT/nCT9555.jpg,nCT,test
nCT/nCT9556.jpg,nCT,test
nCT/nCT9557.jpg,nCT,test
nCT/nCT9558.jpg,nCT,test
nCT/nCT9559.jpg,nCT,test
nCT/nCT9560.jpg,nCT,test
nCT/nCT9561.jpg,nCT,test
nCT/nCT9562.jpg,nCT,test
nCT/nCT9563.jpg,nCT,test
nCT/nCT9564.jpg,nCT,test
nCT/nCT9565.jpg,nCT,test
nCT/nCT9566.jpg,nCT,test
nCT/nCT9567.jpg,nCT,test
nCT/nCT9568.jpg,nCT,test
nCT/nCT9569.jpg,nCT,test
nCT/nCT9570.jpg,nCT,test
nCT/nCT9571.jpg,nCT,test
nCT/nCT9572.jpg,nCT,test
nCT/nCT9573.jpg,nCT,test
nCT/nCT9574.jpg,nCT,test
nCT/nCT9575.jpg,nCT,test
nCT/nCT9576.jpg,nCT,test
nCT/nCT9577.jpg,nCT,test
nCT/nCT9578.jpg,nCT,test
nCT/nCT9579.jpg,nCT,test
nCT/nCT9580.jpg,nCT,test
nCT/nCT9581.jpg,nCT,test
nCT/nCT9582.jpg,nCT,test
nCT/nCT9583.jpg,nCT,test
nCT/nCT9584.jpg,nCT,test
nCT/nCT9585.jpg,nCT,test
nCT/nCT9586.jpg,nCT,test
nCT/nCT9587.jpg,nCT,test
nCT/nCT9588.jpg,nCT,test
nCT/nCT9589.jpg,nCT,test
nCT/nCT9590.jpg,nCT,test
nCT/nCT9591.jpg,nCT,test
nCT/nCT9592.jpg,nCT,test
nCT/nCT9593.jpg,nCT,test
nCT/nCT9594.jpg,nCT,test
nCT/nCT9595.jpg,nCT,test
nCT/nCT9596.jpg,nCT,test
nCT/nCT9597.jpg,nCT,test
nCT/nCT9598.jpg,nCT,test
nCT/nCT9599.jpg,nCT,test
nCT/nCT9600.jpg,nCT,test
nCT/nCT9601.jpg,nCT,test
nCT/nCT9602.jpg,nCT,test
nCT/nCT9603.jpg,nCT,test
nCT/nCT9604.jpg,nCT,test
nCT/nCT9605.jpg,nCT,test
nCT/nCT9606.jpg,nCT,test
nCT/nCT9607.jpg,nCT,test
nCT/nCT9608.jpg,nCT,test
nCT/nCT9609.jpg,nCT,test
nCT/nCT9610.jpg,nCT,test
nCT/nCT9611.jpg,nCT,test
nCT/nCT9612.jpg,nCT,test
nCT/nCT9613.jpg,nCT,test
nCT/nCT9614.jpg,nCT,test
nCT/nCT9615.jpg,nCT,test
nCT/nCT9616.jpg,nCT,test
nCT/nCT9617.jpg,nCT,test
nCT/nCT9618.jpg,nCT,test
nCT/nCT9619.jpg,nCT,test
nCT/nCT9620.jpg,nCT,test
nCT/nCT9621.jpg,nCT,test
nCT/nCT9622.jpg,nCT,test
nCT/nCT9623.jpg,nCT,test
nCT/nCT9624.jpg,nCT,test
nCT/nCT9625.jpg,nCT,test
nCT/nCT9626.jpg,nCT,test
nCT/nCT9627.jpg,nCT,test
nCT/nCT9628.jpg,nCT,test
nCT/nCT9629.jpg,nCT,test
nCT/nCT9630.jpg,nCT,test
nCT/nCT9631.jpg,nCT,test
nCT/nCT9632.jpg,nCT,test
nCT/nCT9633.jpg,nCT,test
nCT/nCT9634.jpg,nCT,test
nCT/nCT9635.jpg,nCT,test
nCT/nCT9636.jpg,nCT,test
nCT/nCT9637.jpg,nCT,test
nCT/nCT9638.jpg,nCT,test
nCT/nCT9639.jpg,nCT,test
nCT/nCT9640.jpg,nCT,test
nCT/nCT9641.jpg,nCT,test
nCT/nCT9642.jpg,nCT,test
nCT/nCT9643.jpg,nCT,test
nCT/nCT9644.jpg,nCT,test
nCT/nCT9645.jpg,nCT,test
nCT/nCT9646.jpg,nCT,test
nCT/nCT9647.jpg,nCT,test
nCT/nCT9648.jpg,nCT,test
nCT/nCT9649.jpg,nCT,test
nCT/nCT9650.jpg,nCT,test
nCT/nCT9651.jpg,nCT,test
nCT/nCT9652.jpg,nCT,test
nCT/nCT9653.jpg,nCT,test
nCT/nCT9654.jpg,nCT,test
nCT/nCT9655.jpg,nCT,test
nCT/nCT9656.jpg,nCT,test
nCT/nCT9657.jpg,nCT,test
nCT/nCT9658.jpg,nCT,test
nCT/nCT9659.jpg,nCT,test
nCT/nCT9660.jpg,nCT,test
nCT/nCT9661.jpg,nCT,test
nCT/nCT9662.jpg,nCT,test
nCT/nCT9663.jpg,nCT,test
nCT/nCT9664.jpg,nCT,test
nCT/nCT9665.jpg,nCT,test
nCT/nCT9666.jpg,nCT,test
nCT/nCT9667.jpg,nCT,test
nCT/nCT9668.jpg,nCT,test
nCT/nCT9669.jpg,nCT,test
nCT/nCT9670.jpg,nCT,test
nCT/nCT9671.jpg,nCT,test
nCT/nCT9672.jpg,nCT,test
nCT/nCT9673.jpg,nCT,test
nCT/nCT9674.jpg,nCT,test
nCT/nCT9675.jpg,nCT,test
nCT/nCT9676.jpg,nCT,test
nCT/nCT9677.jpg,nCT,test
nCT/nCT9678.jpg,nCT,test
nCT/nCT9679.jpg,nCT,test
nCT/nCT9680.jpg,nCT,test
nCT/nCT9681.jpg,nCT,test
nCT/nCT9682.jpg,nCT,test
nCT/nCT9683.jpg,nCT,test
nCT/nCT9684.jpg,nCT,test
nCT/nCT9685.jpg,nCT,test
nCT/nCT9686.jpg,nCT,test
nCT/nCT9687.jpg,nCT,test
nCT/nCT9688.jpg,nCT,test
nCT/nCT9689.jpg,nCT,test
nCT/nCT9690.jpg,nCT,test
nCT/nCT9691.jpg,nCT,test
nCT/nCT9692.jpg,nCT,test
nCT/nCT9693.jpg,nCT,test
nCT/nCT9694.jpg,nCT,test
nCT/nCT9695.jpg,nCT,test
nCT/nCT9696.jpg,nCT,test
nCT/nCT9697.jpg,nCT,test
nCT/nCT9698.jpg,nCT,test
nCT/nCT9699.jpg,nCT,test
nCT/nCT9700.jpg,nCT,test
nCT/nCT9701.jpg,nCT,test
nCT/nCT9702.jpg,nCT,test
nCT/nCT9703.jpg,nCT,test
nCT/nCT9704.jpg,nCT,test
nCT/nCT9705.jpg,nCT,test
nCT/nCT9706.jpg,nCT,test
nCT/nCT9707.jpg,nCT,test
nCT/nCT9708.jpg,nCT,test
nCT/nCT9709.jpg,nCT,test
nCT/nCT9710.jpg,nCT,test
nCT/nCT9711.jpg,nCT,test
nCT/nCT9712.jpg,nCT,test
nCT/nCT9713.jpg,nCT,test
nCT/nCT9714.jpg,nCT,test
nCT/nCT9715.jpg,nCT,test
nCT/nCT9716.jpg,nCT,test
nCT/nCT9717.jpg,nCT,test
nCT/nCT9718.jpg,nCT,test
nCT/nCT9719.jpg,nCT,test
nCT/nCT9720.jpg,nCT,test
nCT/nCT9721.jpg,nCT,test
nCT/nCT9722.jpg,nCT,test
nCT/nCT9723.jpg,nCT,test
nCT/nCT9724.jpg,nCT,test
nCT/nCT9725.jpg,nCT,test
nCT/nCT9726.jpg,nCT,test
nCT/nCT9727.jpg,nCT,test
nCT/nCT9728.jpg,nCT,test
nCT/nCT9729.jpg,nCT,test
nCT/nCT9730.jpg,nCT,test
nCT/nCT9731.jpg,nCT,test
nCT/nCT9732.jpg,nCT,test
nCT/nCT9733.jpg,nCT,test
nCT/nCT9734.jpg,nCT,test
nCT/nCT9735.jpg,nCT,test
nCT/nCT9736.jpg,nCT,test
nCT/nCT9737.jpg,nCT,test
nCT/nCT9738.jpg,nCT,test
nCT/nCT9739.jpg,nCT,test
nCT/nCT9740.jpg,nCT,test
nCT/nCT9741.jpg,nCT,test
nCT/nCT9742.jpg,nCT,test
nCT/nCT9743.jpg,nCT,test
nCT/nCT9744.jpg,nCT,test
nCT/nCT9745.jpg,nCT,test
nCT/nCT9746.jpg,nCT,test
nCT/nCT9747.jpg,nCT,test
nCT/nCT9748.jpg,nCT,test
nCT/nCT9749.jpg,nCT,test
nCT/nCT9750.jpg,nCT,test
nCT/nCT9751.jpg,nCT,test
nCT/nCT9752.jpg,nCT,test
nCT/nCT9753.jpg,nCT,test
nCT/nCT9754.jpg,nCT,test
nCT/nCT9755.jpg,nCT,test
nCT/nCT9756.jpg,nCT,test
nCT/nCT9757.jpg,nCT,test
nCT/nCT9758.jpg,nCT,test
nCT/nCT9759.jpg,nCT,test
nCT/nCT9760.jpg,nCT,test
nCT/nCT9761.jpg,nCT,test
nCT/nCT9762.jpg,nCT,test
nCT/nCT9763.jpg,nCT,test
nCT/nCT9764.jpg,nCT,test
nCT/nCT9765.jpg,nCT,test
nCT/nCT9766.jpg,nCT,test
nCT/nCT9767.jpg,nCT,test
nCT/nCT9768.jpg,nCT,test
nCT/nCT9769.jpg,nCT,test
nCT/nCT9770.jpg,nCT,test
nCT/nCT9771.jpg,nCT,test
nCT/nCT9772.jpg,nCT,test
nCT/nCT9773.jpg,nCT,test
nCT/nCT9774.jpg,nCT,test
nCT/nCT9775.jpg,nCT,test
nCT/nCT9776.jpg,nCT,test
nCT/nCT9777.jpg,nCT,test
nCT/nCT9778.jpg,nCT,test
nCT/nCT9779.jpg,nCT,test
nCT/nCT9780.jpg,nCT,test
nCT/nCT9781.jpg,nCT,test
nCT/nCT9782.jpg,nCT,test
nCT/nCT9783.jpg,nCT,test
nCT/nCT9784.jpg,nCT,test
nCT/nCT9785.jpg,nCT,test
nCT/nCT9786.jpg,nCT,test
nCT/nCT9787.jpg,nCT,test
nCT/nCT9788.jpg,nCT,test
nCT/nCT9789.jpg,nCT,test
nCT/nCT9790.jpg,nCT,test
nCT/nCT9791.jpg,nCT,test
nCT/nCT9792.jpg,nCT,test
nCT/nCT9793.jpg,nCT,test
nCT/nCT9794.jpg,nCT,test
nCT/nCT9795.jpg,nCT,test
nCT/nCT9796.jpg,nCT,test
nCT/nCT9797.jpg,nCT,test
nCT/nCT9798.jpg,nCT,test
nCT/nCT9799.jpg,nCT,test
nCT/nCT9800.jpg,nCT,test
nCT/nCT9801.jpg,nCT,test
nCT/nCT9802.jpg,nCT,test
nCT/nCT9803.jpg,nCT,test
nCT/nCT9804.jpg,nCT,test
nCT/nCT9805.jpg,nCT,test
nCT/nCT9806.jpg,nCT,test
nCT/nCT9807.jpg,nCT,test
nCT/nCT9808.jpg,nCT,test
nCT/nCT9809.jpg,nCT,test
nCT/nCT9810.jpg,nCT,test
nCT/nCT9811.jpg,nCT,test
nCT/nCT9812.jpg,nCT,test
nCT/nCT9813.jpg,nCT,test
nCT/nCT9814.jpg,nCT,test
nCT/nCT9815.jpg,nCT,test
nCT/nCT9816.jpg,nCT,test
nCT/nCT9817.jpg,nCT,test
nCT/nCT9818.jpg,nCT,test
nCT/nCT9819.jpg,nCT,test
nCT/nCT9820.jpg,nCT,test
nCT/nCT9821.jpg,nCT,test
nCT/nCT9822.jpg,nCT,test
nCT/nCT9823.jpg,nCT,test
nCT/nCT9824.jpg,nCT,test
nCT/nCT9825.jpg,nCT,test
nCT/nCT9826.jpg,nCT,test
nCT/nCT9827.jpg,nCT,test
nCT/nCT9828.jpg,nCT,test
nCT/nCT9829.jpg,nCT,test
nCT/nCT9830.jpg,nCT,test
nCT/nCT9831.jpg,nCT,test
nCT/nCT9832.jpg,nCT,test
nCT/nCT9833.jpg,nCT,test
nCT/nCT9834.jpg,nCT,test
nCT/nCT9835.jpg,nCT,test
nCT/nCT9836.jpg,nCT,test
nCT/nCT9837.jpg,nCT,test
nCT/nCT9838.jpg,nCT,test
nCT/nCT9839.jpg,nCT,test
nCT/nCT9840.jpg,nCT,test
nCT/nCT9841.jpg,nCT,test
nCT/nCT9842.jpg,nCT,test
nCT/nCT9843.jpg,nCT,test
nCT/nCT9844.jpg,nCT,test
nCT/nCT9845.jpg,nCT,test
nCT/nCT9846.jpg,nCT,test
nCT/nCT9847.jpg,nCT,test
nCT/nCT9848.jpg,nCT,test
nCT/nCT9849.jpg,nCT,test
nCT/nCT9850.jpg,nCT,test
nCT/nCT9851.jpg,nCT,test
nCT/nCT9852.jpg,nCT,test
nCT/nCT9853.jpg,nCT,test
nCT/nCT9854.jpg,nCT,test
nCT/nCT9855.jpg,nCT,test
nCT/nCT9856.jpg,nCT,test
nCT/nCT9857.jpg,nCT,test
nCT/nCT9858.jpg,nCT,test
nCT/nCT9859.jpg,nCT,test
nCT/nCT9860.jpg,nCT,test
nCT/nCT9861.jpg,nCT,test
nCT/nCT9862.jpg,nCT,test
nCT/nCT9863.jpg,nCT,test
nCT/nCT9864.jpg,nCT,test
nCT/nCT9865.jpg,nCT,test
nCT/nCT9866.jpg,nCT,test
nCT/nCT9867.jpg,nCT,test
nCT/nCT9868.jpg,nCT,test
nCT/nCT9869.jpg,nCT,test
nCT/nCT9870.jpg,nCT,test
nCT/nCT9871.jpg,nCT,test
nCT/nCT9872.jpg,nCT,test
nCT/nCT9873.jpg,nCT,test
nCT/nCT9874.jpg,nCT,test
nCT/nCT9875.jpg,nCT,test
nCT/nCT9876.jpg,nCT,test
nCT/nCT9877.jpg,nCT,test
nCT/nCT9878.jpg,nCT,test
nCT/nCT9879.jpg,nCT,test
nCT/nCT9880.jpg,nCT,test
nCT/nCT9881.jpg,nCT,test
nCT/nCT9882.jpg,nCT,test
nCT/nCT9883.jpg,nCT,test
nCT/nCT9884.jpg,nCT,test
nCT/nCT9885.jpg,nCT,test
nCT/nCT9886.jpg,nCT,test
nCT/nCT9887.jpg,nCT,test
nCT/nCT9888.jpg,nCT,test
nCT/nCT9889.jpg,nCT,test
nCT/nCT9890.jpg,nCT,test
nCT/nCT9891.jpg,nCT,test
nCT/nCT9892.jpg,nCT,test
nCT/nCT9893.jpg,nCT,test
nCT/nCT9894.jpg,nCT,test
nCT/nCT9895.jpg,nCT,test
nCT/nCT9896.jpg,nCT,test
nCT/nCT9897.jpg,nCT,test
nCT/nCT9898.jpg,nCT,test
nCT/nCT9899.jpg,nCT,test
nCT/nCT9900.jpg,nCT,test
nCT/nCT9901.jpg,nCT,test
nCT/nCT9902.jpg,nCT,test
nCT/nCT9903.jpg,nCT,test
nCT/nCT9904.jpg,nCT,test
nCT/nCT9905.jpg,nCT,test
nCT/nCT9906.jpg,nCT,test
nCT/nCT9907.jpg,nCT,test
nCT/nCT9908.jpg,nCT,test
nCT/nCT9909.jpg,nCT,test
nCT/nCT9910.jpg,nCT,test
nCT/nCT9911.jpg,nCT,test
nCT/nCT9912.jpg,nCT,test
nCT/nCT9913.jpg,nCT,test
nCT/nCT9914.jpg,nCT,test
nCT/nCT9915.jpg,nCT,test
nCT/nCT9916.jpg,nCT,test
nCT/nCT9917.jpg,nCT,test
nCT/nCT9918.jpg,nCT,test
nCT/nCT9919.jpg,nCT,test
nCT/nCT9920.jpg,nCT,test
nCT/nCT9921.jpg,nCT,test
nCT/nCT9922.jpg,nCT,test
nCT/nCT9923.jpg,nCT,test
nCT/nCT9924.jpg,nCT,test
nCT/nCT9925.jpg,nCT,test
nCT/nCT9926.jpg,nCT,test
nCT/nCT9927.jpg,nCT,test
nCT/nCT9928.jpg,nCT,test
nCT/nCT9929.jpg,nCT,test
nCT/nCT9930.jpg,nCT,test
nCT/nCT9931.jpg,nCT,test
nCT/nCT9932.jpg,nCT,test
nCT/nCT9933.jpg,nCT,test
nCT/nCT9934.jpg,nCT,test
nCT/nCT9935.jpg,nCT,test
nCT/nCT9936.jpg,nCT,test
nCT/nCT9937.jpg,nCT,test
nCT/nCT9938.jpg,nCT,test
nCT/nCT9939.jpg,nCT,test
nCT/nCT9940.jpg,nCT,test
nCT/nCT9941.jpg,nCT,test
nCT/nCT9942.jpg,nCT,test
nCT/nCT9943.jpg,nCT,test
nCT/nCT9944.jpg,nCT,test
nCT/nCT9945.jpg,nCT,test
nCT/nCT9946.jpg,nCT,test
nCT/nCT9947.jpg,nCT,test
nCT/nCT9948.jpg,nCT,test
nCT/nCT9949.jpg,nCT,test
nCT/nCT9950.jpg,nCT,test
nCT/nCT9951.jpg,nCT,test
nCT/nCT9952.jpg,nCT,test
nCT/nCT9953.jpg,nCT,test
nCT/nCT9954.jpg,nCT,test
nCT/nCT9955.jpg,nCT,test
nCT/nCT9956.jpg,nCT,test
nCT/nCT9957.jpg,nCT,test
nCT/nCT9958.jpg,nCT,test
nCT/nCT9973.jpg,nCT,test
nCT/nCT9974.jpg,nCT,test
nCT/nCT9975.jpg,nCT,test
nCT/nCT9976.jpg,nCT,test
nCT/nCT9977.jpg,nCT,test
nCT/nCT9978.jpg,nCT,test
NiCT/NiCT2107.jpg,NiCT,test
NiCT/NiCT2108.jpg,NiCT,test
NiCT/NiCT2109.jpg,NiCT,test
NiCT/NiCT2112.jpg,NiCT,test
NiCT/NiCT2113.jpg,NiCT,test
NiCT/NiCT2114.jpg,NiCT,test
NiCT/NiCT2115.jpg,NiCT,test
NiCT/NiCT2116.jpg,NiCT,test
NiCT/NiCT2119.jpg,NiCT,test
NiCT/NiCT2120.jpg,NiCT,test
NiCT/NiCT2121.jpg,NiCT,test
NiCT/NiCT2122.jpg,NiCT,test
NiCT/NiCT2123.jpg,NiCT,test
NiCT/NiCT2126.jpg,NiCT,test
NiCT/NiCT2127.jpg,NiCT,test
NiCT/NiCT2128.jpg,NiCT,test
NiCT/NiCT2129.jpg,NiCT,test
NiCT/NiCT2130.jpg,NiCT,test
NiCT/NiCT2133.jpg,NiCT,test
NiCT/NiCT2134.jpg,NiCT,test
NiCT/NiCT2135.jpg,NiCT,test
NiCT/NiCT2136.jpg,NiCT,test
NiCT/NiCT2137.jpg,NiCT,test
NiCT/NiCT2140.jpg,NiCT,test
NiCT/NiCT2141.jpg,NiCT,test
NiCT/NiCT2142.jpg,NiCT,test
NiCT/NiCT2143.jpg,NiCT,test
NiCT/NiCT2144.jpg,NiCT,test
NiCT/NiCT2147.jpg,NiCT,test
NiCT/NiCT2148.jpg,NiCT,test
NiCT/NiCT2149.jpg,NiCT,test
NiCT/NiCT2150.jpg,NiCT,test
NiCT/NiCT2151.jpg,NiCT,test
NiCT/NiCT2154.jpg,NiCT,test
NiCT/NiCT2155.jpg,NiCT,test
NiCT/NiCT2156.jpg,NiCT,test
NiCT/NiCT2157.jpg,NiCT,test
NiCT/NiCT2160.jpg,NiCT,test
NiCT/NiCT2161.jpg,NiCT,test
NiCT/NiCT2162.jpg,NiCT,test
NiCT/NiCT2163.jpg,NiCT,test
NiCT/NiCT2164.jpg,NiCT,test
NiCT/NiCT2169.jpg,NiCT,test
NiCT/NiCT2170.jpg,NiCT,test
NiCT/NiCT2171.jpg,NiCT,test
NiCT/NiCT2172.jpg,NiCT,test
NiCT/NiCT2177.jpg,NiCT,test
NiCT/NiCT2178.jpg,NiCT,test
NiCT/NiCT2179.jpg,NiCT,test
NiCT/NiCT2180.jpg,NiCT,test
NiCT/NiCT2185.jpg,NiCT,test
NiCT/NiCT2186.jpg,NiCT,test
NiCT/NiCT2192.jpg,NiCT,test
NiCT/NiCT2193.jpg,NiCT,test
NiCT/NiCT2199.jpg,NiCT,test
NiCT/NiCT2200.jpg,NiCT,test
NiCT/NiCT2206.jpg,NiCT,test
NiCT/NiCT2207.jpg,NiCT,test
NiCT/NiCT2213.jpg,NiCT,test
NiCT/NiCT2214.jpg,NiCT,test
NiCT/NiCT2220.jpg,NiCT,test
NiCT/NiCT2221.jpg,NiCT,test
NiCT/NiCT2227.jpg,NiCT,test
NiCT/NiCT2228.jpg,NiCT,test
NiCT/NiCT2234.jpg,NiCT,test
NiCT/NiCT2235.jpg,NiCT,test
NiCT/NiCT2241.jpg,NiCT,test
NiCT/NiCT2242.jpg,NiCT,test
NiCT/NiCT2248.jpg,NiCT,test
NiCT/NiCT2249.jpg,NiCT,test
NiCT/NiCT2255.jpg,NiCT,test
NiCT/NiCT2256.jpg,NiCT,test
NiCT/NiCT2262.jpg,NiCT,test
NiCT/NiCT2263.jpg,NiCT,test
NiCT/NiCT2269.jpg,NiCT,test
NiCT/NiCT2270.jpg,NiCT,test
NiCT/NiCT2276.jpg,NiCT,test
NiCT/NiCT2277.jpg,NiCT,test
NiCT/NiCT2284.jpg,NiCT,test
NiCT/NiCT2285.jpg,NiCT,test
NiCT/NiCT2292.jpg,NiCT,test
NiCT/NiCT2293.jpg,NiCT,test
NiCT/NiCT2300.jpg,NiCT,test
NiCT/NiCT2301.jpg,NiCT,test
NiCT/NiCT2308.jpg,NiCT,test
NiCT/NiCT2309.jpg,NiCT,test
NiCT/NiCT2317.jpg,NiCT,test
NiCT/NiCT2318.jpg,NiCT,test
NiCT/NiCT2326.jpg,NiCT,test
NiCT/NiCT2327.jpg,NiCT,test
NiCT/NiCT2335.jpg,NiCT,test
NiCT/NiCT2336.jpg,NiCT,test
NiCT/NiCT2348.jpg,NiCT,test
NiCT/NiCT2349.jpg,NiCT,test
NiCT/NiCT2359.jpg,NiCT,test
NiCT/NiCT2360.jpg,NiCT,test
NiCT/NiCT2370.jpg,NiCT,test
NiCT/NiCT2371.jpg,NiCT,test
NiCT/NiCT2380.jpg,NiCT,test
NiCT/NiCT2390.jpg,NiCT,test
NiCT/NiCT2400.jpg,NiCT,test
NiCT/NiCT2410.jpg,NiCT,test
NiCT/NiCT2419.jpg,NiCT,test
NiCT/NiCT2428.jpg,NiCT,test
NiCT/NiCT2436.jpg,NiCT,test
NiCT/NiCT2444.jpg,NiCT,test
NiCT/NiCT2452.jpg,NiCT,test
NiCT/NiCT2460.jpg,NiCT,test
NiCT/NiCT2468.jpg,NiCT,test
NiCT/NiCT2477.jpg,NiCT,test
NiCT/NiCT2486.jpg,NiCT,test
NiCT/NiCT2495.jpg,NiCT,test
NiCT/NiCT2504.jpg,NiCT,test
NiCT/NiCT2513.jpg,NiCT,test
NiCT/NiCT2522.jpg,NiCT,test
NiCT/NiCT2531.jpg,NiCT,test
NiCT/NiCT2542.jpg,NiCT,test
NiCT/NiCT2552.jpg,NiCT,test
NiCT/NiCT2564.jpg,NiCT,test
NiCT/NiCT2575.jpg,NiCT,test
NiCT/NiCT2585.jpg,NiCT,test
NiCT/NiCT2595.jpg,NiCT,test
NiCT/NiCT2605.jpg,NiCT,test
NiCT/NiCT2615.jpg,NiCT,test
NiCT/NiCT2625.jpg,NiCT,test
NiCT/NiCT2635.jpg,NiCT,test
NiCT/NiCT4974.jpg,NiCT,test
NiCT/NiCT4975.jpg,NiCT,test
NiCT/NiCT4976.jpg,NiCT,test
NiCT/NiCT4977.jpg,NiCT,test
NiCT/NiCT4978.jpg,NiCT,test
NiCT/NiCT4979.jpg,NiCT,test
NiCT/NiCT4980.jpg,NiCT,test
NiCT/NiCT4981.jpg,NiCT,test
NiCT/NiCT4982.jpg,NiCT,test
NiCT/NiCT4983.jpg,NiCT,test
NiCT/NiCT4984.jpg,NiCT,test
NiCT/NiCT4985.jpg,NiCT,test
NiCT/NiCT4986.jpg,NiCT,test
NiCT/NiCT4987.jpg,NiCT,test
NiCT/NiCT4988.jpg,NiCT,test
NiCT/NiCT4989.jpg,NiCT,test
NiCT/NiCT4990.jpg,NiCT,test
NiCT/NiCT4991.jpg,NiCT,test
NiCT/NiCT4992.jpg,NiCT,test
NiCT/NiCT4993.jpg,NiCT,test
NiCT/NiCT4994.jpg,NiCT,test
NiCT/NiCT4995.jpg,NiCT,test
NiCT/NiCT4996.jpg,NiCT,test
NiCT/NiCT4997.jpg,NiCT,test
NiCT/NiCT4998.jpg,NiCT,test
NiCT/NiCT4999.jpg,NiCT,test
NiCT/NiCT5000.jpg,NiCT,test
NiCT/NiCT5001.jpg,NiCT,test
NiCT/NiCT5002.jpg,NiCT,test
NiCT/NiCT5003.jpg,NiCT,test
NiCT/NiCT5004.jpg,NiCT,test
NiCT/NiCT5005.jpg,NiCT,test
NiCT/NiCT5006.jpg,NiCT,test
NiCT/NiCT5007.jpg,NiCT,test
NiCT/NiCT5008.jpg,NiCT,test
NiCT/NiCT5009.jpg,NiCT,test
NiCT/NiCT5010.jpg,NiCT,test
NiCT/NiCT5011.jpg,NiCT,test
NiCT/NiCT5012.jpg,NiCT,test
NiCT/NiCT5013.jpg,NiCT,test
NiCT/NiCT5014.jpg,NiCT,test
NiCT/NiCT5015.jpg,NiCT,test
NiCT/NiCT5016.jpg,NiCT,test
NiCT/NiCT5017.jpg,NiCT,test
NiCT/NiCT5018.jpg,NiCT,test
NiCT/NiCT5019.jpg,NiCT,test
NiCT/NiCT5020.jpg,NiCT,test
NiCT/NiCT5021.jpg,NiCT,test
NiCT/NiCT5022.jpg,NiCT,test
NiCT/NiCT5023.jpg,NiCT,test
NiCT/NiCT5024.jpg,NiCT,test
NiCT/NiCT5025.jpg,NiCT,test
NiCT/NiCT5026.jpg,NiCT,test
NiCT/NiCT5027.jpg,NiCT,test
NiCT/NiCT5028.jpg,NiCT,test
NiCT/NiCT5029.jpg,NiCT,test
NiCT/NiCT5030.jpg,NiCT,test
NiCT/NiCT5031.jpg,NiCT,test
NiCT/NiCT5032.jpg,NiCT,test
NiCT/NiCT5033.jpg,NiCT,test
NiCT/NiCT5034.jpg,NiCT,test
NiCT/NiCT5035.jpg,NiCT,test
NiCT/NiCT5036.jpg,NiCT,test
NiCT/NiCT5037.jpg,NiCT,test
NiCT/NiCT5038.jpg,NiCT,test
NiCT/NiCT5039.jpg,NiCT,test
NiCT/NiCT5040.jpg,NiCT,test
NiCT/NiCT5041.jpg,NiCT,test
NiCT/NiCT5042.jpg,NiCT,test
NiCT/NiCT5043.jpg,NiCT,test
NiCT/NiCT5044.jpg,NiCT,test
NiCT/NiCT5045.jpg,NiCT,test
NiCT/NiCT5046.jpg,NiCT,test
NiCT/NiCT5047.jpg,NiCT,test
NiCT/NiCT5048.jpg,NiCT,test
NiCT/NiCT5049.jpg,NiCT,test
NiCT/NiCT5050.jpg,NiCT,test
NiCT/NiCT5051.jpg,NiCT,test
NiCT/NiCT5052.jpg,NiCT,test
NiCT/NiCT5053.jpg,NiCT,test
NiCT/NiCT5054.jpg,NiCT,test
NiCT/NiCT5055.jpg,NiCT,test
NiCT/NiCT5056.jpg,NiCT,test
NiCT/NiCT5057.jpg,NiCT,test
NiCT/NiCT5058.jpg,NiCT,test
NiCT/NiCT5059.jpg,NiCT,test
NiCT/NiCT5060.jpg,NiCT,test
NiCT/NiCT5061.jpg,NiCT,test
NiCT/NiCT5062.jpg,NiCT,test
NiCT/NiCT5063.jpg,NiCT,test
NiCT/NiCT5064.jpg,NiCT,test
NiCT/NiCT5065.jpg,NiCT,test
NiCT/NiCT5066.jpg,NiCT,test
NiCT/NiCT5067.jpg,NiCT,test
NiCT/NiCT5068.jpg,NiCT,test
NiCT/NiCT5069.jpg,NiCT,test
NiCT/NiCT5070.jpg,NiCT,test
NiCT/NiCT5071.jpg,NiCT,test
NiCT/NiCT5072.jpg,NiCT,test
NiCT/NiCT5073.jpg,NiCT,test
NiCT/NiCT5074.jpg,NiCT,test
NiCT/NiCT5075.jpg,NiCT,test
NiCT/NiCT5076.jpg,NiCT,test
NiCT/NiCT5077.jpg,NiCT,test
NiCT/NiCT5078.jpg,NiCT,test
NiCT/NiCT5079.jpg,NiCT,test
NiCT/NiCT5080.jpg,NiCT,test
NiCT/NiCT5081.jpg,NiCT,test
NiCT/NiCT5082.jpg,NiCT,test
NiCT/NiCT5083.jpg,NiCT,test
NiCT/NiCT5084.jpg,NiCT,test
NiCT/NiCT5085.jpg,NiCT,test
NiCT/NiCT5086.jpg,NiCT,test
NiCT/NiCT5087.jpg,NiCT,test
NiCT/NiCT5088.jpg,NiCT,test
NiCT/NiCT5089.jpg,NiCT,test
NiCT/NiCT5090.jpg,NiCT,test
NiCT/NiCT5091.jpg,NiCT,test
NiCT/NiCT5092.jpg,NiCT,test
NiCT/NiCT5093.jpg,NiCT,test
NiCT/NiCT5094.jpg,NiCT,test
NiCT/NiCT5095.jpg,NiCT,test
NiCT/NiCT5096.jpg,NiCT,test
NiCT/NiCT5097.jpg,NiCT,test
NiCT/NiCT5098.jpg,NiCT,test
NiCT/NiCT5099.jpg,NiCT,test
NiCT/NiCT5100.jpg,NiCT,test
NiCT/NiCT5101.jpg,NiCT,test
NiCT/NiCT5102.jpg,NiCT,test
NiCT/NiCT5103.jpg,NiCT,test
NiCT/NiCT5104.jpg,NiCT,test
NiCT/NiCT5105.jpg,NiCT,test
NiCT/NiCT5106.jpg,NiCT,test
NiCT/NiCT5107.jpg,NiCT,test
NiCT/NiCT5108.jpg,NiCT,test
NiCT/NiCT5109.jpg,NiCT,test
NiCT/NiCT5110.jpg,NiCT,test
NiCT/NiCT5111.jpg,NiCT,test
NiCT/NiCT5112.jpg,NiCT,test
NiCT/NiCT5113.jpg,NiCT,test
NiCT/NiCT5114.jpg,NiCT,test
NiCT/NiCT5115.jpg,NiCT,test
NiCT/NiCT5116.jpg,NiCT,test
NiCT/NiCT5117.jpg,NiCT,test
NiCT/NiCT5118.jpg,NiCT,test
NiCT/NiCT5119.jpg,NiCT,test
NiCT/NiCT5120.jpg,NiCT,test
NiCT/NiCT5121.jpg,NiCT,test
NiCT/NiCT5122.jpg,NiCT,test
NiCT/NiCT5123.jpg,NiCT,test
NiCT/NiCT5124.jpg,NiCT,test
NiCT/NiCT5125.jpg,NiCT,test
NiCT/NiCT5126.jpg,NiCT,test
NiCT/NiCT5127.jpg,NiCT,test
NiCT/NiCT5128.jpg,NiCT,test
NiCT/NiCT5129.jpg,NiCT,test
NiCT/NiCT5130.jpg,NiCT,test
NiCT/NiCT5131.jpg,NiCT,test
NiCT/NiCT5132.jpg,NiCT,test
NiCT/NiCT5133.jpg,NiCT,test
NiCT/NiCT5134.jpg,NiCT,test
NiCT/NiCT5135.jpg,NiCT,test
NiCT/NiCT5136.jpg,NiCT,test
NiCT/NiCT5137.jpg,NiCT,test
NiCT/NiCT5138.jpg,NiCT,test
NiCT/NiCT5139.jpg,NiCT,test
NiCT/NiCT5140.jpg,NiCT,test
NiCT/NiCT5141.jpg,NiCT,test
NiCT/NiCT5142.jpg,NiCT,test
NiCT/NiCT5143.jpg,NiCT,test
NiCT/NiCT5144.jpg,NiCT,test
NiCT/NiCT5145.jpg,NiCT,test
NiCT/NiCT5146.jpg,NiCT,test
NiCT/NiCT5147.jpg,NiCT,test
NiCT/NiCT5148.jpg,NiCT,test
NiCT/NiCT5149.jpg,NiCT,test
NiCT/NiCT5150.jpg,NiCT,test
NiCT/NiCT5151.jpg,NiCT,test
NiCT/NiCT5152.jpg,NiCT,test
NiCT/NiCT5153.jpg,NiCT,test
NiCT/NiCT5154.jpg,NiCT,test
NiCT/NiCT5155.jpg,NiCT,test
NiCT/NiCT5156.jpg,NiCT,test
NiCT/NiCT5157.jpg,NiCT,test
NiCT/NiCT5158.jpg,NiCT,test
NiCT/NiCT5159.jpg,NiCT,test
NiCT/NiCT5160.jpg,NiCT,test
NiCT/NiCT5161.jpg,NiCT,test
NiCT/NiCT5162.jpg,NiCT,test
NiCT/NiCT5163.jpg,NiCT,test
NiCT/NiCT5164.jpg,NiCT,test
NiCT/NiCT5165.jpg,NiCT,test
NiCT/NiCT5166.jpg,NiCT,test
NiCT/NiCT5167.jpg,NiCT,test
NiCT/NiCT5168.jpg,NiCT,test
NiCT/NiCT5169.jpg,NiCT,test
NiCT/NiCT5170.jpg,NiCT,test
NiCT/NiCT5171.jpg,NiCT,test
NiCT/NiCT5172.jpg,NiCT,test
NiCT/NiCT5173.jpg,NiCT,test
NiCT/NiCT5174.jpg,NiCT,test
NiCT/NiCT5175.jpg,NiCT,test
NiCT/NiCT5176.jpg,NiCT,test
NiCT/NiCT5177.jpg,NiCT,test
NiCT/NiCT5178.jpg,NiCT,test
NiCT/NiCT5179.jpg,NiCT,test
NiCT/NiCT5180.jpg,NiCT,test
NiCT/NiCT5181.jpg,NiCT,test
NiCT/NiCT5182.jpg,NiCT,test
NiCT/NiCT5183.jpg,NiCT,test
NiCT/NiCT5184.jpg,NiCT,test
NiCT/NiCT5185.jpg,NiCT,test
NiCT/NiCT5186.jpg,NiCT,test
NiCT/NiCT5187.jpg,NiCT,test
NiCT/NiCT5188.jpg,NiCT,test
NiCT/NiCT5189.jpg,NiCT,test
NiCT/NiCT5190.jpg,NiCT,test
NiCT/NiCT5191.jpg,NiCT,test
NiCT/NiCT5192.jpg,NiCT,test
NiCT/NiCT5193.jpg,NiCT,test
NiCT/NiCT5194.jpg,NiCT,test
NiCT/NiCT5195.jpg,NiCT,test
NiCT/NiCT5196.jpg,NiCT,test
NiCT/NiCT5197.jpg,NiCT,test
NiCT/NiCT5198.jpg,NiCT,test
NiCT/NiCT5199.jpg,NiCT,test
NiCT/NiCT5200.jpg,NiCT,test
NiCT/NiCT5201.jpg,NiCT,test
NiCT/NiCT5202.jpg,NiCT,test
NiCT/NiCT5203.jpg,NiCT,test
NiCT/NiCT5204.jpg,NiCT,test
NiCT/NiCT5205.jpg,NiCT,test
NiCT/NiCT5206.jpg,NiCT,test
NiCT/NiCT5207.jpg,NiCT,test
NiCT/NiCT5208.jpg,NiCT,test
NiCT/NiCT5209.jpg,NiCT,test
NiCT/NiCT5210.jpg,NiCT,test
NiCT/NiCT5211.jpg,NiCT,test
NiCT/NiCT5212.jpg,NiCT,test
NiCT/NiCT5213.jpg,NiCT,test
NiCT/NiCT5214.jpg,NiCT,test
NiCT/NiCT5215.jpg,NiCT,test
NiCT/NiCT5216.jpg,NiCT,test
NiCT/NiCT5217.jpg,NiCT,test
NiCT/NiCT5218.jpg,NiCT,test
NiCT/NiCT5219.jpg,NiCT,test
NiCT/NiCT5220.jpg,NiCT,test
NiCT/NiCT5221.jpg,NiCT,test
NiCT/NiCT5222.jpg,NiCT,test
NiCT/NiCT5223.jpg,NiCT,test
NiCT/NiCT5224.jpg,NiCT,test
NiCT/NiCT5225.jpg,NiCT,test
NiCT/NiCT5226.jpg,NiCT,test
NiCT/NiCT5227.jpg,NiCT,test
NiCT/NiCT5228.jpg,NiCT,test
NiCT/NiCT5229.jpg,NiCT,test
NiCT/NiCT5230.jpg,NiCT,test
NiCT/NiCT5231.jpg,NiCT,test
NiCT/NiCT5232.jpg,NiCT,test
NiCT/NiCT5233.jpg,NiCT,test
NiCT/NiCT5234.jpg,NiCT,test
NiCT/NiCT5235.jpg,NiCT,test
NiCT/NiCT5236.jpg,NiCT,test
NiCT/NiCT5237.jpg,NiCT,test
NiCT/NiCT5238.jpg,NiCT,test
NiCT/NiCT5239.jpg,NiCT,test
NiCT/NiCT5240.jpg,NiCT,test
NiCT/NiCT5241.jpg,NiCT,test
NiCT/NiCT5242.jpg,NiCT,test
NiCT/NiCT5243.jpg,NiCT,test
NiCT/NiCT5244.jpg,NiCT,test
NiCT/NiCT5245.jpg,NiCT,test
NiCT/NiCT5246.jpg,NiCT,test
NiCT/NiCT5247.jpg,NiCT,test
NiCT/NiCT5248.jpg,NiCT,test
NiCT/NiCT5249.jpg,NiCT,test
NiCT/NiCT5250.jpg,NiCT,test
NiCT/NiCT5251.jpg,NiCT,test
NiCT/NiCT5252.jpg,NiCT,test
NiCT/NiCT5253.jpg,NiCT,test
NiCT/NiCT5254.jpg,NiCT,test
NiCT/NiCT5255.jpg,NiCT,test
NiCT/NiCT5256.jpg,NiCT,test
NiCT/NiCT5257.jpg,NiCT,test
NiCT/NiCT5258.jpg,NiCT,test
NiCT/NiCT5259.jpg,NiCT,test
NiCT/NiCT5260.jpg,NiCT,test
NiCT/NiCT5261.jpg,NiCT,test
NiCT/NiCT5262.jpg,NiCT,test
NiCT/NiCT5263.jpg,NiCT,test
NiCT/NiCT5264.jpg,NiCT,test
NiCT/NiCT5265.jpg,NiCT,test
NiCT/NiCT5266.jpg,NiCT,test
NiCT/NiCT5267.jpg,NiCT,test
NiCT/NiCT5268.jpg,NiCT,test
NiCT/NiCT5269.jpg,NiCT,test
NiCT/NiCT5270.jpg,NiCT,test
NiCT/NiCT5271.jpg,NiCT,test
NiCT/NiCT5272.jpg,NiCT,test
NiCT/NiCT5273.jpg,NiCT,test
NiCT/NiCT5274.jpg,NiCT,test
NiCT/NiCT5275.jpg,NiCT,test
NiCT/NiCT5276.jpg,NiCT,test
NiCT/NiCT5277.jpg,NiCT,test
NiCT/NiCT5278.jpg,NiCT,test
NiCT/NiCT5279.jpg,NiCT,test
NiCT/NiCT5280.jpg,NiCT,test
NiCT/NiCT5281.jpg,NiCT,test
NiCT/NiCT5282.jpg,NiCT,test
NiCT/NiCT5283.jpg,NiCT,test
NiCT/NiCT5284.jpg,NiCT,test
NiCT/NiCT5285.jpg,NiCT,test
NiCT/NiCT5286.jpg,NiCT,test
NiCT/NiCT5287.jpg,NiCT,test
NiCT/NiCT5288.jpg,NiCT,test
NiCT/NiCT5289.jpg,NiCT,test
NiCT/NiCT5290.jpg,NiCT,test
NiCT/NiCT5291.jpg,NiCT,test
NiCT/NiCT5292.jpg,NiCT,test
NiCT/NiCT5293.jpg,NiCT,test
NiCT/NiCT5294.jpg,NiCT,test
NiCT/NiCT5295.jpg,NiCT,test
NiCT/NiCT5296.jpg,NiCT,test
NiCT/NiCT5297.jpg,NiCT,test
NiCT/NiCT5298.jpg,NiCT,test
NiCT/NiCT5299.jpg,NiCT,test
NiCT/NiCT5300.jpg,NiCT,test
NiCT/NiCT5301.jpg,NiCT,test
NiCT/NiCT5302.jpg,NiCT,test
NiCT/NiCT5303.jpg,NiCT,test
NiCT/NiCT5304.jpg,NiCT,test
NiCT/NiCT5305.jpg,NiCT,test
NiCT/NiCT5306.jpg,NiCT,test
NiCT/NiCT5307.jpg,NiCT,test
NiCT/NiCT5308.jpg,NiCT,test
NiCT/NiCT5309.jpg,NiCT,test
NiCT/NiCT5310.jpg,NiCT,test
NiCT/NiCT5311.jpg,NiCT,test
NiCT/NiCT5312.jpg,NiCT,test
NiCT/NiCT5313.jpg,NiCT,test
NiCT/NiCT5314.jpg,NiCT,test
NiCT/NiCT5315.jpg,NiCT,test
NiCT/NiCT5316.jpg,NiCT,test
NiCT/NiCT5317.jpg,NiCT,test
NiCT/NiCT5318.jpg,NiCT,test
NiCT/NiCT5319.jpg,NiCT,test
NiCT/NiCT5320.jpg,NiCT,test
NiCT/NiCT5321.jpg,NiCT,test
NiCT/NiCT5322.jpg,NiCT,test
NiCT/NiCT5323.jpg,NiCT,test
NiCT/NiCT5324.jpg,NiCT,test
NiCT/NiCT5325.jpg,NiCT,test
NiCT/NiCT5326.jpg,NiCT,test
NiCT/NiCT5327.jpg,NiCT,test
NiCT/NiCT5328.jpg,NiCT,test
NiCT/NiCT5329.jpg,NiCT,test
NiCT/NiCT5330.jpg,NiCT,test
NiCT/NiCT5331.jpg,NiCT,test
NiCT/NiCT5332.jpg,NiCT,test
NiCT/NiCT5333.jpg,NiCT,test
NiCT/NiCT5334.jpg,NiCT,test
NiCT/NiCT5335.jpg,NiCT,test
NiCT/NiCT5336.jpg,NiCT,test
NiCT/NiCT5337.jpg,NiCT,test
NiCT/NiCT5338.jpg,NiCT,test
NiCT/NiCT5339.jpg,NiCT,test
NiCT/NiCT5340.jpg,NiCT,test
NiCT/NiCT5341.jpg,NiCT,test
NiCT/NiCT5342.jpg,NiCT,test
NiCT/NiCT5343.jpg,NiCT,test
NiCT/NiCT5344.jpg,NiCT,test
NiCT/NiCT5345.jpg,NiCT,test
NiCT/NiCT5346.jpg,NiCT,test
NiCT/NiCT5347.jpg,NiCT,test
NiCT/NiCT5348.jpg,NiCT,test
NiCT/NiCT5349.jpg,NiCT,test
NiCT/NiCT5350.jpg,NiCT,test
NiCT/NiCT5351.jpg,NiCT,test
NiCT/NiCT5352.jpg,NiCT,test
NiCT/NiCT5353.jpg,NiCT,test
NiCT/NiCT5354.jpg,NiCT,test
NiCT/NiCT5355.jpg,NiCT,test
NiCT/NiCT5356.jpg,NiCT,test
NiCT/NiCT5357.jpg,NiCT,test
NiCT/NiCT5358.jpg,NiCT,test
NiCT/NiCT5359.jpg,NiCT,test
NiCT/NiCT5360.jpg,NiCT,test
NiCT/NiCT5361.jpg,NiCT,test
NiCT/NiCT5362.jpg,NiCT,test
NiCT/NiCT5363.jpg,NiCT,test
NiCT/NiCT5364.jpg,NiCT,test
NiCT/NiCT5365.jpg,NiCT,test
NiCT/NiCT5366.jpg,NiCT,test
NiCT/NiCT5367.jpg,NiCT,test
NiCT/NiCT5368.jpg,NiCT,test
NiCT/NiCT5369.jpg,NiCT,test
NiCT/NiCT5370.jpg,NiCT,test
NiCT/NiCT5371.jpg,NiCT,test
NiCT/NiCT5372.jpg,NiCT,test
NiCT/NiCT5373.jpg,NiCT,test
NiCT/NiCT5374.jpg,NiCT,test
NiCT/NiCT5375.jpg,NiCT,test
NiCT/NiCT5376.jpg,NiCT,test
NiCT/NiCT5377.jpg,NiCT,test
NiCT/NiCT5378.jpg,NiCT,test
NiCT/NiCT5379.jpg,NiCT,test
NiCT/NiCT5380.jpg,NiCT,test
NiCT/NiCT5381.jpg,NiCT,test
NiCT/NiCT5382.jpg,NiCT,test
NiCT/NiCT5383.jpg,NiCT,test
NiCT/NiCT5384.jpg,NiCT,test
NiCT/NiCT5385.jpg,NiCT,test
NiCT/NiCT5386.jpg,NiCT,test
NiCT/NiCT5387.jpg,NiCT,test
NiCT/NiCT5388.jpg,NiCT,test
NiCT/NiCT5389.jpg,NiCT,test
NiCT/NiCT5390.jpg,NiCT,test
NiCT/NiCT5391.jpg,NiCT,test
NiCT/NiCT5392.jpg,NiCT,test
NiCT/NiCT5393.jpg,NiCT,test
NiCT/NiCT5394.jpg,NiCT,test
NiCT/NiCT5395.jpg,NiCT,test
NiCT/NiCT5396.jpg,NiCT,test
NiCT/NiCT5397.jpg,NiCT,test
NiCT/NiCT5398.jpg,NiCT,test
NiCT/NiCT5399.jpg,NiCT,test
NiCT/NiCT5400.jpg,NiCT,test
NiCT/NiCT5401.jpg,NiCT,test
NiCT/NiCT5402.jpg,NiCT,test
NiCT/NiCT5403.jpg,NiCT,test
NiCT/NiCT5404.jpg,NiCT,test
NiCT/NiCT5405.jpg,NiCT,test
NiCT/NiCT5406.jpg,NiCT,test
NiCT/NiCT5407.jpg,NiCT,test
NiCT/NiCT5408.jpg,NiCT,test
NiCT/NiCT5409.jpg,NiCT,test
NiCT/NiCT5410.jpg,NiCT,test
NiCT/NiCT5411.jpg,NiCT,test
NiCT/NiCT5412.jpg,NiCT,test
NiCT/NiCT5413.jpg,NiCT,test
NiCT/NiCT5414.jpg,NiCT,test
NiCT/NiCT5415.jpg,NiCT,test
NiCT/NiCT5416.jpg,NiCT,test
NiCT/NiCT5417.jpg,NiCT,test
NiCT/NiCT5418.jpg,NiCT,test
NiCT/NiCT5419.jpg,NiCT,test
NiCT/NiCT5420.jpg,NiCT,test
NiCT/NiCT5421.jpg,NiCT,test
NiCT/NiCT5422.jpg,NiCT,test
NiCT/NiCT5423.jpg,NiCT,test
NiCT/NiCT5424.jpg,NiCT,test
NiCT/NiCT5425.jpg,NiCT,test
NiCT/NiCT5426.jpg,NiCT,test
NiCT/NiCT5427.jpg,NiCT,test
NiCT/NiCT5428.jpg,NiCT,test
NiCT/NiCT5429.jpg,NiCT,test
NiCT/NiCT5430.jpg,NiCT,test
NiCT/NiCT5431.jpg,NiCT,test
NiCT/NiCT5432.jpg,NiCT,test
NiCT/NiCT5433.jpg,NiCT,test
NiCT/NiCT5434.jpg,NiCT,test
NiCT/NiCT5435.jpg,NiCT,test
NiCT/NiCT5436.jpg,NiCT,test
NiCT/NiCT5437.jpg,NiCT,test
NiCT/NiCT5438.jpg,NiCT,test
NiCT/NiCT5439.jpg,NiCT,test
NiCT/NiCT5440.jpg,NiCT,test
NiCT/NiCT5441.jpg,NiCT,test
NiCT/NiCT5442.jpg,NiCT,test
NiCT/NiCT5443.jpg,NiCT,test
NiCT/NiCT5444.jpg,NiCT,test
NiCT/NiCT5445.jpg,NiCT,test
NiCT/NiCT5446.jpg,NiCT,test
NiCT/NiCT5447.jpg,NiCT,test
NiCT/NiCT5448.jpg,NiCT,test
NiCT/NiCT5449.jpg,NiCT,test
NiCT/NiCT5450.jpg,NiCT,test
NiCT/NiCT5451.jpg,NiCT,test
NiCT/NiCT5452.jpg,NiCT,test
NiCT/NiCT5453.jpg,NiCT,test
NiCT/NiCT5454.jpg,NiCT,test
NiCT/NiCT5455.jpg,NiCT,test
NiCT/NiCT5456.jpg,NiCT,test
NiCT/NiCT5457.jpg,NiCT,test
NiCT/NiCT5458.jpg,NiCT,test
NiCT/NiCT5459.jpg,NiCT,test
NiCT/NiCT5460.jpg,NiCT,test
NiCT/NiCT5461.jpg,NiCT,test
NiCT/NiCT5462.jpg,NiCT,test
NiCT/NiCT5463.jpg,NiCT,test
NiCT/NiCT5464.jpg,NiCT,test
NiCT/NiCT5465.jpg,NiCT,test
NiCT/NiCT5466.jpg,NiCT,test
NiCT/NiCT5467.jpg,NiCT,test
NiCT/NiCT5468.jpg,NiCT,test
NiCT/NiCT5469.jpg,NiCT,test
NiCT/NiCT5470.jpg,NiCT,test
NiCT/NiCT5471.jpg,NiCT,test
NiCT/NiCT5472.jpg,NiCT,test
NiCT/NiCT5473.jpg,NiCT,test
NiCT/NiCT5474.jpg,NiCT,test
NiCT/NiCT5475.jpg,NiCT,test
NiCT/NiCT5476.jpg,NiCT,test
NiCT/NiCT5477.jpg,NiCT,test
NiCT/NiCT5478.jpg,NiCT,test
NiCT/NiCT5479.jpg,NiCT,test
NiCT/NiCT5480.jpg,NiCT,test
NiCT/NiCT5481.jpg,NiCT,test
NiCT/NiCT5482.jpg,NiCT,test
NiCT/NiCT5483.jpg,NiCT,test
NiCT/NiCT5484.jpg,NiCT,test
NiCT/NiCT5485.jpg,NiCT,test
NiCT/NiCT5486.jpg,NiCT,test
NiCT/NiCT5487.jpg,NiCT,test
NiCT/NiCT5488.jpg,NiCT,test
NiCT/NiCT5489.jpg,NiCT,test
NiCT/NiCT5490.jpg,NiCT,test
NiCT/NiCT5491.jpg,NiCT,test
NiCT/NiCT5492.jpg,NiCT,test
NiCT/NiCT5493.jpg,NiCT,test
NiCT/NiCT5494.jpg,NiCT,test
NiCT/NiCT5495.jpg,NiCT,test
NiCT/NiCT5496.jpg,NiCT,test
NiCT/NiCT5497.jpg,NiCT,test
NiCT/NiCT5498.jpg,NiCT,test
NiCT/NiCT5499.jpg,NiCT,test
NiCT/NiCT5500.jpg,NiCT,test
NiCT/NiCT5501.jpg,NiCT,test
NiCT/NiCT5502.jpg,NiCT,test
NiCT/NiCT5503.jpg,NiCT,test
NiCT/NiCT5504.jpg,NiCT,test
NiCT/NiCT5505.jpg,NiCT,test
NiCT/NiCT5506.jpg,NiCT,test
NiCT/NiCT5507.jpg,NiCT,test
NiCT/NiCT5508.jpg,NiCT,test
NiCT/NiCT5509.jpg,NiCT,test
NiCT/NiCT5510.jpg,NiCT,test
NiCT/NiCT5511.jpg,NiCT,test
NiCT/NiCT5512.jpg,NiCT,test
NiCT/NiCT5513.jpg,NiCT,test
NiCT/NiCT5514.jpg,NiCT,test
NiCT/NiCT5515.jpg,NiCT,test
NiCT/NiCT5516.jpg,NiCT,test
NiCT/NiCT5517.jpg,NiCT,test
NiCT/NiCT5518.jpg,NiCT,test
NiCT/NiCT5519.jpg,NiCT,test
NiCT/NiCT5520.jpg,NiCT,test
NiCT/NiCT5521.jpg,NiCT,test
NiCT/NiCT5522.jpg,NiCT,test
NiCT/NiCT5523.jpg,NiCT,test
NiCT/NiCT5524.jpg,NiCT,test
NiCT/NiCT5525.jpg,NiCT,test
NiCT/NiCT5526.jpg,NiCT,test
NiCT/NiCT5527.jpg,NiCT,test
NiCT/NiCT5528.jpg,NiCT,test
NiCT/NiCT5529.jpg,NiCT,test
NiCT/NiCT5530.jpg,NiCT,test
NiCT/NiCT5531.jpg,NiCT,test
NiCT/NiCT5532.jpg,NiCT,test
NiCT/NiCT5533.jpg,NiCT,test
NiCT/NiCT5534.jpg,NiCT,test
NiCT/NiCT5535.jpg,NiCT,test
NiCT/NiCT5536.jpg,NiCT,test
NiCT/NiCT5537.jpg,NiCT,test
NiCT/NiCT5538.jpg,NiCT,test
NiCT/NiCT5539.jpg,NiCT,test
NiCT/NiCT5540.jpg,NiCT,test
NiCT/NiCT5541.jpg,NiCT,test
NiCT/NiCT5542.jpg,NiCT,test
NiCT/NiCT5543.jpg,NiCT,test
NiCT/NiCT5544.jpg,NiCT,test
NiCT/NiCT5545.jpg,NiCT,test
NiCT/NiCT5546.jpg,NiCT,test
NiCT/NiCT5547.jpg,NiCT,test
NiCT/NiCT5548.jpg,NiCT,test
NiCT/NiCT5549.jpg,NiCT,test
NiCT/NiCT5550.jpg,NiCT,test
NiCT/NiCT5551.jpg,NiCT,test
NiCT/NiCT5552.jpg,NiCT,test
NiCT/NiCT5553.jpg,NiCT,test
NiCT/NiCT5554.jpg,NiCT,test
NiCT/NiCT5555.jpg,NiCT,test
NiCT/NiCT5556.jpg,NiCT,test
NiCT/NiCT5557.jpg,NiCT,test
NiCT/NiCT5558.jpg,NiCT,test
NiCT/NiCT5559.jpg,NiCT,test
NiCT/NiCT5560.jpg,NiCT,test
NiCT/NiCT5561.jpg,NiCT,test
NiCT/NiCT5562.jpg,NiCT,test
NiCT/NiCT5563.jpg,NiCT,test
NiCT/NiCT5564.jpg,NiCT,test
NiCT/NiCT5565.jpg,NiCT,test
NiCT/NiCT5566.jpg,NiCT,test
NiCT/NiCT5567.jpg,NiCT,test
NiCT/NiCT5568.jpg,NiCT,test
NiCT/NiCT5569.jpg,NiCT,test
NiCT/NiCT5570.jpg,NiCT,test
NiCT/NiCT5571.jpg,NiCT,test
NiCT/NiCT5572.jpg,NiCT,test
NiCT/NiCT5573.jpg,NiCT,test
NiCT/NiCT5574.jpg,NiCT,test
NiCT/NiCT5575.jpg,NiCT,test
NiCT/NiCT5576.jpg,NiCT,test
NiCT/NiCT5577.jpg,NiCT,test
NiCT/NiCT5578.jpg,NiCT,test
NiCT/NiCT5579.jpg,NiCT,test
NiCT/NiCT5580.jpg,NiCT,test
NiCT/NiCT5581.jpg,NiCT,test
NiCT/NiCT5582.jpg,NiCT,test
NiCT/NiCT5583.jpg,NiCT,test
NiCT/NiCT5584.jpg,NiCT,test
NiCT/NiCT5585.jpg,NiCT,test
NiCT/NiCT5586.jpg,NiCT,test
NiCT/NiCT5587.jpg,NiCT,test
NiCT/NiCT5588.jpg,NiCT,test
NiCT/NiCT5589.jpg,NiCT,test
NiCT/NiCT5590.jpg,NiCT,test
NiCT/NiCT5591.jpg,NiCT,test
NiCT/NiCT5592.jpg,NiCT,test
NiCT/NiCT5593.jpg,NiCT,test
NiCT/NiCT5594.jpg,NiCT,test
NiCT/NiCT5595.jpg,NiCT,test
NiCT/NiCT5596.jpg,NiCT,test
NiCT/NiCT5597.jpg,NiCT,test
NiCT/NiCT5598.jpg,NiCT,test
NiCT/NiCT5599.jpg,NiCT,test
NiCT/NiCT5600.jpg,NiCT,test
NiCT/NiCT5601.jpg,NiCT,test
NiCT/NiCT5602.jpg,NiCT,test
NiCT/NiCT5603.jpg,NiCT,test
NiCT/NiCT5604.jpg,NiCT,test
NiCT/NiCT5605.jpg,NiCT,test
NiCT/NiCT5606.jpg,NiCT,test
NiCT/NiCT5607.jpg,NiCT,test
NiCT/NiCT5608.jpg,NiCT,test
NiCT/NiCT5609.jpg,NiCT,test
NiCT/NiCT5610.jpg,NiCT,test
NiCT/NiCT5611.jpg,NiCT,test
NiCT/NiCT5612.jpg,NiCT,test
NiCT/NiCT5613.jpg,NiCT,test
NiCT/NiCT5614.jpg,NiCT,test
NiCT/NiCT5615.jpg,NiCT,test
NiCT/NiCT5616.jpg,NiCT,test
NiCT/NiCT5617.jpg,NiCT,test
NiCT/NiCT5618.jpg,NiCT,test
NiCT/NiCT5619.jpg,NiCT,test
NiCT/NiCT5620.jpg,NiCT,test
NiCT/NiCT5621.jpg,NiCT,test
NiCT/NiCT5622.jpg,NiCT,test
NiCT/NiCT5623.jpg,NiCT,test
NiCT/NiCT5624.jpg,NiCT,test
NiCT/NiCT5625.jpg,NiCT,test
NiCT/NiCT5626.jpg,NiCT,test
NiCT/NiCT5627.jpg,NiCT,test
NiCT/NiCT5628.jpg,NiCT,test
NiCT/NiCT5629.jpg,NiCT,test
NiCT/NiCT5630.jpg,NiCT,test
NiCT/NiCT5631.jpg,NiCT,test
NiCT/NiCT5632.jpg,NiCT,test
NiCT/NiCT5633.jpg,NiCT,test
NiCT/NiCT5634.jpg,NiCT,test
NiCT/NiCT5635.jpg,NiCT,test
NiCT/NiCT5636.jpg,NiCT,test
NiCT/NiCT5637.jpg,NiCT,test
NiCT/NiCT5638.jpg,NiCT,test
NiCT/NiCT5639.jpg,NiCT,test
NiCT/NiCT5640.jpg,NiCT,test
NiCT/NiCT5641.jpg,NiCT,test
NiCT/NiCT5642.jpg,NiCT,test
NiCT/NiCT5643.jpg,NiCT,test
NiCT/NiCT5644.jpg,NiCT,test
NiCT/NiCT5645.jpg,NiCT,test
NiCT/NiCT5646.jpg,NiCT,test
NiCT/NiCT5647.jpg,NiCT,test
NiCT/NiCT5648.jpg,NiCT,test
NiCT/NiCT5649.jpg,NiCT,test
NiCT/NiCT5650.jpg,NiCT,test
NiCT/NiCT5651.jpg,NiCT,test
NiCT/NiCT5652.jpg,NiCT,test
NiCT/NiCT5653.jpg,NiCT,test
NiCT/NiCT5654.jpg,NiCT,test
NiCT/NiCT5655.jpg,NiCT,test
NiCT/NiCT5656.jpg,NiCT,test
NiCT/NiCT5657.jpg,NiCT,test
NiCT/NiCT5658.jpg,NiCT,test
NiCT/NiCT5659.jpg,NiCT,test
NiCT/NiCT5660.jpg,NiCT,test
NiCT/NiCT5661.jpg,NiCT,test
NiCT/NiCT5662.jpg,NiCT,test
NiCT/NiCT5663.jpg,NiCT,test
NiCT/NiCT5664.jpg,NiCT,test
NiCT/NiCT5665.jpg,NiCT,test
NiCT/NiCT5666.jpg,NiCT,test
NiCT/NiCT5667.jpg,NiCT,test
NiCT/NiCT5668.jpg,NiCT,test
NiCT/NiCT5669.jpg,NiCT,test
NiCT/NiCT5670.jpg,NiCT,test
NiCT/NiCT5671.jpg,NiCT,test
NiCT/NiCT5672.jpg,NiCT,test
NiCT/NiCT5673.jpg,NiCT,test
NiCT/NiCT5674.jpg,NiCT,test
NiCT/NiCT5675.jpg,NiCT,test
NiCT/NiCT5676.jpg,NiCT,test
NiCT/NiCT5677.jpg,NiCT,test
NiCT/NiCT5678.jpg,NiCT,test
NiCT/NiCT5679.jpg,NiCT,test
NiCT/NiCT5680.jpg,NiCT,test
NiCT/NiCT5681.jpg,NiCT,test
NiCT/NiCT5682.jpg,NiCT,test
NiCT/NiCT5683.jpg,NiCT,test
NiCT/NiCT5684.jpg,NiCT,test
NiCT/NiCT5685.jpg,NiCT,test
NiCT/NiCT5686.jpg,NiCT,test
NiCT/NiCT5687.jpg,NiCT,test
NiCT/NiCT5688.jpg,NiCT,test
NiCT/NiCT5689.jpg,NiCT,test
NiCT/NiCT5690.jpg,NiCT,test
NiCT/NiCT5691.jpg,NiCT,test
NiCT/NiCT5692.jpg,NiCT,test
NiCT/NiCT5693.jpg,NiCT,test
NiCT/NiCT5694.jpg,NiCT,test
NiCT/NiCT5695.jpg,NiCT,test
NiCT/NiCT5696.jpg,NiCT,test
NiCT/NiCT5697.jpg,NiCT,test
NiCT/NiCT5698.jpg,NiCT,test
NiCT/NiCT5699.jpg,NiCT,test
NiCT/NiCT5700.jpg,NiCT,test
NiCT/NiCT5701.jpg,NiCT,test
NiCT/NiCT5702.jpg,NiCT,test
NiCT/NiCT5703.jpg,NiCT,test
NiCT/NiCT5704.jpg,NiCT,test
NiCT/NiCT5705.jpg,NiCT,test
pCT/pCT11.jpg,pCT,test
pCT/pCT12.jpg,pCT,test
pCT/pCT4001.jpg,pCT,test
pCT/pCT3402.jpg,pCT,test
pCT/pCT3403.jpg,pCT,test
pCT/pCT3404.jpg,pCT,test
pCT/pCT3405.jpg,pCT,test
pCT/pCT3406.jpg,pCT,test
pCT/pCT3407.jpg,pCT,test
pCT/pCT3408.jpg,pCT,test
pCT/pCT3409.jpg,pCT,test
pCT/pCT3410.jpg,pCT,test
pCT/pCT3411.jpg,pCT,test
pCT/pCT3412.jpg,pCT,test
pCT/pCT3413.jpg,pCT,test
pCT/pCT3414.jpg,pCT,test
pCT/pCT3415.jpg,pCT,test
pCT/pCT3416.jpg,pCT,test
pCT/pCT3417.jpg,pCT,test
pCT/pCT3418.jpg,pCT,test
pCT/pCT3419.jpg,pCT,test
pCT/pCT3420.jpg,pCT,test
pCT/pCT3421.jpg,pCT,test
pCT/pCT3422.jpg,pCT,test
pCT/pCT3423.jpg,pCT,test
pCT/pCT3424.jpg,pCT,test
pCT/pCT3425.jpg,pCT,test
pCT/pCT3426.jpg,pCT,test
pCT/pCT3427.jpg,pCT,test
pCT/pCT3428.jpg,pCT,test
pCT/pCT3429.jpg,pCT,test
pCT/pCT3430.jpg,pCT,test
pCT/pCT3431.jpg,pCT,test
pCT/pCT3432.jpg,pCT,test
pCT/pCT3433.jpg,pCT,test
pCT/pCT3434.jpg,pCT,test
pCT/pCT3435.jpg,pCT,test
pCT/pCT3436.jpg,pCT,test
pCT/pCT3437.jpg,pCT,test
pCT/pCT3438.jpg,pCT,test
pCT/pCT3439.jpg,pCT,test
pCT/pCT3440.jpg,pCT,test
pCT/pCT3441.jpg,pCT,test
pCT/pCT3442.jpg,pCT,test
pCT/pCT3443.jpg,pCT,test
pCT/pCT3444.jpg,pCT,test
pCT/pCT3445.jpg,pCT,test
pCT/pCT3446.jpg,pCT,test
pCT/pCT3447.jpg,pCT,test
pCT/pCT3448.jpg,pCT,test
pCT/pCT3449.jpg,pCT,test
pCT/pCT3450.jpg,pCT,test
pCT/pCT3451.jpg,pCT,test
pCT/pCT3452.jpg,pCT,test
pCT/pCT3453.jpg,pCT,test
pCT/pCT3454.jpg,pCT,test
pCT/pCT3455.jpg,pCT,test
pCT/pCT3456.jpg,pCT,test
pCT/pCT3457.jpg,pCT,test
pCT/pCT3458.jpg,pCT,test
pCT/pCT3459.jpg,pCT,test
pCT/pCT3460.jpg,pCT,test
pCT/pCT3461.jpg,pCT,test
pCT/pCT3462.jpg,pCT,test
pCT/pCT3463.jpg,pCT,test
pCT/pCT3464.jpg,pCT,test
pCT/pCT3465.jpg,pCT,test
pCT/pCT3466.jpg,pCT,test
pCT/pCT3467.jpg,pCT,test
pCT/pCT3468.jpg,pCT,test
pCT/pCT3469.jpg,pCT,test
pCT/pCT3470.jpg,pCT,test
pCT/pCT3471.jpg,pCT,test
pCT/pCT3472.jpg,pCT,test
pCT/pCT3473.jpg,pCT,test
pCT/pCT3474.jpg,pCT,test
pCT/pCT3475.jpg,pCT,test
pCT/pCT3476.jpg,pCT,test
pCT/pCT3477.jpg,pCT,test
pCT/pCT3478.jpg,pCT,test
pCT/pCT3479.jpg,pCT,test
pCT/pCT3480.jpg,pCT,test
pCT/pCT3481.jpg,pCT,test
pCT/pCT3482.jpg,pCT,test
pCT/pCT3483.jpg,pCT,test
pCT/pCT3484.jpg,pCT,test
pCT/pCT3485.jpg,pCT,test
pCT/pCT3486.jpg,pCT,test
pCT/pCT3487.jpg,pCT,test
pCT/pCT3488.jpg,pCT,test
pCT/pCT3489.jpg,pCT,test
pCT/pCT3490.jpg,pCT,test
pCT/pCT3491.jpg,pCT,test
pCT/pCT3492.jpg,pCT,test
pCT/pCT3493.jpg,pCT,test
pCT/pCT3494.jpg,pCT,test
pCT/pCT3495.jpg,pCT,test
pCT/pCT3496.jpg,pCT,test
pCT/pCT3497.jpg,pCT,test
pCT/pCT3498.jpg,pCT,test
pCT/pCT3499.jpg,pCT,test
pCT/pCT3500.jpg,pCT,test
pCT/pCT3501.jpg,pCT,test
pCT/pCT3502.jpg,pCT,test
pCT/pCT3503.jpg,pCT,test
pCT/pCT3504.jpg,pCT,test
pCT/pCT3505.jpg,pCT,test
pCT/pCT3506.jpg,pCT,test
pCT/pCT3507.jpg,pCT,test
pCT/pCT3508.jpg,pCT,test
pCT/pCT3509.jpg,pCT,test
pCT/pCT3510.jpg,pCT,test
pCT/pCT3511.jpg,pCT,test
pCT/pCT3512.jpg,pCT,test
pCT/pCT3513.jpg,pCT,test
pCT/pCT3514.jpg,pCT,test
pCT/pCT3515.jpg,pCT,test
pCT/pCT3516.jpg,pCT,test
pCT/pCT3517.jpg,pCT,test
pCT/pCT3518.jpg,pCT,test
pCT/pCT3519.jpg,pCT,test
pCT/pCT3520.jpg,pCT,test
pCT/pCT3521.jpg,pCT,test
pCT/pCT3522.jpg,pCT,test
pCT/pCT3523.jpg,pCT,test
pCT/pCT3524.jpg,pCT,test
pCT/pCT3525.jpg,pCT,test
pCT/pCT3526.jpg,pCT,test
pCT/pCT3527.jpg,pCT,test
pCT/pCT3528.jpg,pCT,test
pCT/pCT3529.jpg,pCT,test
pCT/pCT3530.jpg,pCT,test
pCT/pCT3531.jpg,pCT,test
pCT/pCT3532.jpg,pCT,test
pCT/pCT3533.jpg,pCT,test
pCT/pCT3534.jpg,pCT,test
pCT/pCT3535.jpg,pCT,test
pCT/pCT3536.jpg,pCT,test
pCT/pCT3537.jpg,pCT,test
pCT/pCT3538.jpg,pCT,test
pCT/pCT3539.jpg,pCT,test
pCT/pCT3540.jpg,pCT,test
pCT/pCT3541.jpg,pCT,test
pCT/pCT3542.jpg,pCT,test
pCT/pCT3543.jpg,pCT,test
pCT/pCT3544.jpg,pCT,test
pCT/pCT3545.jpg,pCT,test
pCT/pCT3546.jpg,pCT,test
pCT/pCT3547.jpg,pCT,test
pCT/pCT3548.jpg,pCT,test
pCT/pCT3549.jpg,pCT,test
pCT/pCT3550.jpg,pCT,test
pCT/pCT3551.jpg,pCT,test
pCT/pCT3552.jpg,pCT,test
pCT/pCT3553.jpg,pCT,test
pCT/pCT3554.jpg,pCT,test
pCT/pCT3555.jpg,pCT,test
pCT/pCT3556.jpg,pCT,test
pCT/pCT3557.jpg,pCT,test
pCT/pCT3558.jpg,pCT,test
pCT/pCT3559.jpg,pCT,test
pCT/pCT3560.jpg,pCT,test
pCT/pCT3561.jpg,pCT,test
pCT/pCT3562.jpg,pCT,test
pCT/pCT3563.jpg,pCT,test
pCT/pCT3564.jpg,pCT,test
pCT/pCT3565.jpg,pCT,test
pCT/pCT3566.jpg,pCT,test
pCT/pCT3567.jpg,pCT,test
pCT/pCT3568.jpg,pCT,test
pCT/pCT3569.jpg,pCT,test
pCT/pCT3570.jpg,pCT,test
pCT/pCT3571.jpg,pCT,test
pCT/pCT3572.jpg,pCT,test
pCT/pCT3573.jpg,pCT,test
pCT/pCT3574.jpg,pCT,test
pCT/pCT3575.jpg,pCT,test
pCT/pCT3576.jpg,pCT,test
pCT/pCT3577.jpg,pCT,test
pCT/pCT3578.jpg,pCT,test
pCT/pCT3579.jpg,pCT,test
pCT/pCT3580.jpg,pCT,test
pCT/pCT3581.jpg,pCT,test
pCT/pCT3582.jpg,pCT,test
pCT/pCT3583.jpg,pCT,test
pCT/pCT3584.jpg,pCT,test
pCT/pCT3585.jpg,pCT,test
pCT/pCT3586.jpg,pCT,test
pCT/pCT3587.jpg,pCT,test
pCT/pCT3588.jpg,pCT,test
pCT/pCT3589.jpg,pCT,test
pCT/pCT3590.jpg,pCT,test
pCT/pCT3591.jpg,pCT,test
pCT/pCT3592.jpg,pCT,test
pCT/pCT3593.jpg,pCT,test
pCT/pCT3594.jpg,pCT,test
pCT/pCT3595.jpg,pCT,test
pCT/pCT3596.jpg,pCT,test
pCT/pCT3597.jpg,pCT,test
pCT/pCT3598.jpg,pCT,test
pCT/pCT3599.jpg,pCT,test
pCT/pCT3600.jpg,pCT,test
pCT/pCT3601.jpg,pCT,test
pCT/pCT3602.jpg,pCT,test
pCT/pCT3603.jpg,pCT,test
pCT/pCT3604.jpg,pCT,test
pCT/pCT3605.jpg,pCT,test
pCT/pCT3606.jpg,pCT,test
pCT/pCT3607.jpg,pCT,test
pCT/pCT3608.jpg,pCT,test
pCT/pCT3609.jpg,pCT,test
pCT/pCT3610.jpg,pCT,test
pCT/pCT3611.jpg,pCT,test
pCT/pCT3612.jpg,pCT,test
pCT/pCT3613.jpg,pCT,test
pCT/pCT3614.jpg,pCT,test
pCT/pCT3615.jpg,pCT,test
pCT/pCT3616.jpg,pCT,test
pCT/pCT3617.jpg,pCT,test
pCT/pCT3618.jpg,pCT,test
pCT/pCT3619.jpg,pCT,test
pCT/pCT3620.jpg,pCT,test
pCT/pCT3621.jpg,pCT,test
pCT/pCT3622.jpg,pCT,test
pCT/pCT3623.jpg,pCT,test
pCT/pCT3624.jpg,pCT,test
pCT/pCT3625.jpg,pCT,test
pCT/pCT3626.jpg,pCT,test
pCT/pCT3627.jpg,pCT,test
pCT/pCT3628.jpg,pCT,test
pCT/pCT3629.jpg,pCT,test
pCT/pCT3630.jpg,pCT,test
pCT/pCT3631.jpg,pCT,test
pCT/pCT3632.jpg,pCT,test
pCT/pCT3633.jpg,pCT,test
pCT/pCT3634.jpg,pCT,test
pCT/pCT3635.jpg,pCT,test
pCT/pCT3636.jpg,pCT,test
pCT/pCT3637.jpg,pCT,test
pCT/pCT3638.jpg,pCT,test
pCT/pCT3639.jpg,pCT,test
pCT/pCT3640.jpg,pCT,test
pCT/pCT3641.jpg,pCT,test
pCT/pCT3642.jpg,pCT,test
pCT/pCT3643.jpg,pCT,test
pCT/pCT3644.jpg,pCT,test
pCT/pCT3645.jpg,pCT,test
pCT/pCT3646.jpg,pCT,test
pCT/pCT3647.jpg,pCT,test
pCT/pCT3648.jpg,pCT,test
pCT/pCT3649.jpg,pCT,test
pCT/pCT3650.jpg,pCT,test
pCT/pCT3651.jpg,pCT,test
pCT/pCT3652.jpg,pCT,test
pCT/pCT3653.jpg,pCT,test
pCT/pCT3654.jpg,pCT,test
pCT/pCT3655.jpg,pCT,test
pCT/pCT3656.jpg,pCT,test
pCT/pCT3657.jpg,pCT,test
pCT/pCT3658.jpg,pCT,test
pCT/pCT3659.jpg,pCT,test
pCT/pCT3660.jpg,pCT,test
pCT/pCT3661.jpg,pCT,test
pCT/pCT3662.jpg,pCT,test
pCT/pCT3663.jpg,pCT,test
pCT/pCT3664.jpg,pCT,test
pCT/pCT3665.jpg,pCT,test
pCT/pCT3666.jpg,pCT,test
pCT/pCT3667.jpg,pCT,test
pCT/pCT3668.jpg,pCT,test
pCT/pCT3669.jpg,pCT,test
pCT/pCT3670.jpg,pCT,test
pCT/pCT3671.jpg,pCT,test
pCT/pCT3672.jpg,pCT,test
pCT/pCT3673.jpg,pCT,test
pCT/pCT3674.jpg,pCT,test
pCT/pCT3675.jpg,pCT,test
pCT/pCT3676.jpg,pCT,test
pCT/pCT3677.jpg,pCT,test
pCT/pCT3678.jpg,pCT,test
pCT/pCT3679.jpg,pCT,test
pCT/pCT3680.jpg,pCT,test
pCT/pCT3681.jpg,pCT,test
pCT/pCT3682.jpg,pCT,test
pCT/pCT3683.jpg,pCT,test
pCT/pCT3684.jpg,pCT,test
pCT/pCT3685.jpg,pCT,test
pCT/pCT3686.jpg,pCT,test
pCT/pCT3687.jpg,pCT,test
pCT/pCT3688.jpg,pCT,test
pCT/pCT3689.jpg,pCT,test
pCT/pCT3690.jpg,pCT,test
pCT/pCT3691.jpg,pCT,test
pCT/pCT3692.jpg,pCT,test
pCT/pCT3693.jpg,pCT,test
pCT/pCT3694.jpg,pCT,test
pCT/pCT3695.jpg,pCT,test
pCT/pCT3696.jpg,pCT,test
pCT/pCT3697.jpg,pCT,test
pCT/pCT3698.jpg,pCT,test
pCT/pCT3699.jpg,pCT,test
pCT/pCT3700.jpg,pCT,test
pCT/pCT3701.jpg,pCT,test
pCT/pCT3702.jpg,pCT,test
pCT/pCT3703.jpg,pCT,test
pCT/pCT3704.jpg,pCT,test
pCT/pCT3705.jpg,pCT,test
pCT/pCT3706.jpg,pCT,test
pCT/pCT3707.jpg,pCT,test
pCT/pCT3708.jpg,pCT,test
pCT/pCT3709.jpg,pCT,test
pCT/pCT3710.jpg,pCT,test
pCT/pCT3711.jpg,pCT,test
pCT/pCT3712.jpg,pCT,test
pCT/pCT3713.jpg,pCT,test
pCT/pCT3714.jpg,pCT,test
pCT/pCT3715.jpg,pCT,test
pCT/pCT3716.jpg,pCT,test
pCT/pCT3717.jpg,pCT,test
pCT/pCT3718.jpg,pCT,test
pCT/pCT3719.jpg,pCT,test
pCT/pCT3720.jpg,pCT,test
pCT/pCT3721.jpg,pCT,test
pCT/pCT3722.jpg,pCT,test
pCT/pCT3723.jpg,pCT,test
pCT/pCT3724.jpg,pCT,test
pCT/pCT3725.jpg,pCT,test
pCT/pCT3726.jpg,pCT,test
pCT/pCT3727.jpg,pCT,test
pCT/pCT3728.jpg,pCT,test
pCT/pCT3729.jpg,pCT,test
pCT/pCT3730.jpg,pCT,test
pCT/pCT3731.jpg,pCT,test
pCT/pCT3732.jpg,pCT,test
pCT/pCT3733.jpg,pCT,test
pCT/pCT3734.jpg,pCT,test
pCT/pCT3735.jpg,pCT,test
pCT/pCT3736.jpg,pCT,test
pCT/pCT3737.jpg,pCT,test
pCT/pCT3738.jpg,pCT,test
pCT/pCT3739.jpg,pCT,test
pCT/pCT3740.jpg,pCT,test
pCT/pCT3741.jpg,pCT,test
pCT/pCT3742.jpg,pCT,test
pCT/pCT3743.jpg,pCT,test
pCT/pCT3744.jpg,pCT,test
pCT/pCT3745.jpg,pCT,test
pCT/pCT3746.jpg,pCT,test
pCT/pCT3747.jpg,pCT,test
pCT/pCT3748.jpg,pCT,test
pCT/pCT3749.jpg,pCT,test
pCT/pCT3750.jpg,pCT,test
pCT/pCT3751.jpg,pCT,test
pCT/pCT3752.jpg,pCT,test
pCT/pCT3753.jpg,pCT,test
pCT/pCT3754.jpg,pCT,test
pCT/pCT3755.jpg,pCT,test
pCT/pCT3756.jpg,pCT,test
pCT/pCT3757.jpg,pCT,test
pCT/pCT3758.jpg,pCT,test
pCT/pCT3759.jpg,pCT,test
pCT/pCT3760.jpg,pCT,test
pCT/pCT3761.jpg,pCT,test
pCT/pCT3762.jpg,pCT,test
pCT/pCT3763.jpg,pCT,test
pCT/pCT3764.jpg,pCT,test
pCT/pCT3765.jpg,pCT,test
pCT/pCT3766.jpg,pCT,test
pCT/pCT3767.jpg,pCT,test
pCT/pCT3768.jpg,pCT,test
pCT/pCT3769.jpg,pCT,test
pCT/pCT3770.jpg,pCT,test
pCT/pCT3771.jpg,pCT,test
pCT/pCT3772.jpg,pCT,test
pCT/pCT3773.jpg,pCT,test
pCT/pCT3774.jpg,pCT,test
pCT/pCT3775.jpg,pCT,test
pCT/pCT3776.jpg,pCT,test
pCT/pCT3777.jpg,pCT,test
pCT/pCT3778.jpg,pCT,test
pCT/pCT3779.jpg,pCT,test
pCT/pCT3780.jpg,pCT,test
pCT/pCT3781.jpg,pCT,test
pCT/pCT3782.jpg,pCT,test
pCT/pCT3783.jpg,pCT,test
pCT/pCT3784.jpg,pCT,test
pCT/pCT3785.jpg,pCT,test
pCT/pCT3786.jpg,pCT,test
pCT/pCT3787.jpg,pCT,test
pCT/pCT3788.jpg,pCT,test
pCT/pCT3789.jpg,pCT,test
pCT/pCT3790.jpg,pCT,test
pCT/pCT3791.jpg,pCT,test
pCT/pCT3792.jpg,pCT,test
pCT/pCT3793.jpg,pCT,test
pCT/pCT3794.jpg,pCT,test
pCT/pCT3795.jpg,pCT,test
pCT/pCT3796.jpg,pCT,test
pCT/pCT3797.jpg,pCT,test
pCT/pCT3798.jpg,pCT,test
pCT/pCT3799.jpg,pCT,test
pCT/pCT3800.jpg,pCT,test
pCT/pCT3801.jpg,pCT,test
pCT/pCT3802.jpg,pCT,test
pCT/pCT3803.jpg,pCT,test
pCT/pCT3804.jpg,pCT,test
pCT/pCT3805.jpg,pCT,test
pCT/pCT3806.jpg,pCT,test
pCT/pCT3807.jpg,pCT,test
pCT/pCT3808.jpg,pCT,test
pCT/pCT3809.jpg,pCT,test
pCT/pCT3810.jpg,pCT,test
pCT/pCT3811.jpg,pCT,test
pCT/pCT3812.jpg,pCT,test
pCT/pCT3813.jpg,pCT,test
pCT/pCT3814.jpg,pCT,test
pCT/pCT3815.jpg,pCT,test
pCT/pCT3816.jpg,pCT,test
pCT/pCT3817.jpg,pCT,test
pCT/pCT3818.jpg,pCT,test
pCT/pCT3819.jpg,pCT,test
pCT/pCT3820.jpg,pCT,test
pCT/pCT3821.jpg,pCT,test
pCT/pCT3822.jpg,pCT,test
pCT/pCT3823.jpg,pCT,test
pCT/pCT3824.jpg,pCT,test
pCT/pCT3825.jpg,pCT,test
pCT/pCT3826.jpg,pCT,test
pCT/pCT3827.jpg,pCT,test
pCT/pCT3828.jpg,pCT,test
pCT/pCT3829.jpg,pCT,test
pCT/pCT3830.jpg,pCT,test
pCT/pCT3831.jpg,pCT,test
pCT/pCT3832.jpg,pCT,test
pCT/pCT3833.jpg,pCT,test
pCT/pCT3834.jpg,pCT,test
pCT/pCT3835.jpg,pCT,test
pCT/pCT3836.jpg,pCT,test
pCT/pCT3837.jpg,pCT,test
pCT/pCT3838.jpg,pCT,test
pCT/pCT3839.jpg,pCT,test
pCT/pCT3840.jpg,pCT,test
pCT/pCT3841.jpg,pCT,test
pCT/pCT3842.jpg,pCT,test
pCT/pCT3843.jpg,pCT,test
pCT/pCT3844.jpg,pCT,test
pCT/pCT3845.jpg,pCT,test
pCT/pCT3846.jpg,pCT,test
pCT/pCT3847.jpg,pCT,test
pCT/pCT3848.jpg,pCT,test
pCT/pCT3849.jpg,pCT,test
pCT/pCT3850.jpg,pCT,test
pCT/pCT3851.jpg,pCT,test
pCT/pCT3852.jpg,pCT,test
pCT/pCT3853.jpg,pCT,test
pCT/pCT3854.jpg,pCT,test
pCT/pCT3855.jpg,pCT,test
pCT/pCT3856.jpg,pCT,test
pCT/pCT3857.jpg,pCT,test
pCT/pCT3858.jpg,pCT,test
pCT/pCT3859.jpg,pCT,test
pCT/pCT3860.jpg,pCT,test
pCT/pCT3861.jpg,pCT,test
pCT/pCT3862.jpg,pCT,test
pCT/pCT3863.jpg,pCT,test
pCT/pCT3864.jpg,pCT,test
pCT/pCT3865.jpg,pCT,test
pCT/pCT3866.jpg,pCT,test
pCT/pCT3867.jpg,pCT,test
pCT/pCT3868.jpg,pCT,test
pCT/pCT3869.jpg,pCT,test
pCT/pCT3870.jpg,pCT,test
pCT/pCT3871.jpg,pCT,test
pCT/pCT3872.jpg,pCT,test
pCT/pCT3873.jpg,pCT,test
pCT/pCT3874.jpg,pCT,test
pCT/pCT3875.jpg,pCT,test
pCT/pCT3876.jpg,pCT,test
pCT/pCT3877.jpg,pCT,test
pCT/pCT3878.jpg,pCT,test
pCT/pCT3879.jpg,pCT,test
pCT/pCT3880.jpg,pCT,test
pCT/pCT3881.jpg,pCT,test
pCT/pCT3882.jpg,pCT,test
pCT/pCT3883.jpg,pCT,test
pCT/pCT3884.jpg,pCT,test
pCT/pCT3885.jpg,pCT,test
pCT/pCT3886.jpg,pCT,test
pCT/pCT3887.jpg,pCT,test
pCT/pCT3888.jpg,pCT,test
pCT/pCT3889.jpg,pCT,test
pCT/pCT3890.jpg,pCT,test
pCT/pCT3891.jpg,pCT,test
pCT/pCT3892.jpg,pCT,test
pCT/pCT3893.jpg,pCT,test
pCT/pCT3894.jpg,pCT,test
pCT/pCT3895.jpg,pCT,test
pCT/pCT3896.jpg,pCT,test
pCT/pCT3897.jpg,pCT,test
pCT/pCT3898.jpg,pCT,test
pCT/pCT3899.jpg,pCT,test
pCT/pCT3900.jpg,pCT,test
pCT/pCT3901.jpg,pCT,test
pCT/pCT3902.jpg,pCT,test
pCT/pCT3903.jpg,pCT,test
pCT/pCT3904.jpg,pCT,test
pCT/pCT3905.jpg,pCT,test
pCT/pCT3906.jpg,pCT,test
pCT/pCT3907.jpg,pCT,test
pCT/pCT3908.jpg,pCT,test
pCT/pCT3909.jpg,pCT,test
pCT/pCT3910.jpg,pCT,test
pCT/pCT3911.jpg,pCT,test
pCT/pCT3912.jpg,pCT,test
pCT/pCT3913.jpg,pCT,test
pCT/pCT3914.jpg,pCT,test
pCT/pCT3915.jpg,pCT,test
pCT/pCT3916.jpg,pCT,test
pCT/pCT3917.jpg,pCT,test
pCT/pCT3918.jpg,pCT,test
pCT/pCT3919.jpg,pCT,test
pCT/pCT3920.jpg,pCT,test
pCT/pCT3921.jpg,pCT,test
pCT/pCT3922.jpg,pCT,test
pCT/pCT3923.jpg,pCT,test
pCT/pCT3924.jpg,pCT,test
pCT/pCT3925.jpg,pCT,test
pCT/pCT3926.jpg,pCT,test
pCT/pCT3927.jpg,pCT,test
pCT/pCT3928.jpg,pCT,test
pCT/pCT3929.jpg,pCT,test
pCT/pCT3930.jpg,pCT,test
pCT/pCT3931.jpg,pCT,test
pCT/pCT3932.jpg,pCT,test
pCT/pCT3933.jpg,pCT,test
pCT/pCT3934.jpg,pCT,test
pCT/pCT3935.jpg,pCT,test
pCT/pCT3936.jpg,pCT,test
pCT/pCT3937.jpg,pCT,test
pCT/pCT3938.jpg,pCT,test
pCT/pCT3939.jpg,pCT,test
pCT/pCT3940.jpg,pCT,test
pCT/pCT3941.jpg,pCT,test
pCT/pCT3942.jpg,pCT,test
pCT/pCT3943.jpg,pCT,test
pCT/pCT3944.jpg,pCT,test
pCT/pCT3945.jpg,pCT,test
pCT/pCT3946.jpg,pCT,test
pCT/pCT3947.jpg,pCT,test
pCT/pCT3948.jpg,pCT,test
pCT/pCT3949.jpg,pCT,test
pCT/pCT3950.jpg,pCT,test
pCT/pCT3951.jpg,pCT,test
pCT/pCT3952.jpg,pCT,test
pCT/pCT3953.jpg,pCT,test
pCT/pCT3954.jpg,pCT,test
pCT/pCT3955.jpg,pCT,test
pCT/pCT3956.jpg,pCT,test
pCT/pCT3957.jpg,pCT,test
pCT/pCT3958.jpg,pCT,test
pCT/pCT3959.jpg,pCT,test
pCT/pCT3960.jpg,pCT,test
pCT/pCT3961.jpg,pCT,test
pCT/pCT3962.jpg,pCT,test
pCT/pCT3963.jpg,pCT,test
pCT/pCT3964.jpg,pCT,test
pCT/pCT3965.jpg,pCT,test
pCT/pCT3966.jpg,pCT,test
pCT/pCT3967.jpg,pCT,test
pCT/pCT3968.jpg,pCT,test
pCT/pCT3969.jpg,pCT,test
pCT/pCT3970.jpg,pCT,test
pCT/pCT3971.jpg,pCT,test
pCT/pCT3972.jpg,pCT,test
pCT/pCT3973.jpg,pCT,test
pCT/pCT3974.jpg,pCT,test
pCT/pCT3975.jpg,pCT,test
pCT/pCT3976.jpg,pCT,test
pCT/pCT3977.jpg,pCT,test
pCT/pCT3978.jpg,pCT,test
pCT/pCT3979.jpg,pCT,test
pCT/pCT3980.jpg,pCT,test
pCT/pCT3981.jpg,pCT,test
pCT/pCT3982.jpg,pCT,test
pCT/pCT3983.jpg,pCT,test
pCT/pCT3984.jpg,pCT,test
pCT/pCT3985.jpg,pCT,test
pCT/pCT3986.jpg,pCT,test
pCT/pCT3987.jpg,pCT,test
pCT/pCT3988.jpg,pCT,test
pCT/pCT3989.jpg,pCT,test
pCT/pCT3990.jpg,pCT,test
pCT/pCT3991.jpg,pCT,test
pCT/pCT3992.jpg,pCT,test
pCT/pCT3993.jpg,pCT,test
pCT/pCT3994.jpg,pCT,test
pCT/pCT3995.jpg,pCT,test
pCT/pCT3996.jpg,pCT,test
pCT/pCT3997.jpg,pCT,test
pCT/pCT3998.jpg,pCT,test
pCT/pCT3999.jpg,pCT,test
pCT/pCT4000.jpg,pCT,test
